{
    "__comment": "Model generated using MrCrayfish's Model Creator (https://mrcrayfish.com/tools?id=mc)",
    "textures": {
        "white_concrete_powder": "minecraft:block/white_concrete_powder",
        "white_wool": "minecraft:block/white_wool",
        "jungle_planks": "minecraft:block/jungle_planks"
    },
    "display": {
        "gui": {
            "rotation": [ 30, 45, 0 ],
            "translation": [ 0, 0, 0 ],
            "scale": [ 0.625, 0.625, 0.625 ]
        },
        "ground": {
            "rotation": [ 0, 0, 0 ],
            "translation": [ 0, 3, 0 ],
            "scale": [ 0.25, 0.25, 0.25 ]
        },
        "fixed": {
            "rotation": [ 0, 180, 0 ],
            "translation": [ 0, 0, 0 ],
            "scale": [ 1, 1, 1 ]
        },
        "head": {
            "rotation": [ 0, 180, 0 ],
            "translation": [ 0, 0, 0 ],
            "scale": [ 1, 1, 1 ]
        },
        "firstperson_righthand": {
            "rotation": [ 0, 315, 0 ],
            "translation": [ 0, 2.5, 0 ],
            "scale": [ 0.4, 0.4, 0.4 ]
        },
        "thirdperson_righthand": {
            "rotation": [ 75, 315, 0 ],
            "translation": [ 0, 2.5, 0 ],
            "scale": [ 0.375, 0.375, 0.375 ]
        }
    },
    "elements": [
        {
            "name": "Leg 1.2",
            "from": [ 0, 0, 0 ], 
            "to": [ 2, 5, 2 ], 
            "faces": {
                "north": { "texture": "#jungle_planks", "uv": [ 0, 0, 4, 10 ] },
                "east": { "texture": "#jungle_planks", "uv": [ 0, 0, 4, 10 ] },
                "south": { "texture": "#jungle_planks", "uv": [ 0, 0, 4, 10 ] },
                "west": { "texture": "#jungle_planks", "uv": [ 0, 0, 4, 10 ] },
                "up": { "texture": "#jungle_planks", "uv": [ 0, 0, 16, 16 ] },
                "down": { "texture": "#jungle_planks", "uv": [ 0, 0, 16, 16 ] }
            }
        },
        {
            "name": "Leg 2.2",
            "from": [ 14, 0, 0 ], 
            "to": [ 16, 5, 2 ], 
            "faces": {
                "north": { "texture": "#jungle_planks", "uv": [ 0, 0, 4, 10 ] },
                "east": { "texture": "#jungle_planks", "uv": [ 0, 0, 4, 10 ] },
                "south": { "texture": "#jungle_planks", "uv": [ 0, 0, 4, 10 ] },
                "west": { "texture": "#jungle_planks", "uv": [ 0, 0, 4, 10 ] },
                "up": { "texture": "#jungle_planks", "uv": [ 0, 0, 16, 17 ] },
                "down": { "texture": "#jungle_planks", "uv": [ 0, 0, 16, 16 ] }
            }
        },
        {
            "name": "Leg 3.2",
            "from": [ 14, 0, 29 ], 
            "to": [ 16, 5, 31 ], 
            "faces": {
                "north": { "texture": "#jungle_planks", "uv": [ 0, 0, 4, 7 ] },
                "east": { "texture": "#jungle_planks", "uv": [ 0, 0, 4, 10 ] },
                "south": { "texture": "#jungle_planks", "uv": [ 0, 0, 4, 10 ] },
                "west": { "texture": "#jungle_planks", "uv": [ 0, 0, 4, 10 ] },
                "up": { "texture": "#jungle_planks", "uv": [ 0, 0, 16, 16 ] },
                "down": { "texture": "#jungle_planks", "uv": [ 0, 0, 16, 16 ] }
            }
        },
        {
            "name": "Leg 4.2",
            "from": [ 0, 0, 29 ], 
            "to": [ 2, 5, 31 ], 
            "faces": {
                "north": { "texture": "#jungle_planks", "uv": [ 1, 7, 6, 12 ] },
                "east": { "texture": "#jungle_planks", "uv": [ 9, 7, 14, 12 ] },
                "south": { "texture": "#jungle_planks", "uv": [ 6, 6, 11, 11 ] },
                "west": { "texture": "#jungle_planks", "uv": [ 1, 7, 6, 12 ] },
                "up": { "texture": "#jungle_planks", "uv": [ 6, 1, 11, 6 ] },
                "down": { "texture": "#jungle_planks", "uv": [ 8, 6, 12, 11 ] }
            }
        },
        {
            "name": "Frame 1",
            "from": [ -0.1, 3.2, -0.1 ], 
            "to": [ 16.1, 5.2, 1 ], 
            "faces": {
                "north": { "texture": "#jungle_planks", "uv": [ 0, 2, 16, 6 ] },
                "east": { "texture": "#jungle_planks", "uv": [ 0, 2, 3, 6 ] },
                "south": { "texture": "#jungle_planks", "uv": [ 0, 2, 16, 6 ] },
                "west": { "texture": "#jungle_planks", "uv": [ 0, 2, 3, 6 ] },
                "up": { "texture": "#jungle_planks", "uv": [ 0, 2, 15, 4 ] },
                "down": { "texture": "#jungle_planks", "uv": [ 0, 2, 16, 4 ] }
            }
        },
        {
            "name": "Frame 2",
            "from": [ -0.1, 3.2, 30 ], 
            "to": [ 16.1, 5.2, 31.1 ], 
            "faces": {
                "north": { "texture": "#jungle_planks", "uv": [ 0, 2, 16, 4 ] },
                "east": { "texture": "#jungle_planks", "uv": [ 0, 2, 3, 6 ] },
                "south": { "texture": "#jungle_planks", "uv": [ 0, 2, 16, 6 ] },
                "west": { "texture": "#jungle_planks", "uv": [ 0, 1, 4, 6 ] },
                "down": { "texture": "#jungle_planks", "uv": [ 0, 1, 16, 4.1 ] }
            }
        },
        {
            "name": "Frame 3",
            "from": [ -0.1, 3.2, 1 ], 
            "to": [ 1, 5.2, 30 ], 
            "faces": {
                "east": { "texture": "#jungle_planks", "uv": [ 0, 2, 16, 6 ] },
                "west": { "texture": "#jungle_planks", "uv": [ 0, 2, 16, 6 ] },
                "up": { "texture": "#jungle_planks", "uv": [ 0, 2, 4, 6 ] },
                "down": { "texture": "#jungle_planks", "uv": [ 0, 2, 4, 6 ] }
            }
        },
        {
            "name": "Frame 4",
            "from": [ 15.1, 3.2, 1 ], 
            "to": [ 16.1, 5.2, 30.1 ], 
            "faces": {
                "east": { "texture": "#jungle_planks", "uv": [ 0, 2, 16, 6 ] },
                "west": { "texture": "#jungle_planks", "uv": [ 0, 0, 16, 2 ] },
                "up": { "texture": "#jungle_planks", "uv": [ 0, 0, 1, 16 ] },
                "down": { "texture": "#jungle_planks", "uv": [ 0, 0, 1, 16 ] }
            }
        },
        {
            "name": "Frame 5",
            "from": [ 0.1, 3.2, 4 ], 
            "to": [ 15.1, 4.2, 5.1 ], 
            "faces": {
                "north": { "texture": "#jungle_planks", "uv": [ 0, 0, 15, 3 ] },
                "south": { "texture": "#jungle_planks", "uv": [ 0, 0, 15, 4 ] },
                "up": { "texture": "#jungle_planks", "uv": [ 0, 2, 15, 5.1 ] },
                "down": { "texture": "#jungle_planks", "uv": [ 0, 0, 15, 3.1 ] }
            }
        },
        {
            "name": "Frame Stand",
            "from": [ 7.5, 7, 2.4 ], 
            "to": [ 8.5, 8, 6.2 ], 
            "rotation": { "origin": [ 8, 8, 8 ], "axis": "x", "angle": -45.0 },
            "faces": {
                "north": { "texture": "#jungle_planks", "uv": [ 0, 0, 1, 1 ] },
                "east": { "texture": "#jungle_planks", "uv": [ 0, 0, 3.8, 1 ] },
                "south": { "texture": "#jungle_planks", "uv": [ 0, 0, 1, 1 ] },
                "west": { "texture": "#jungle_planks", "uv": [ 0, 0, 3.8, 1 ] },
                "up": { "texture": "#jungle_planks", "uv": [ 0, 0, 1, 3.8 ] },
                "down": { "texture": "#jungle_planks", "uv": [ 0, 0, 1, 3.8 ] }
            }
        },
        {
            "name": "Bed 1",
            "from": [ -0.2, 7.2, 0.4 ], 
            "to": [ 16.2, 7.7, 1.5 ], 
            "rotation": { "origin": [ 8, 8, 8 ], "axis": "x", "angle": 45.0 },
            "faces": {
                "north": { "texture": "#jungle_planks", "uv": [ 0, 0, 16, 0.5 ] },
                "east": { "texture": "#jungle_planks", "uv": [ 0, 0, 16, 16 ] },
                "south": { "texture": "#jungle_planks", "uv": [ 0, 0, 16, 0.5 ] },
                "west": { "texture": "#jungle_planks", "uv": [ 0, 0, 16, 16 ] },
                "up": { "texture": "#jungle_planks", "uv": [ 0, 0, 16, 1.1 ] },
                "down": { "texture": "#jungle_planks", "uv": [ 0, 0, 16, 1.1 ] }
            }
        },
        {
            "name": "Frame Stand2",
            "from": [ 7.5, 6.2, 0.5 ], 
            "to": [ 8.5, 7.2, 11.5 ], 
            "rotation": { "origin": [ 8, 8, 8 ], "axis": "x", "angle": 45.0 },
            "faces": {
                "north": { "texture": "#jungle_planks", "uv": [ 0, 0, 1, 1 ] },
                "east": { "texture": "#jungle_planks", "uv": [ 0, 0, 11, 1 ] },
                "south": { "texture": "#jungle_planks", "uv": [ 0, 0, 1, 1 ] },
                "west": { "texture": "#jungle_planks", "uv": [ 0, 0, 11, 1 ] },
                "up": { "texture": "#jungle_planks", "uv": [ 0, 0, 1, 11 ] },
                "down": { "texture": "#jungle_planks", "uv": [ 0, 0, 1, 11 ] }
            }
        },
        {
            "name": "Frame Stand3",
            "from": [ 7.5, 4.2, 9.4 ], 
            "to": [ 8.5, 5.2, 30.4 ], 
            "faces": {
                "north": { "texture": "#jungle_planks", "uv": [ 0, 0, 1, 1 ] },
                "east": { "texture": "#jungle_planks", "uv": [ 0, 0, 16, 1 ] },
                "west": { "texture": "#jungle_planks", "uv": [ 0, 0, 16, 1 ] },
                "up": { "texture": "#jungle_planks", "uv": [ 0, 0, 1, 16 ] },
                "down": { "texture": "#jungle_planks", "uv": [ 0, 0, 1, 16 ] }
            }
        },
        {
            "name": "Bed 1",
            "from": [ -0.2, 5.2, 30 ], 
            "to": [ 16.2, 5.7, 31.1 ], 
            "faces": {
                "north": { "texture": "#jungle_planks", "uv": [ 0, 0, 16, 0.5 ] },
                "east": { "texture": "#jungle_planks", "uv": [ 0, 0, 16, 16 ] },
                "south": { "texture": "#jungle_planks", "uv": [ 0, 5, 16, 5.5 ] },
                "west": { "texture": "#jungle_planks", "uv": [ 0, 0, 16, 16 ] },
                "up": { "texture": "#jungle_planks", "uv": [ 0, 0, 16, 1.1 ] },
                "down": { "texture": "#jungle_planks", "uv": [ 0, 0, 16, 1.1 ] }
            }
        },
        {
            "name": "Bed 1",
            "from": [ -0.2, 5.2, 28 ], 
            "to": [ 16.2, 5.7, 29.1 ], 
            "faces": {
                "north": { "texture": "#jungle_planks", "uv": [ 0, 0, 16, 0.5 ] },
                "east": { "texture": "#jungle_planks", "uv": [ 0, 0, 16, 16 ] },
                "south": { "texture": "#jungle_planks", "uv": [ 0, 0, 16, 0.5 ] },
                "west": { "texture": "#jungle_planks", "uv": [ 0, 0, 16, 16 ] },
                "up": { "texture": "#jungle_planks", "uv": [ 0, 0, 16, 1.1 ] },
                "down": { "texture": "#jungle_planks", "uv": [ 0, 0, 16, 1.1 ] }
            }
        },
        {
            "name": "Bed 1",
            "from": [ -0.2, 5.2, 26 ], 
            "to": [ 16.2, 5.7, 27.1 ], 
            "faces": {
                "north": { "texture": "#jungle_planks", "uv": [ 0, 0, 16, 0.5 ] },
                "east": { "texture": "#jungle_planks", "uv": [ 0, 0, 16, 16 ] },
                "south": { "texture": "#jungle_planks", "uv": [ 0, 0, 16, 0.5 ] },
                "west": { "texture": "#jungle_planks", "uv": [ 0, 0, 16, 16 ] },
                "up": { "texture": "#jungle_planks", "uv": [ 0, 0, 16, 1.1 ] },
                "down": { "texture": "#jungle_planks", "uv": [ 0, 0, 16, 1.1 ] }
            }
        },
        {
            "name": "Bed 1",
            "from": [ -0.2, 5.2, 24 ], 
            "to": [ 16.2, 5.7, 25.1 ], 
            "faces": {
                "north": { "texture": "#jungle_planks", "uv": [ 0, 0, 16, 0.5 ] },
                "east": { "texture": "#jungle_planks", "uv": [ 0, 0, 16, 16 ] },
                "south": { "texture": "#jungle_planks", "uv": [ 0, 0, 16, 0.5 ] },
                "west": { "texture": "#jungle_planks", "uv": [ 0, 0, 16, 16 ] },
                "up": { "texture": "#jungle_planks", "uv": [ 0, 0, 16, 1.1 ] },
                "down": { "texture": "#jungle_planks", "uv": [ 0, 0, 16, 1.1 ] }
            }
        },
        {
            "name": "Bed 1",
            "from": [ -0.2, 5.2, 22 ], 
            "to": [ 16.2, 5.7, 23.1 ], 
            "faces": {
                "north": { "texture": "#jungle_planks", "uv": [ 0, 0, 16, 0.5 ] },
                "east": { "texture": "#jungle_planks", "uv": [ 0, 0, 16, 16 ] },
                "south": { "texture": "#jungle_planks", "uv": [ 0, 0, 16, 0.5 ] },
                "west": { "texture": "#jungle_planks", "uv": [ 0, 0, 16, 16 ] },
                "up": { "texture": "#jungle_planks", "uv": [ 0, 0, 16, 1.1 ] },
                "down": { "texture": "#jungle_planks", "uv": [ 0, 0, 16, 1.1 ] }
            }
        },
        {
            "name": "Bed 1",
            "from": [ -0.2, 5.2, 20 ], 
            "to": [ 16.2, 5.7, 21.1 ], 
            "faces": {
                "north": { "texture": "#jungle_planks", "uv": [ 0, 0, 16, 0.5 ] },
                "east": { "texture": "#jungle_planks", "uv": [ 0, 0, 16, 16 ] },
                "south": { "texture": "#jungle_planks", "uv": [ 0, 0, 16, 0.5 ] },
                "west": { "texture": "#jungle_planks", "uv": [ 0, 0, 16, 16 ] },
                "up": { "texture": "#jungle_planks", "uv": [ 0, 0, 16, 1.1 ] },
                "down": { "texture": "#jungle_planks", "uv": [ 0, 0, 16, 1.1 ] }
            }
        },
        {
            "name": "Bed 1",
            "from": [ -0.2, 5.2, 18 ], 
            "to": [ 16.2, 5.7, 19.1 ], 
            "faces": {
                "north": { "texture": "#jungle_planks", "uv": [ 0, 0, 16, 0.5 ] },
                "east": { "texture": "#jungle_planks", "uv": [ 0, 0, 16, 16 ] },
                "south": { "texture": "#jungle_planks", "uv": [ 0, 0, 16, 0.5 ] },
                "west": { "texture": "#jungle_planks", "uv": [ 0, 0, 16, 16 ] },
                "up": { "texture": "#jungle_planks", "uv": [ 0, 0, 16, 1.1 ] },
                "down": { "texture": "#jungle_planks", "uv": [ 0, 0, 16, 1.1 ] }
            }
        },
        {
            "name": "Bed 1",
            "from": [ -0.2, 5.2, 16 ], 
            "to": [ 16.2, 5.7, 17.1 ], 
            "faces": {
                "north": { "texture": "#jungle_planks", "uv": [ 0, 0, 16, 0.5 ] },
                "east": { "texture": "#jungle_planks", "uv": [ 0, 0, 16, 16 ] },
                "south": { "texture": "#jungle_planks", "uv": [ 0, 0, 16, 0.5 ] },
                "west": { "texture": "#jungle_planks", "uv": [ 0, 0, 16, 16 ] },
                "up": { "texture": "#jungle_planks", "uv": [ 0, 0, 16, 1.1 ] },
                "down": { "texture": "#jungle_planks", "uv": [ 0, 0, 16, 1.1 ] }
            }
        },
        {
            "name": "Bed 1",
            "from": [ -0.2, 5.2, 14 ], 
            "to": [ 16.2, 5.7, 15.1 ], 
            "faces": {
                "north": { "texture": "#jungle_planks", "uv": [ 0, 0, 16, 0.5 ] },
                "east": { "texture": "#jungle_planks", "uv": [ 0, 0, 16, 16 ] },
                "south": { "texture": "#jungle_planks", "uv": [ 0, 0, 16, 0.5 ] },
                "west": { "texture": "#jungle_planks", "uv": [ 0, 0, 16, 16 ] },
                "up": { "texture": "#jungle_planks", "uv": [ 0, 0, 16, 1.1 ] },
                "down": { "texture": "#jungle_planks", "uv": [ 0, 0, 16, 1.1 ] }
            }
        },
        {
            "name": "Bed 1",
            "from": [ -0.2, 5.2, 12 ], 
            "to": [ 16.2, 5.7, 13.1 ], 
            "faces": {
                "north": { "texture": "#jungle_planks", "uv": [ 0, 0, 16, 0.5 ] },
                "east": { "texture": "#jungle_planks", "uv": [ 0, 0, 16, 16 ] },
                "south": { "texture": "#jungle_planks", "uv": [ 0, 0, 16, 0.5 ] },
                "west": { "texture": "#jungle_planks", "uv": [ 0, 0, 16, 16 ] },
                "up": { "texture": "#jungle_planks", "uv": [ 0, 0, 16, 1.1 ] },
                "down": { "texture": "#jungle_planks", "uv": [ 0, 0, 16, 1.1 ] }
            }
        },
        {
            "name": "Bed 1",
            "from": [ -0.2, 5.2, 10 ], 
            "to": [ 16.2, 5.7, 11.1 ], 
            "faces": {
                "north": { "texture": "#jungle_planks", "uv": [ 0, 0, 16, 0.5 ] },
                "east": { "texture": "#jungle_planks", "uv": [ 0, 0, 16, 16 ] },
                "south": { "texture": "#jungle_planks", "uv": [ 0, 0, 16, 0.5 ] },
                "west": { "texture": "#jungle_planks", "uv": [ 0, 0, 16, 16 ] },
                "up": { "texture": "#jungle_planks", "uv": [ 0, 0, 16, 1.1 ] },
                "down": { "texture": "#jungle_planks", "uv": [ 0, 0, 16, 1.1 ] }
            }
        },
        {
            "name": "Bed 1",
            "from": [ -0.2, 7.2, 2.4 ], 
            "to": [ 16.2, 7.7, 3.5 ], 
            "rotation": { "origin": [ 8, 8, 8 ], "axis": "x", "angle": 45.0 },
            "faces": {
                "north": { "texture": "#jungle_planks", "uv": [ 0, 0, 16, 0.5 ] },
                "east": { "texture": "#jungle_planks", "uv": [ 0, 0, 16, 16 ] },
                "south": { "texture": "#jungle_planks", "uv": [ 0, 0, 16, 0.5 ] },
                "west": { "texture": "#jungle_planks", "uv": [ 0, 0, 16, 16 ] },
                "up": { "texture": "#jungle_planks", "uv": [ 0, 0, 16, 1.1 ] },
                "down": { "texture": "#jungle_planks", "uv": [ 0, 0, 16, 1.1 ] }
            }
        },
        {
            "name": "Bed 1",
            "from": [ -0.2, 7.2, 4.4 ], 
            "to": [ 16.2, 7.7, 5.5 ], 
            "rotation": { "origin": [ 8, 8, 8 ], "axis": "x", "angle": 45.0 },
            "faces": {
                "north": { "texture": "#jungle_planks", "uv": [ 0, 0, 16, 0.5 ] },
                "east": { "texture": "#jungle_planks", "uv": [ 0, 0, 16, 16 ] },
                "south": { "texture": "#jungle_planks", "uv": [ 0, 0, 16, 0.5 ] },
                "west": { "texture": "#jungle_planks", "uv": [ 0, 0, 16, 16 ] },
                "up": { "texture": "#jungle_planks", "uv": [ 0, 0, 16, 1.1 ] },
                "down": { "texture": "#jungle_planks", "uv": [ 0, 0, 16, 1.1 ] }
            }
        },
        {
            "name": "Bed 1",
            "from": [ -0.2, 7.2, 6.4 ], 
            "to": [ 16.2, 7.7, 7.5 ], 
            "rotation": { "origin": [ 8, 8, 8 ], "axis": "x", "angle": 45.0 },
            "faces": {
                "north": { "texture": "#jungle_planks", "uv": [ 0, 0, 16, 0.5 ] },
                "east": { "texture": "#jungle_planks", "uv": [ 0, 0, 16, 16 ] },
                "south": { "texture": "#jungle_planks", "uv": [ 0, 0, 16, 0.5 ] },
                "west": { "texture": "#jungle_planks", "uv": [ 0, 0, 16, 16 ] },
                "up": { "texture": "#jungle_planks", "uv": [ 0, 0, 16, 1.1 ] },
                "down": { "texture": "#jungle_planks", "uv": [ 0, 0, 16, 1.1 ] }
            }
        },
        {
            "name": "Bed 1",
            "from": [ -0.2, 7.2, 8.4 ], 
            "to": [ 16.2, 7.7, 9.5 ], 
            "rotation": { "origin": [ 8, 8, 8 ], "axis": "x", "angle": 45.0 },
            "faces": {
                "north": { "texture": "#jungle_planks", "uv": [ 0, 0, 16, 0.5 ] },
                "east": { "texture": "#jungle_planks", "uv": [ 0, 0, 16, 16 ] },
                "south": { "texture": "#jungle_planks", "uv": [ 0, 0, 16, 0.5 ] },
                "west": { "texture": "#jungle_planks", "uv": [ 0, 0, 16, 16 ] },
                "up": { "texture": "#jungle_planks", "uv": [ 0, 0, 16, 1.1 ] },
                "down": { "texture": "#jungle_planks", "uv": [ 0, 0, 16, 1.1 ] }
            }
        },
        {
            "name": "Bed 1",
            "from": [ -0.2, 7.2, 10.4 ], 
            "to": [ 16.2, 7.7, 11.5 ], 
            "rotation": { "origin": [ 8, 8, 8 ], "axis": "x", "angle": 45.0 },
            "faces": {
                "north": { "texture": "#jungle_planks", "uv": [ 0, 0, 16, 0.5 ] },
                "east": { "texture": "#jungle_planks", "uv": [ 0, 0, 16, 16 ] },
                "south": { "texture": "#jungle_planks", "uv": [ 0, 0, 16, 0.5 ] },
                "west": { "texture": "#jungle_planks", "uv": [ 0, 0, 16, 16 ] },
                "up": { "texture": "#jungle_planks", "uv": [ 0, 0, 16, 1.1 ] },
                "down": { "texture": "#jungle_planks", "uv": [ 0, 0, 16, 1.1 ] }
            }
        },
        {
            "name": "Cus",
            "from": [ 0.7, 5.7, 10.5 ], 
            "to": [ 15.7, 6.45, 31.5 ], 
            "faces": {
                "north": { "texture": "#white_concrete_powder", "uv": [ 0, 0, 15, 0.75 ] },
                "east": { "texture": "#white_wool", "uv": [ 0, 0, 16, 0.75 ] },
                "south": { "texture": "#white_wool", "uv": [ 0, 0, 15, 0.75 ] },
                "west": { "texture": "#white_wool", "uv": [ 0, 0, 16, 0.75 ] },
                "up": { "texture": "#white_wool", "uv": [ 0, 0, 15, 16 ] },
                "down": { "texture": "#white_wool", "uv": [ 0, 0, 15, 16 ] }
            }
        },
        {
            "name": "Cus2",
            "from": [ 0.7, 7.7, -1 ], 
            "to": [ 15.7, 8.45, 10 ], 
            "rotation": { "origin": [ 8, 8, 8 ], "axis": "x", "angle": 45.0 },
            "faces": {
                "north": { "texture": "#white_wool", "uv": [ 0, 0, 15, 0.75 ] },
                "east": { "texture": "#white_wool", "uv": [ 0, 0, 11, 0.75 ] },
                "south": { "texture": "#white_wool", "uv": [ 0, 0, 15, 0.75 ] },
                "west": { "texture": "#white_wool", "uv": [ 0, 0, 11, 0.75 ] },
                "up": { "texture": "#white_wool", "uv": [ 0, 0, 15, 11 ] },
                "down": { "texture": "#white_wool", "uv": [ 0, 0, 15, 11 ] }
            }
        }
    ]
}