{
	"__comment": "Model generated using MrCrayfish's Model Creator (https://mrcrayfish.com/tools?id=mc)",
	"textures": {
		"spruce_planks": "block/spruce_planks",
		"spruce_trapdoor": "block/spruce_trapdoor",
		"smithing_table_top": "block/smithing_table_top"
	},
	"elements": [
		{
			"from": [ 1, 0, 6 ],
			"to": [ 15, 7, 15 ],
			"faces": {
				"down": { "uv": [ 0, 0, 14, 9 ], "texture": "#spruce_trapdoor" },
				"up": { "uv": [ 0, 0, 14, 9 ], "texture": "#spruce_trapdoor" },
				"north": { "uv": [ 0, 0, 14, 7 ], "texture": "#spruce_trapdoor" },
				"south": { "uv": [ 0, 0, 14, 7 ], "texture": "#spruce_trapdoor" },
				"west": { "uv": [ 0, 0, 9, 7 ], "texture": "#spruce_trapdoor" },
				"east": { "uv": [ 0, 0, 9, 7 ], "texture": "#spruce_trapdoor" }
			}
		},
		{
			"from": [ 2, 6.1, 7 ],
			"to": [ 14, 7.1, 14 ],
			"faces": {
				"up": { "uv": [ 1, 5, 13, 12 ], "texture": "#smithing_table_top" },
				"north": { "uv": [ 0, 0, 12, 1 ], "texture": "#smithing_table_top" },
				"south": { "uv": [ 0, 0, 12, 1 ], "texture": "#smithing_table_top" },
				"west": { "uv": [ 0, 0, 7, 1 ], "texture": "#smithing_table_top" },
				"east": { "uv": [ 0, 0, 7, 1 ], "texture": "#smithing_table_top" }
			}
		},
		{
			"from": [ 0.9899999, 5.5, 3 ],
			"to": [ 15.01, 6.5, 6 ],
			"rotation": { "origin": [ 8, 8, 8 ], "axis": "x", "angle": 22.5 },
			"faces": {
				"down": { "uv": [ 2, 0, 16, 3 ], "texture": "#spruce_trapdoor" },
				"up": { "uv": [ 0, 5, 14.02, 8 ], "texture": "#spruce_trapdoor" },
				"north": { "uv": [ 1, 7, 15, 10 ], "texture": "#spruce_trapdoor" },
				"south": { "uv": [ 0, 4, 14.02, 5 ], "texture": "#spruce_trapdoor" },
				"west": { "uv": [ 0, 0, 3, 1 ], "texture": "#spruce_trapdoor" },
				"east": { "uv": [ 0, 0, 3, 1 ], "texture": "#spruce_trapdoor" }
			}
		},
		{
			"from": [ 1, 3.75, 1.3 ],
			"to": [ 15, 4.75, 4.3 ],
			"rotation": { "origin": [ 8, 8, 8 ], "axis": "x", "angle": 45 },
			"faces": {
				"down": { "uv": [ 2, 0, 16, 3 ], "texture": "#spruce_trapdoor" },
				"up": { "uv": [ 0, 0, 14, 3 ], "texture": "#spruce_trapdoor" },
				"north": { "uv": [ 0, 0, 14, 1 ], "texture": "#spruce_trapdoor" },
				"south": { "uv": [ 0, 0, 14, 1 ], "texture": "#spruce_trapdoor" },
				"west": { "uv": [ 0, 0, 3, 1 ], "texture": "#spruce_trapdoor" },
				"east": { "uv": [ 0, 0, 3, 1 ], "texture": "#spruce_trapdoor" }
			}
		},
		{
			"from": [ 0.9899999, 9.75, 0.3 ],
			"to": [ 15.01, 12.75, 1.3 ],
			"faces": {
				"down": { "uv": [ 2, 0, 16, 1 ], "texture": "#spruce_trapdoor" },
				"up": { "uv": [ 0, 0, 14.02, 1 ], "texture": "#spruce_trapdoor" },
				"north": { "uv": [ 0, 0, 14.02, 3 ], "texture": "#spruce_trapdoor" },
				"south": { "uv": [ 0, 0, 14.02, 3 ], "texture": "#spruce_trapdoor" },
				"west": { "uv": [ 0, 0, 1, 3 ], "texture": "#spruce_trapdoor" },
				"east": { "uv": [ 0, 0, 1, 3 ], "texture": "#spruce_trapdoor" }
			}
		},
		{
			"from": [ 1, 15.9, 5.9 ],
			"to": [ 15, 16.9, 8.9 ],
			"rotation": { "origin": [ 8, 8, 8 ], "axis": "x", "angle": -45 },
			"faces": {
				"down": { "uv": [ 0, 0, 14, 3 ], "texture": "#spruce_trapdoor" },
				"up": { "uv": [ 2, 0, 16, 3 ], "texture": "#spruce_trapdoor" },
				"north": { "uv": [ 0, 0, 14, 1 ], "texture": "#spruce_trapdoor" },
				"south": { "uv": [ 0, 0, 14, 1 ], "texture": "#spruce_trapdoor" },
				"west": { "uv": [ 0, 0, 3, 1 ], "texture": "#spruce_trapdoor" },
				"east": { "uv": [ 0, 0, 3, 1 ], "texture": "#spruce_trapdoor" }
			}
		},
		{
			"from": [ 0.98, 15.6, 5.4 ],
			"to": [ 15, 16.6, 8.6 ],
			"rotation": { "origin": [ 8, 8, 8 ], "axis": "x", "angle": -22.5 },
			"faces": {
				"down": { "uv": [ 0, 0, 14.02, 3.2 ], "texture": "#spruce_trapdoor" },
				"up": { "uv": [ 2, 0, 16, 3.2 ], "texture": "#spruce_trapdoor" },
				"north": { "uv": [ 0, 0, 14.02, 1 ], "texture": "#spruce_trapdoor" },
				"south": { "uv": [ 0, 0, 14.02, 1 ], "texture": "#spruce_trapdoor" },
				"west": { "uv": [ 0, 0, 3.2, 1 ], "texture": "#spruce_trapdoor" },
				"east": { "uv": [ 0, 0, 3.2, 1 ], "texture": "#spruce_trapdoor" }
			}
		},
		{
			"from": [ 1, 7.4, 3.6 ],
			"to": [ 2.02, 15.2, 5.6 ],
			"faces": {
				"down": { "uv": [ 0, 0, 1.02, 2 ], "texture": "#spruce_planks" },
				"up": { "uv": [ 0, 0, 1.02, 2 ], "texture": "#spruce_planks" },
				"north": { "uv": [ 0, 0, 1.02, 7.8 ], "texture": "#spruce_planks" },
				"south": { "uv": [ 0, 0, 1.02, 7.8 ], "texture": "#spruce_planks" },
				"west": { "uv": [ 0, 0, 2, 7.8 ], "texture": "#spruce_planks" },
				"east": { "uv": [ 0, 0, 2, 7.8 ], "texture": "#spruce_planks" }
			}
		},
		{
			"from": [ 14, 7.4, 3.6 ],
			"to": [ 14.98, 15.2, 5.6 ],
			"faces": {
				"down": { "uv": [ 0, 0, 0.98, 2 ], "texture": "#spruce_planks" },
				"up": { "uv": [ 0, 0, 0.98, 2 ], "texture": "#spruce_planks" },
				"north": { "uv": [ 0, 0, 0.98, 7.8 ], "texture": "#spruce_planks" },
				"south": { "uv": [ 0, 0, 0.98, 7.8 ], "texture": "#spruce_planks" },
				"west": { "uv": [ 0, 0, 2, 7.8 ], "texture": "#spruce_planks" },
				"east": { "uv": [ 0, 0, 2, 7.8 ], "texture": "#spruce_planks" }
			}
		},
		{
			"from": [ 14, 7.75, 2.6 ],
			"to": [ 14.98, 14.55, 3.6 ],
			"faces": {
				"down": { "uv": [ 0, 0, 0.98, 1 ], "texture": "#spruce_planks" },
				"up": { "uv": [ 0, 0, 0.98, 1 ], "texture": "#spruce_planks" },
				"north": { "uv": [ 0, 0, 0.98, 6.8 ], "texture": "#spruce_planks" },
				"west": { "uv": [ 0, 0, 1, 6.8 ], "texture": "#spruce_planks" },
				"east": { "uv": [ 0, 0, 1, 6.8 ], "texture": "#spruce_planks" }
			}
		},
		{
			"from": [ 1.02, 7.75, 2.6 ],
			"to": [ 2.02, 14.55, 3.6 ],
			"faces": {
				"down": { "uv": [ 0, 0, 1, 1 ], "texture": "#spruce_planks" },
				"up": { "uv": [ 0, 0, 1, 1 ], "texture": "#spruce_planks" },
				"north": { "uv": [ 0, 0, 1, 6.8 ], "texture": "#spruce_planks" },
				"west": { "uv": [ 0, 0, 1, 6.8 ], "texture": "#spruce_planks" },
				"east": { "uv": [ 0, 0, 1, 6.8 ], "texture": "#spruce_planks" }
			}
		},
		{
			"from": [ 1.02, 8.75, 1.6 ],
			"to": [ 2.02, 13.75, 2.6 ],
			"faces": {
				"down": { "uv": [ 0, 0, 1, 1 ], "texture": "#spruce_planks" },
				"up": { "uv": [ 0, 0, 1, 1 ], "texture": "#spruce_planks" },
				"north": { "uv": [ 0, 0, 1, 5 ], "texture": "#spruce_planks" },
				"west": { "uv": [ 0, 0, 1, 5 ], "texture": "#spruce_planks" },
				"east": { "uv": [ 0, 0, 1, 5 ], "texture": "#spruce_planks" }
			}
		},
		{
			"from": [ 14, 8.75, 1.6 ],
			"to": [ 14.98, 13.75, 2.6 ],
			"faces": {
				"down": { "uv": [ 0, 0, 0.98, 1 ], "texture": "#spruce_planks" },
				"up": { "uv": [ 0, 0, 0.98, 1 ], "texture": "#spruce_planks" },
				"north": { "uv": [ 0, 0, 0.98, 5 ], "texture": "#spruce_planks" },
				"west": { "uv": [ 0, 0, 1, 5 ], "texture": "#spruce_planks" },
				"east": { "uv": [ 0, 0, 1, 5 ], "texture": "#spruce_planks" }
			}
		},
		{
			"from": [ 14, 9.75, 0.6 ],
			"to": [ 14.98, 12.75, 1.6 ],
			"faces": {
				"down": { "uv": [ 0, 0, 0.98, 1 ], "texture": "#spruce_planks" },
				"up": { "uv": [ 0, 0, 0.98, 1 ], "texture": "#spruce_planks" },
				"west": { "uv": [ 0, 0, 1, 3 ], "texture": "#spruce_planks" },
				"east": { "uv": [ 0, 0, 1, 3 ], "texture": "#spruce_planks" }
			}
		},
		{
			"from": [ 1.02, 9.75, 0.6 ],
			"to": [ 2.02, 12.75, 1.6 ],
			"faces": {
				"down": { "uv": [ 0, 0, 1, 1 ], "texture": "#spruce_planks" },
				"up": { "uv": [ 0, 0, 1, 1 ], "texture": "#spruce_planks" },
				"west": { "uv": [ 0, 0, 1, 3 ], "texture": "#spruce_planks" },
				"east": { "uv": [ 0, 0, 1, 3 ], "texture": "#spruce_planks" }
			}
		},
		{
			"from": [ 3, 6.5, 5.5 ],
			"to": [ 6, 7.5, 6.5 ],
			"faces": {
				"down": { "uv": [ 0, 0, 3, 1 ], "texture": "#smithing_table_top" },
				"up": { "uv": [ 0, 0, 3, 1 ], "texture": "#smithing_table_top" },
				"north": { "uv": [ 0, 0, 3, 1 ], "texture": "#smithing_table_top" },
				"south": { "uv": [ 0, 0, 3, 1 ], "texture": "#smithing_table_top" },
				"west": { "uv": [ 0, 0, 1, 1 ], "texture": "#smithing_table_top" },
				"east": { "uv": [ 0, 0, 1, 1 ], "texture": "#smithing_table_top" }
			}
		},
		{
			"from": [ 10, 6.5, 5.5 ],
			"to": [ 13, 7.5, 6.5 ],
			"faces": {
				"down": { "uv": [ 0, 0, 3, 1 ], "texture": "#smithing_table_top" },
				"up": { "uv": [ 0, 0, 3, 1 ], "texture": "#smithing_table_top" },
				"north": { "uv": [ 0, 0, 3, 1 ], "texture": "#smithing_table_top" },
				"south": { "uv": [ 0, 0, 3, 1 ], "texture": "#smithing_table_top" },
				"west": { "uv": [ 0, 0, 1, 1 ], "texture": "#smithing_table_top" },
				"east": { "uv": [ 0, 0, 1, 1 ], "texture": "#smithing_table_top" }
			}
		}
	],
	"display": {
		"thirdperson_righthand": {
			"rotation":  [ -2, -122, 0 ],
			"translation":  [ 0, 2.5, 0 ],
			"scale":  [ 0.375, 0.375, 0.375 ]
		},
		"thirdperson_lefthand": {
			"rotation":  [ -2, -122, 0 ],
			"translation":  [ 0, 2.5, 0 ],
			"scale":  [ 0.375, 0.375, 0.375 ]
		},
		"gui": {
			"rotation":  [ 30, 45, 0 ],
			"scale":  [ 0.625, 0.625, 0.625 ]
		},
		"head": {
			"rotation":  [ 0, 180, 0 ],
			"translation":  [ 0, 15, 3 ]
		},
		"ground": {
			"translation":  [ 0, 3, 0 ],
			"scale":  [ 0.25, 0.25, 0.25 ]
		},
		"fixed": {
			"rotation":  [ 0, 180, 0 ],
			"translation":  [ 0, 0, -6.26 ]
		}
	}
}