{
	"__comment": "Model generated using MrCrayfish's Model Creator (https://mrcrayfish.com/tools?id=mc)",
	"textures": {
		"smooth_stone": "block/white_concrete",
		"black_concrete": "block/black_concrete"
	},
	"elements": [
		{
			"from": [ 1, 0, 7 ],
			"to": [ 15, 0.8, 15 ],
			"faces": {
				"down": { "uv": [ 1, 1, 15, 9 ], "texture": "#smooth_stone" },
				"up": { "uv": [ 1, 1, 15, 16 ], "texture": "#smooth_stone" },
				"north": { "uv": [ 0, 0, 14, 0.8000002 ], "texture": "#smooth_stone" },
				"south": { "uv": [ 0, 0, 14, 0.8000002 ], "texture": "#smooth_stone" },
				"west": { "uv": [ 0, 0, 8, 0.8000002 ], "texture": "#smooth_stone" },
				"east": { "uv": [ 0, 0, 8, 0.8000002 ], "texture": "#smooth_stone" }
			}
		},
		{
			"from": [ 1, 1, 4 ],
			"to": [ 15, 10, 4.8 ],
			"rotation": { "origin": [ 8, 8, 8 ], "axis": "x", "angle": -22.5 },
			"faces": {
				"down": { "uv": [ 0, 0, 14, 0.8000002 ], "texture": "#smooth_stone" },
				"up": { "uv": [ 0, 0, 14, 0.8000002 ], "texture": "#smooth_stone" },
				"north": { "uv": [ 1, 1, 15, 10 ], "texture": "#smooth_stone" },
				"south": { "uv": [ 1, 1, 15, 10 ], "texture": "#smooth_stone" },
				"west": { "uv": [ 0, 0, 0.8, 9 ], "texture": "#smooth_stone" },
				"east": { "uv": [ 0, 0, 0.8, 9 ], "texture": "#smooth_stone" }
			}
		},
		{
			"from": [ 1.1, 0.3, 7 ],
			"to": [ 14.9, 1.1, 7.8 ],
			"faces": {
				"up": { "uv": [ 1, 0, 8, 1 ], "texture": "#smooth_stone" },
				"north": { "uv": [ 0, 0, 13.8, 0.8000002 ], "texture": "#smooth_stone" },
				"south": { "uv": [ 0, 0, 13.8, 0.8000002 ], "texture": "#smooth_stone" },
				"west": { "uv": [ 1, 1, 1.8, 1.8 ], "texture": "#smooth_stone" },
				"east": { "uv": [ 0, 0, 0.8, 0.8000002 ], "texture": "#smooth_stone" }
			}
		},
		{
			"from": [ 1.5, 2, 4.8 ],
			"to": [ 14.5, 9.5, 4.9 ],
			"rotation": { "origin": [ 8, 8, 8 ], "axis": "x", "angle": -22.5 },
			"faces": {
				"down": { "uv": [ 0, 0, 13, 0.1000004 ], "texture": "#smooth_stone" },
				"up": { "uv": [ 0, 0, 13, 0.1000004 ], "texture": "#smooth_stone" },
				"north": { "uv": [ 1, 1, 14, 8.5 ], "texture": "#smooth_stone" },
				"south": { "uv": [ 1, 1, 14, 8.5 ], "texture": "#black_concrete" },
				"west": { "uv": [ 0, 0, 0.1, 7.5 ], "texture": "#smooth_stone" },
				"east": { "uv": [ 0, 0, 0.1, 7.5 ], "texture": "#smooth_stone" }
			}
		},
		{
			"from": [ 7.9, 9.65, 4.8 ],
			"to": [ 8.1, 9.85, 4.9 ],
			"rotation": { "origin": [ 8, 8, 8 ], "axis": "x", "angle": -22.5 },
			"faces": {
				"down": { "uv": [ 0, 0, 0.2, 0.1000004 ], "texture": "#smooth_stone" },
				"up": { "uv": [ 0, 0, 0.2, 0.1000004 ], "texture": "#smooth_stone" },
				"north": { "uv": [ 1, 1, 1.2, 1.2 ], "texture": "#smooth_stone" },
				"south": { "uv": [ 1, 1, 1.2, 1.2 ], "texture": "#black_concrete" },
				"west": { "uv": [ 0, 0, 0.1, 0.1999998 ], "texture": "#smooth_stone" },
				"east": { "uv": [ 0, 0, 0.1, 0.1999998 ], "texture": "#smooth_stone" }
			}
		},
		{
			"from": [ 5, 0.8, 13 ],
			"to": [ 10, 0.8999999, 13.6 ],
			"faces": {
				"up": { "uv": [ 1, 1, 15, 16 ], "texture": "#black_concrete" },
				"north": { "uv": [ 0, 0, 5, 0.1000004 ], "texture": "#black_concrete" },
				"south": { "uv": [ 0, 0, 5, 0.1000004 ], "texture": "#black_concrete" },
				"west": { "uv": [ 0, 0, 0.6, 0.1000004 ], "texture": "#black_concrete" },
				"east": { "uv": [ 0, 0, 0.6, 0.1000004 ], "texture": "#black_concrete" }
			}
		},
		{
			"from": [ 4, 0.8, 13 ],
			"to": [ 4.8, 0.8999999, 13.6 ],
			"faces": {
				"up": { "uv": [ 1, 1, 15, 16 ], "texture": "#black_concrete" },
				"north": { "uv": [ 0, 0, 0.8, 0.1000004 ], "texture": "#black_concrete" },
				"south": { "uv": [ 0, 0, 0.8, 0.1000004 ], "texture": "#black_concrete" },
				"west": { "uv": [ 0, 0, 0.6, 0.1000004 ], "texture": "#black_concrete" },
				"east": { "uv": [ 0, 0, 0.6, 0.1000004 ], "texture": "#black_concrete" }
			}
		},
		{
			"from": [ 3, 0.8, 13 ],
			"to": [ 3.8, 0.8999999, 13.6 ],
			"faces": {
				"up": { "uv": [ 1, 1, 15, 16 ], "texture": "#black_concrete" },
				"north": { "uv": [ 0, 0, 0.8, 0.1000004 ], "texture": "#black_concrete" },
				"south": { "uv": [ 0, 0, 0.8, 0.1000004 ], "texture": "#black_concrete" },
				"west": { "uv": [ 0, 0, 0.6, 0.1000004 ], "texture": "#black_concrete" },
				"east": { "uv": [ 0, 0, 0.6, 0.1000004 ], "texture": "#black_concrete" }
			}
		},
		{
			"from": [ 2, 0.8, 13 ],
			"to": [ 2.8, 0.8999999, 13.6 ],
			"faces": {
				"up": { "uv": [ 1, 1, 15, 16 ], "texture": "#black_concrete" },
				"north": { "uv": [ 0, 0, 0.8, 0.1000004 ], "texture": "#black_concrete" },
				"south": { "uv": [ 0, 0, 0.8, 0.1000004 ], "texture": "#black_concrete" },
				"west": { "uv": [ 0, 0, 0.6, 0.1000004 ], "texture": "#black_concrete" },
				"east": { "uv": [ 0, 0, 0.6, 0.1000004 ], "texture": "#black_concrete" }
			}
		},
		{
			"from": [ 10.2, 0.8, 13 ],
			"to": [ 11, 0.8999999, 13.6 ],
			"faces": {
				"up": { "uv": [ 1, 1, 15, 16 ], "texture": "#black_concrete" },
				"north": { "uv": [ 0, 0, 0.8, 0.1000004 ], "texture": "#black_concrete" },
				"south": { "uv": [ 0, 0, 0.8, 0.1000004 ], "texture": "#black_concrete" },
				"west": { "uv": [ 0, 0, 0.6, 0.1000004 ], "texture": "#black_concrete" },
				"east": { "uv": [ 0, 0, 0.6, 0.1000004 ], "texture": "#black_concrete" }
			}
		},
		{
			"from": [ 11.2, 0.8, 13 ],
			"to": [ 12, 0.8999999, 13.6 ],
			"faces": {
				"up": { "uv": [ 1, 1, 15, 16 ], "texture": "#black_concrete" },
				"north": { "uv": [ 0, 0, 0.8, 0.1000004 ], "texture": "#black_concrete" },
				"south": { "uv": [ 0, 0, 0.8, 0.1000004 ], "texture": "#black_concrete" },
				"west": { "uv": [ 0, 0, 0.6, 0.1000004 ], "texture": "#black_concrete" },
				"east": { "uv": [ 0, 0, 0.6, 0.1000004 ], "texture": "#black_concrete" }
			}
		},
		{
			"from": [ 12.2, 0.8, 13 ],
			"to": [ 13, 0.8999999, 13.6 ],
			"faces": {
				"up": { "uv": [ 1, 1, 15, 16 ], "texture": "#black_concrete" },
				"north": { "uv": [ 0, 0, 0.8, 0.1000004 ], "texture": "#black_concrete" },
				"south": { "uv": [ 0, 0, 0.8, 0.1000004 ], "texture": "#black_concrete" },
				"west": { "uv": [ 0, 0, 0.6, 0.1000004 ], "texture": "#black_concrete" },
				"east": { "uv": [ 0, 0, 0.6, 0.1000004 ], "texture": "#black_concrete" }
			}
		},
		{
			"from": [ 13.2, 0.8, 13 ],
			"to": [ 14, 0.8999999, 13.6 ],
			"faces": {
				"up": { "uv": [ 1, 1, 15, 16 ], "texture": "#black_concrete" },
				"north": { "uv": [ 0, 0, 0.8, 0.1000004 ], "texture": "#black_concrete" },
				"south": { "uv": [ 0, 0, 0.8, 0.1000004 ], "texture": "#black_concrete" },
				"west": { "uv": [ 0, 0, 0.6, 0.1000004 ], "texture": "#black_concrete" },
				"east": { "uv": [ 0, 0, 0.6, 0.1000004 ], "texture": "#black_concrete" }
			}
		},
		{
			"from": [ 12.5, 0.8, 12 ],
			"to": [ 14, 0.8999999, 12.6 ],
			"faces": {
				"up": { "uv": [ 1, 1, 15, 16 ], "texture": "#black_concrete" },
				"north": { "uv": [ 0, 0, 1.5, 0.1000004 ], "texture": "#black_concrete" },
				"south": { "uv": [ 0, 0, 1.5, 0.1000004 ], "texture": "#black_concrete" },
				"west": { "uv": [ 0, 0, 0.6, 0.1000004 ], "texture": "#black_concrete" },
				"east": { "uv": [ 0, 0, 0.6, 0.1000004 ], "texture": "#black_concrete" }
			}
		},
		{
			"from": [ 13, 0.8, 11 ],
			"to": [ 14, 0.8999999, 11.6 ],
			"faces": {
				"up": { "uv": [ 1, 1, 15, 16 ], "texture": "#black_concrete" },
				"north": { "uv": [ 0, 0, 1, 0.1000004 ], "texture": "#black_concrete" },
				"south": { "uv": [ 0, 0, 1, 0.1000004 ], "texture": "#black_concrete" },
				"west": { "uv": [ 0, 0, 0.6, 0.1000004 ], "texture": "#black_concrete" },
				"east": { "uv": [ 0, 0, 0.6, 0.1000004 ], "texture": "#black_concrete" }
			}
		},
		{
			"from": [ 13, 0.8, 9 ],
			"to": [ 14, 0.8999999, 9.6 ],
			"faces": {
				"up": { "uv": [ 1, 1, 15, 16 ], "texture": "#black_concrete" },
				"north": { "uv": [ 0, 0, 1, 0.1000004 ], "texture": "#black_concrete" },
				"south": { "uv": [ 0, 0, 1, 0.1000004 ], "texture": "#black_concrete" },
				"west": { "uv": [ 0, 0, 0.6, 0.1000004 ], "texture": "#black_concrete" },
				"east": { "uv": [ 0, 0, 0.6, 0.1000004 ], "texture": "#black_concrete" }
			}
		},
		{
			"from": [ 2, 0.8, 12 ],
			"to": [ 3.5, 0.8999999, 12.6 ],
			"faces": {
				"up": { "uv": [ 1, 1, 15, 16 ], "texture": "#black_concrete" },
				"north": { "uv": [ 0, 0, 1.5, 0.1000004 ], "texture": "#black_concrete" },
				"south": { "uv": [ 0, 0, 1.5, 0.1000004 ], "texture": "#black_concrete" },
				"west": { "uv": [ 0, 0, 0.6, 0.1000004 ], "texture": "#black_concrete" },
				"east": { "uv": [ 0, 0, 0.6, 0.1000004 ], "texture": "#black_concrete" }
			}
		},
		{
			"from": [ 2, 0.8, 11 ],
			"to": [ 3, 0.8999999, 11.6 ],
			"faces": {
				"up": { "uv": [ 1, 1, 15, 16 ], "texture": "#black_concrete" },
				"north": { "uv": [ 0, 0, 1, 0.1000004 ], "texture": "#black_concrete" },
				"south": { "uv": [ 0, 0, 1, 0.1000004 ], "texture": "#black_concrete" },
				"west": { "uv": [ 0, 0, 0.6, 0.1000004 ], "texture": "#black_concrete" },
				"east": { "uv": [ 0, 0, 0.6, 0.1000004 ], "texture": "#black_concrete" }
			}
		},
		{
			"from": [ 2, 0.8, 10 ],
			"to": [ 3, 0.8999999, 10.6 ],
			"faces": {
				"up": { "uv": [ 1, 1, 15, 16 ], "texture": "#black_concrete" },
				"north": { "uv": [ 0, 0, 1, 0.1000004 ], "texture": "#black_concrete" },
				"south": { "uv": [ 0, 0, 1, 0.1000004 ], "texture": "#black_concrete" },
				"west": { "uv": [ 0, 0, 0.6, 0.1000004 ], "texture": "#black_concrete" },
				"east": { "uv": [ 0, 0, 0.6, 0.1000004 ], "texture": "#black_concrete" }
			}
		},
		{
			"from": [ 2, 0.8, 9 ],
			"to": [ 2.6, 0.8999999, 9.6 ],
			"faces": {
				"up": { "uv": [ 1, 1, 15, 16 ], "texture": "#black_concrete" },
				"north": { "uv": [ 0, 0, 0.6, 0.1000004 ], "texture": "#black_concrete" },
				"south": { "uv": [ 0, 0, 0.6, 0.1000004 ], "texture": "#black_concrete" },
				"west": { "uv": [ 0, 0, 0.6, 0.1000004 ], "texture": "#black_concrete" },
				"east": { "uv": [ 0, 0, 0.6, 0.1000004 ], "texture": "#black_concrete" }
			}
		},
		{
			"from": [ 3, 0.8, 9 ],
			"to": [ 3.6, 0.8999999, 9.6 ],
			"faces": {
				"up": { "uv": [ 1, 1, 15, 16 ], "texture": "#black_concrete" },
				"north": { "uv": [ 0, 0, 0.6, 0.1000004 ], "texture": "#black_concrete" },
				"south": { "uv": [ 0, 0, 0.6, 0.1000004 ], "texture": "#black_concrete" },
				"west": { "uv": [ 0, 0, 0.6, 0.1000004 ], "texture": "#black_concrete" },
				"east": { "uv": [ 0, 0, 0.6, 0.1000004 ], "texture": "#black_concrete" }
			}
		},
		{
			"from": [ 4, 0.8, 9 ],
			"to": [ 4.6, 0.8999999, 9.6 ],
			"faces": {
				"up": { "uv": [ 1, 1, 15, 16 ], "texture": "#black_concrete" },
				"north": { "uv": [ 0, 0, 0.6, 0.1000004 ], "texture": "#black_concrete" },
				"south": { "uv": [ 0, 0, 0.6, 0.1000004 ], "texture": "#black_concrete" },
				"west": { "uv": [ 0, 0, 0.6, 0.1000004 ], "texture": "#black_concrete" },
				"east": { "uv": [ 0, 0, 0.6, 0.1000004 ], "texture": "#black_concrete" }
			}
		},
		{
			"from": [ 5, 0.8, 9 ],
			"to": [ 5.6, 0.8999999, 9.6 ],
			"faces": {
				"up": { "uv": [ 1, 1, 15, 16 ], "texture": "#black_concrete" },
				"north": { "uv": [ 0, 0, 0.6, 0.1000004 ], "texture": "#black_concrete" },
				"south": { "uv": [ 0, 0, 0.6, 0.1000004 ], "texture": "#black_concrete" },
				"west": { "uv": [ 0, 0, 0.6, 0.1000004 ], "texture": "#black_concrete" },
				"east": { "uv": [ 0, 0, 0.6, 0.1000004 ], "texture": "#black_concrete" }
			}
		},
		{
			"from": [ 6, 0.8, 9 ],
			"to": [ 6.6, 0.8999999, 9.6 ],
			"faces": {
				"up": { "uv": [ 1, 1, 15, 16 ], "texture": "#black_concrete" },
				"north": { "uv": [ 0, 0, 0.6, 0.1000004 ], "texture": "#black_concrete" },
				"south": { "uv": [ 0, 0, 0.6, 0.1000004 ], "texture": "#black_concrete" },
				"west": { "uv": [ 0, 0, 0.6, 0.1000004 ], "texture": "#black_concrete" },
				"east": { "uv": [ 0, 0, 0.6, 0.1000004 ], "texture": "#black_concrete" }
			}
		},
		{
			"from": [ 7, 0.8, 9 ],
			"to": [ 7.6, 0.8999999, 9.6 ],
			"faces": {
				"up": { "uv": [ 1, 1, 15, 16 ], "texture": "#black_concrete" },
				"north": { "uv": [ 0, 0, 0.6, 0.1000004 ], "texture": "#black_concrete" },
				"south": { "uv": [ 0, 0, 0.6, 0.1000004 ], "texture": "#black_concrete" },
				"west": { "uv": [ 0, 0, 0.6, 0.1000004 ], "texture": "#black_concrete" },
				"east": { "uv": [ 0, 0, 0.6, 0.1000004 ], "texture": "#black_concrete" }
			}
		},
		{
			"from": [ 8, 0.8, 9 ],
			"to": [ 8.6, 0.8999999, 9.6 ],
			"faces": {
				"up": { "uv": [ 1, 1, 15, 16 ], "texture": "#black_concrete" },
				"north": { "uv": [ 0, 0, 0.6, 0.1000004 ], "texture": "#black_concrete" },
				"south": { "uv": [ 0, 0, 0.6, 0.1000004 ], "texture": "#black_concrete" },
				"west": { "uv": [ 0, 0, 0.6, 0.1000004 ], "texture": "#black_concrete" },
				"east": { "uv": [ 0, 0, 0.6, 0.1000004 ], "texture": "#black_concrete" }
			}
		},
		{
			"from": [ 9, 0.8, 9 ],
			"to": [ 9.6, 0.8999999, 9.6 ],
			"faces": {
				"up": { "uv": [ 1, 1, 15, 16 ], "texture": "#black_concrete" },
				"north": { "uv": [ 0, 0, 0.6, 0.1000004 ], "texture": "#black_concrete" },
				"south": { "uv": [ 0, 0, 0.6, 0.1000004 ], "texture": "#black_concrete" },
				"west": { "uv": [ 0, 0, 0.6, 0.1000004 ], "texture": "#black_concrete" },
				"east": { "uv": [ 0, 0, 0.6, 0.1000004 ], "texture": "#black_concrete" }
			}
		},
		{
			"from": [ 10, 0.8, 9 ],
			"to": [ 10.6, 0.8999999, 9.6 ],
			"faces": {
				"up": { "uv": [ 1, 1, 15, 16 ], "texture": "#black_concrete" },
				"north": { "uv": [ 0, 0, 0.6, 0.1000004 ], "texture": "#black_concrete" },
				"south": { "uv": [ 0, 0, 0.6, 0.1000004 ], "texture": "#black_concrete" },
				"west": { "uv": [ 0, 0, 0.6, 0.1000004 ], "texture": "#black_concrete" },
				"east": { "uv": [ 0, 0, 0.6, 0.1000004 ], "texture": "#black_concrete" }
			}
		},
		{
			"from": [ 11, 0.8, 9 ],
			"to": [ 11.6, 0.8999999, 9.6 ],
			"faces": {
				"up": { "uv": [ 1, 1, 15, 16 ], "texture": "#black_concrete" },
				"north": { "uv": [ 0, 0, 0.6, 0.1000004 ], "texture": "#black_concrete" },
				"south": { "uv": [ 0, 0, 0.6, 0.1000004 ], "texture": "#black_concrete" },
				"west": { "uv": [ 0, 0, 0.6, 0.1000004 ], "texture": "#black_concrete" },
				"east": { "uv": [ 0, 0, 0.6, 0.1000004 ], "texture": "#black_concrete" }
			}
		},
		{
			"from": [ 12, 0.8, 9 ],
			"to": [ 12.6, 0.8999999, 9.6 ],
			"faces": {
				"up": { "uv": [ 1, 1, 15, 16 ], "texture": "#black_concrete" },
				"north": { "uv": [ 0, 0, 0.6, 0.1000004 ], "texture": "#black_concrete" },
				"south": { "uv": [ 0, 0, 0.6, 0.1000004 ], "texture": "#black_concrete" },
				"west": { "uv": [ 0, 0, 0.6, 0.1000004 ], "texture": "#black_concrete" },
				"east": { "uv": [ 0, 0, 0.6, 0.1000004 ], "texture": "#black_concrete" }
			}
		},
		{
			"from": [ 3.5, 0.8, 10 ],
			"to": [ 4.1, 0.8999999, 10.6 ],
			"faces": {
				"up": { "uv": [ 1, 1, 15, 16 ], "texture": "#black_concrete" },
				"north": { "uv": [ 0, 0, 0.6, 0.1000004 ], "texture": "#black_concrete" },
				"south": { "uv": [ 0, 0, 0.6, 0.1000004 ], "texture": "#black_concrete" },
				"west": { "uv": [ 0, 0, 0.6, 0.1000004 ], "texture": "#black_concrete" },
				"east": { "uv": [ 0, 0, 0.6, 0.1000004 ], "texture": "#black_concrete" }
			}
		},
		{
			"from": [ 4.5, 0.8, 10 ],
			"to": [ 5.1, 0.8999999, 10.6 ],
			"faces": {
				"up": { "uv": [ 1, 1, 15, 16 ], "texture": "#black_concrete" },
				"north": { "uv": [ 0, 0, 0.6, 0.1000004 ], "texture": "#black_concrete" },
				"south": { "uv": [ 0, 0, 0.6, 0.1000004 ], "texture": "#black_concrete" },
				"west": { "uv": [ 0, 0, 0.6, 0.1000004 ], "texture": "#black_concrete" },
				"east": { "uv": [ 0, 0, 0.6, 0.1000004 ], "texture": "#black_concrete" }
			}
		},
		{
			"from": [ 5.5, 0.8, 10 ],
			"to": [ 6.1, 0.8999999, 10.6 ],
			"faces": {
				"up": { "uv": [ 1, 1, 15, 16 ], "texture": "#black_concrete" },
				"north": { "uv": [ 0, 0, 0.6, 0.1000004 ], "texture": "#black_concrete" },
				"south": { "uv": [ 0, 0, 0.6, 0.1000004 ], "texture": "#black_concrete" },
				"west": { "uv": [ 0, 0, 0.6, 0.1000004 ], "texture": "#black_concrete" },
				"east": { "uv": [ 0, 0, 0.6, 0.1000004 ], "texture": "#black_concrete" }
			}
		},
		{
			"from": [ 6.5, 0.8, 10 ],
			"to": [ 7.1, 0.8999999, 10.6 ],
			"faces": {
				"up": { "uv": [ 1, 1, 15, 16 ], "texture": "#black_concrete" },
				"north": { "uv": [ 0, 0, 0.6, 0.1000004 ], "texture": "#black_concrete" },
				"south": { "uv": [ 0, 0, 0.6, 0.1000004 ], "texture": "#black_concrete" },
				"west": { "uv": [ 0, 0, 0.6, 0.1000004 ], "texture": "#black_concrete" },
				"east": { "uv": [ 0, 0, 0.6, 0.1000004 ], "texture": "#black_concrete" }
			}
		},
		{
			"from": [ 7.5, 0.8, 10 ],
			"to": [ 8.1, 0.8999999, 10.6 ],
			"faces": {
				"up": { "uv": [ 1, 1, 15, 16 ], "texture": "#black_concrete" },
				"north": { "uv": [ 0, 0, 0.6, 0.1000004 ], "texture": "#black_concrete" },
				"south": { "uv": [ 0, 0, 0.6, 0.1000004 ], "texture": "#black_concrete" },
				"west": { "uv": [ 0, 0, 0.6, 0.1000004 ], "texture": "#black_concrete" },
				"east": { "uv": [ 0, 0, 0.6, 0.1000004 ], "texture": "#black_concrete" }
			}
		},
		{
			"from": [ 8.5, 0.8, 10 ],
			"to": [ 9.1, 0.8999999, 10.6 ],
			"faces": {
				"up": { "uv": [ 1, 1, 15, 16 ], "texture": "#black_concrete" },
				"north": { "uv": [ 0, 0, 0.6, 0.1000004 ], "texture": "#black_concrete" },
				"south": { "uv": [ 0, 0, 0.6, 0.1000004 ], "texture": "#black_concrete" },
				"west": { "uv": [ 0, 0, 0.6, 0.1000004 ], "texture": "#black_concrete" },
				"east": { "uv": [ 0, 0, 0.6, 0.1000004 ], "texture": "#black_concrete" }
			}
		},
		{
			"from": [ 9.5, 0.8, 10 ],
			"to": [ 10.1, 0.8999999, 10.6 ],
			"faces": {
				"up": { "uv": [ 1, 1, 15, 16 ], "texture": "#black_concrete" },
				"north": { "uv": [ 0, 0, 0.6, 0.1000004 ], "texture": "#black_concrete" },
				"south": { "uv": [ 0, 0, 0.6, 0.1000004 ], "texture": "#black_concrete" },
				"west": { "uv": [ 0, 0, 0.6, 0.1000004 ], "texture": "#black_concrete" },
				"east": { "uv": [ 0, 0, 0.6, 0.1000004 ], "texture": "#black_concrete" }
			}
		},
		{
			"from": [ 10.5, 0.8, 10 ],
			"to": [ 11.1, 0.8999999, 10.6 ],
			"faces": {
				"up": { "uv": [ 1, 1, 15, 16 ], "texture": "#black_concrete" },
				"north": { "uv": [ 0, 0, 0.6, 0.1000004 ], "texture": "#black_concrete" },
				"south": { "uv": [ 0, 0, 0.6, 0.1000004 ], "texture": "#black_concrete" },
				"west": { "uv": [ 0, 0, 0.6, 0.1000004 ], "texture": "#black_concrete" },
				"east": { "uv": [ 0, 0, 0.6, 0.1000004 ], "texture": "#black_concrete" }
			}
		},
		{
			"from": [ 11.5, 0.8, 10 ],
			"to": [ 12.1, 0.8999999, 10.6 ],
			"faces": {
				"up": { "uv": [ 1, 1, 15, 16 ], "texture": "#black_concrete" },
				"north": { "uv": [ 0, 0, 0.6, 0.1000004 ], "texture": "#black_concrete" },
				"south": { "uv": [ 0, 0, 0.6, 0.1000004 ], "texture": "#black_concrete" },
				"west": { "uv": [ 0, 0, 0.6, 0.1000004 ], "texture": "#black_concrete" },
				"east": { "uv": [ 0, 0, 0.6, 0.1000004 ], "texture": "#black_concrete" }
			}
		},
		{
			"from": [ 12.5, 0.8, 10 ],
			"to": [ 13.1, 0.8999999, 10.6 ],
			"faces": {
				"up": { "uv": [ 1, 1, 15, 16 ], "texture": "#black_concrete" },
				"north": { "uv": [ 0, 0, 0.6, 0.1000004 ], "texture": "#black_concrete" },
				"south": { "uv": [ 0, 0, 0.6, 0.1000004 ], "texture": "#black_concrete" },
				"west": { "uv": [ 0, 0, 0.6, 0.1000004 ], "texture": "#black_concrete" },
				"east": { "uv": [ 0, 0, 0.6, 0.1000004 ], "texture": "#black_concrete" }
			}
		},
		{
			"from": [ 13.5, 0.8, 10 ],
			"to": [ 14.1, 0.8999999, 10.6 ],
			"faces": {
				"up": { "uv": [ 1, 1, 15, 16 ], "texture": "#black_concrete" },
				"north": { "uv": [ 0, 0, 0.6, 0.1000004 ], "texture": "#black_concrete" },
				"south": { "uv": [ 0, 0, 0.6, 0.1000004 ], "texture": "#black_concrete" },
				"west": { "uv": [ 0, 0, 0.6, 0.1000004 ], "texture": "#black_concrete" },
				"east": { "uv": [ 0, 0, 0.6, 0.1000004 ], "texture": "#black_concrete" }
			}
		},
		{
			"from": [ 3.2, 0.8, 11 ],
			"to": [ 3.8, 0.8999999, 11.6 ],
			"faces": {
				"up": { "uv": [ 1, 1, 15, 16 ], "texture": "#black_concrete" },
				"north": { "uv": [ 0, 0, 0.6, 0.1000004 ], "texture": "#black_concrete" },
				"south": { "uv": [ 0, 0, 0.6, 0.1000004 ], "texture": "#black_concrete" },
				"west": { "uv": [ 0, 0, 0.6, 0.1000004 ], "texture": "#black_concrete" },
				"east": { "uv": [ 0, 0, 0.6, 0.1000004 ], "texture": "#black_concrete" }
			}
		},
		{
			"from": [ 4.2, 0.8, 11 ],
			"to": [ 4.8, 0.8999999, 11.6 ],
			"faces": {
				"up": { "uv": [ 1, 1, 15, 16 ], "texture": "#black_concrete" },
				"north": { "uv": [ 0, 0, 0.6, 0.1000004 ], "texture": "#black_concrete" },
				"south": { "uv": [ 0, 0, 0.6, 0.1000004 ], "texture": "#black_concrete" },
				"west": { "uv": [ 0, 0, 0.6, 0.1000004 ], "texture": "#black_concrete" },
				"east": { "uv": [ 0, 0, 0.6, 0.1000004 ], "texture": "#black_concrete" }
			}
		},
		{
			"from": [ 5.2, 0.8, 11 ],
			"to": [ 5.8, 0.8999999, 11.6 ],
			"faces": {
				"up": { "uv": [ 1, 1, 15, 16 ], "texture": "#black_concrete" },
				"north": { "uv": [ 0, 0, 0.6, 0.1000004 ], "texture": "#black_concrete" },
				"south": { "uv": [ 0, 0, 0.6, 0.1000004 ], "texture": "#black_concrete" },
				"west": { "uv": [ 0, 0, 0.6, 0.1000004 ], "texture": "#black_concrete" },
				"east": { "uv": [ 0, 0, 0.6, 0.1000004 ], "texture": "#black_concrete" }
			}
		},
		{
			"from": [ 6.2, 0.8, 11 ],
			"to": [ 6.8, 0.8999999, 11.6 ],
			"faces": {
				"up": { "uv": [ 1, 1, 15, 16 ], "texture": "#black_concrete" },
				"north": { "uv": [ 0, 0, 0.6, 0.1000004 ], "texture": "#black_concrete" },
				"south": { "uv": [ 0, 0, 0.6, 0.1000004 ], "texture": "#black_concrete" },
				"west": { "uv": [ 0, 0, 0.6, 0.1000004 ], "texture": "#black_concrete" },
				"east": { "uv": [ 0, 0, 0.6, 0.1000004 ], "texture": "#black_concrete" }
			}
		},
		{
			"from": [ 7.2, 0.8, 11 ],
			"to": [ 7.8, 0.8999999, 11.6 ],
			"faces": {
				"up": { "uv": [ 1, 1, 15, 16 ], "texture": "#black_concrete" },
				"north": { "uv": [ 0, 0, 0.6, 0.1000004 ], "texture": "#black_concrete" },
				"south": { "uv": [ 0, 0, 0.6, 0.1000004 ], "texture": "#black_concrete" },
				"west": { "uv": [ 0, 0, 0.6, 0.1000004 ], "texture": "#black_concrete" },
				"east": { "uv": [ 0, 0, 0.6, 0.1000004 ], "texture": "#black_concrete" }
			}
		},
		{
			"from": [ 8.2, 0.8, 11 ],
			"to": [ 8.8, 0.8999999, 11.6 ],
			"faces": {
				"up": { "uv": [ 1, 1, 15, 16 ], "texture": "#black_concrete" },
				"north": { "uv": [ 0, 0, 0.6, 0.1000004 ], "texture": "#black_concrete" },
				"south": { "uv": [ 0, 0, 0.6, 0.1000004 ], "texture": "#black_concrete" },
				"west": { "uv": [ 0, 0, 0.6, 0.1000004 ], "texture": "#black_concrete" },
				"east": { "uv": [ 0, 0, 0.6, 0.1000004 ], "texture": "#black_concrete" }
			}
		},
		{
			"from": [ 9.2, 0.8, 11 ],
			"to": [ 9.8, 0.8999999, 11.6 ],
			"faces": {
				"up": { "uv": [ 1, 1, 15, 16 ], "texture": "#black_concrete" },
				"north": { "uv": [ 0, 0, 0.6, 0.1000004 ], "texture": "#black_concrete" },
				"south": { "uv": [ 0, 0, 0.6, 0.1000004 ], "texture": "#black_concrete" },
				"west": { "uv": [ 0, 0, 0.6, 0.1000004 ], "texture": "#black_concrete" },
				"east": { "uv": [ 0, 0, 0.6, 0.1000004 ], "texture": "#black_concrete" }
			}
		},
		{
			"from": [ 10.2, 0.8, 11 ],
			"to": [ 10.8, 0.8999999, 11.6 ],
			"faces": {
				"up": { "uv": [ 1, 1, 15, 16 ], "texture": "#black_concrete" },
				"north": { "uv": [ 0, 0, 0.6, 0.1000004 ], "texture": "#black_concrete" },
				"south": { "uv": [ 0, 0, 0.6, 0.1000004 ], "texture": "#black_concrete" },
				"west": { "uv": [ 0, 0, 0.6, 0.1000004 ], "texture": "#black_concrete" },
				"east": { "uv": [ 0, 0, 0.6, 0.1000004 ], "texture": "#black_concrete" }
			}
		},
		{
			"from": [ 11.2, 0.8, 11 ],
			"to": [ 11.8, 0.8999999, 11.6 ],
			"faces": {
				"up": { "uv": [ 1, 1, 15, 16 ], "texture": "#black_concrete" },
				"north": { "uv": [ 0, 0, 0.6, 0.1000004 ], "texture": "#black_concrete" },
				"south": { "uv": [ 0, 0, 0.6, 0.1000004 ], "texture": "#black_concrete" },
				"west": { "uv": [ 0, 0, 0.6, 0.1000004 ], "texture": "#black_concrete" },
				"east": { "uv": [ 0, 0, 0.6, 0.1000004 ], "texture": "#black_concrete" }
			}
		},
		{
			"from": [ 12.2, 0.8, 11 ],
			"to": [ 12.8, 0.8999999, 11.6 ],
			"faces": {
				"up": { "uv": [ 1, 1, 15, 16 ], "texture": "#black_concrete" },
				"north": { "uv": [ 0, 0, 0.6, 0.1000004 ], "texture": "#black_concrete" },
				"south": { "uv": [ 0, 0, 0.6, 0.1000004 ], "texture": "#black_concrete" },
				"west": { "uv": [ 0, 0, 0.6, 0.1000004 ], "texture": "#black_concrete" },
				"east": { "uv": [ 0, 0, 0.6, 0.1000004 ], "texture": "#black_concrete" }
			}
		},
		{
			"from": [ 3.7, 0.8, 12 ],
			"to": [ 4.3, 0.8999999, 12.6 ],
			"faces": {
				"up": { "uv": [ 1, 1, 15, 16 ], "texture": "#black_concrete" },
				"north": { "uv": [ 0, 0, 0.6, 0.1000004 ], "texture": "#black_concrete" },
				"south": { "uv": [ 0, 0, 0.6, 0.1000004 ], "texture": "#black_concrete" },
				"west": { "uv": [ 0, 0, 0.6, 0.1000004 ], "texture": "#black_concrete" },
				"east": { "uv": [ 0, 0, 0.6, 0.1000004 ], "texture": "#black_concrete" }
			}
		},
		{
			"from": [ 4.7, 0.8, 12 ],
			"to": [ 5.3, 0.8999999, 12.6 ],
			"faces": {
				"up": { "uv": [ 1, 1, 15, 16 ], "texture": "#black_concrete" },
				"north": { "uv": [ 0, 0, 0.6, 0.1000004 ], "texture": "#black_concrete" },
				"south": { "uv": [ 0, 0, 0.6, 0.1000004 ], "texture": "#black_concrete" },
				"west": { "uv": [ 0, 0, 0.6, 0.1000004 ], "texture": "#black_concrete" },
				"east": { "uv": [ 0, 0, 0.6, 0.1000004 ], "texture": "#black_concrete" }
			}
		},
		{
			"from": [ 5.7, 0.8, 12 ],
			"to": [ 6.3, 0.8999999, 12.6 ],
			"faces": {
				"up": { "uv": [ 1, 1, 15, 16 ], "texture": "#black_concrete" },
				"north": { "uv": [ 0, 0, 0.6, 0.1000004 ], "texture": "#black_concrete" },
				"south": { "uv": [ 0, 0, 0.6, 0.1000004 ], "texture": "#black_concrete" },
				"west": { "uv": [ 0, 0, 0.6, 0.1000004 ], "texture": "#black_concrete" },
				"east": { "uv": [ 0, 0, 0.6, 0.1000004 ], "texture": "#black_concrete" }
			}
		},
		{
			"from": [ 6.7, 0.8, 12 ],
			"to": [ 7.3, 0.8999999, 12.6 ],
			"faces": {
				"up": { "uv": [ 1, 1, 15, 16 ], "texture": "#black_concrete" },
				"north": { "uv": [ 0, 0, 0.6, 0.1000004 ], "texture": "#black_concrete" },
				"south": { "uv": [ 0, 0, 0.6, 0.1000004 ], "texture": "#black_concrete" },
				"west": { "uv": [ 0, 0, 0.6, 0.1000004 ], "texture": "#black_concrete" },
				"east": { "uv": [ 0, 0, 0.6, 0.1000004 ], "texture": "#black_concrete" }
			}
		},
		{
			"from": [ 7.7, 0.8, 12 ],
			"to": [ 8.3, 0.8999999, 12.6 ],
			"faces": {
				"up": { "uv": [ 1, 1, 15, 16 ], "texture": "#black_concrete" },
				"north": { "uv": [ 0, 0, 0.6, 0.1000004 ], "texture": "#black_concrete" },
				"south": { "uv": [ 0, 0, 0.6, 0.1000004 ], "texture": "#black_concrete" },
				"west": { "uv": [ 0, 0, 0.6, 0.1000004 ], "texture": "#black_concrete" },
				"east": { "uv": [ 0, 0, 0.6, 0.1000004 ], "texture": "#black_concrete" }
			}
		},
		{
			"from": [ 8.7, 0.8, 12 ],
			"to": [ 9.3, 0.8999999, 12.6 ],
			"faces": {
				"up": { "uv": [ 1, 1, 15, 16 ], "texture": "#black_concrete" },
				"north": { "uv": [ 0, 0, 0.6, 0.1000004 ], "texture": "#black_concrete" },
				"south": { "uv": [ 0, 0, 0.6, 0.1000004 ], "texture": "#black_concrete" },
				"west": { "uv": [ 0, 0, 0.6, 0.1000004 ], "texture": "#black_concrete" },
				"east": { "uv": [ 0, 0, 0.6, 0.1000004 ], "texture": "#black_concrete" }
			}
		},
		{
			"from": [ 9.7, 0.8, 12 ],
			"to": [ 10.3, 0.8999999, 12.6 ],
			"faces": {
				"up": { "uv": [ 1, 1, 15, 16 ], "texture": "#black_concrete" },
				"north": { "uv": [ 0, 0, 0.6, 0.1000004 ], "texture": "#black_concrete" },
				"south": { "uv": [ 0, 0, 0.6, 0.1000004 ], "texture": "#black_concrete" },
				"west": { "uv": [ 0, 0, 0.6, 0.1000004 ], "texture": "#black_concrete" },
				"east": { "uv": [ 0, 0, 0.6, 0.1000004 ], "texture": "#black_concrete" }
			}
		},
		{
			"from": [ 10.7, 0.8, 12 ],
			"to": [ 11.3, 0.8999999, 12.6 ],
			"faces": {
				"up": { "uv": [ 1, 1, 15, 16 ], "texture": "#black_concrete" },
				"north": { "uv": [ 0, 0, 0.6, 0.1000004 ], "texture": "#black_concrete" },
				"south": { "uv": [ 0, 0, 0.6, 0.1000004 ], "texture": "#black_concrete" },
				"west": { "uv": [ 0, 0, 0.6, 0.1000004 ], "texture": "#black_concrete" },
				"east": { "uv": [ 0, 0, 0.6, 0.1000004 ], "texture": "#black_concrete" }
			}
		},
		{
			"from": [ 11.7, 0.8, 12 ],
			"to": [ 12.3, 0.8999999, 12.6 ],
			"faces": {
				"up": { "uv": [ 1, 1, 15, 16 ], "texture": "#black_concrete" },
				"north": { "uv": [ 0, 0, 0.6, 0.1000004 ], "texture": "#black_concrete" },
				"south": { "uv": [ 0, 0, 0.6, 0.1000004 ], "texture": "#black_concrete" },
				"west": { "uv": [ 0, 0, 0.6, 0.1000004 ], "texture": "#black_concrete" },
				"east": { "uv": [ 0, 0, 0.6, 0.1000004 ], "texture": "#black_concrete" }
			}
		}
	],
	"display": {
		"gui": {
			"rotation":  [ 30, 22, 0 ],
			"translation":  [ 0, 2.7826, 0 ]
		},
		"head": {
			"rotation":  [ 0, 180, 0 ],
			"translation":  [ 0, 22, 4 ],
			"scale":  [ 2, 2, 2 ]
		},
		"ground": {
			"translation":  [ 0, 3, 0 ],
			"scale":  [ 0.5, 0.5, 0.5 ]
		},
		"fixed": {
			"rotation":  [ -45, 180, 0 ],
			"translation":  [ 0, 5, -5 ]
		}
	}
}