{
	"__comment": "Model generated using MrCrayfish's Model Creator (https://mrcrayfish.com/tools?id=mc)",
	"textures": {
		"red_concrete": "block/red_concrete",
		"black_stained_glass": "block/black_concrete",
		"gray_concrete": "block/gray_concrete",
		"light_gray_concrete": "block/light_gray_concrete"
	},
	"elements": [
		{
			"from": [ 7, 0, 15 ],
			"to": [ 9, 1, 16 ],
			"faces": {
				"down": { "uv": [ 0, 0, 2, 1 ], "texture": "#light_gray_concrete" },
				"south": { "uv": [ 0, 0, 2, 1 ], "texture": "#light_gray_concrete" },
				"west": { "uv": [ 0, 0, 1, 1 ], "texture": "#light_gray_concrete" },
				"east": { "uv": [ 0, 0, 1, 1 ], "texture": "#light_gray_concrete" }
			}
		},
		{
			"from": [ 6, 0, 14 ],
			"to": [ 10, 1, 15 ],
			"faces": {
				"down": { "uv": [ 0, 0, 4, 1 ], "texture": "#light_gray_concrete" },
				"south": { "uv": [ 0, 0, 4, 1 ], "texture": "#light_gray_concrete" },
				"west": { "uv": [ 0, 0, 1, 1 ], "texture": "#light_gray_concrete" },
				"east": { "uv": [ 0, 0, 1, 1 ], "texture": "#light_gray_concrete" }
			}
		},
		{
			"from": [ 5, 0, 13 ],
			"to": [ 11, 1, 14 ],
			"faces": {
				"down": { "uv": [ 0, 0, 6, 1 ], "texture": "#light_gray_concrete" },
				"south": { "uv": [ 0, 0, 6, 1 ], "texture": "#light_gray_concrete" },
				"west": { "uv": [ 0, 0, 1, 1 ], "texture": "#light_gray_concrete" },
				"east": { "uv": [ 0, 0, 1, 1 ], "texture": "#light_gray_concrete" }
			}
		},
		{
			"from": [ 4, 0, 10 ],
			"to": [ 12, 1, 13 ],
			"faces": {
				"down": { "uv": [ 0, 0, 8, 3 ], "texture": "#light_gray_concrete" },
				"up": { "uv": [ 0, 0, 8, 3 ], "texture": "#light_gray_concrete" },
				"south": { "uv": [ 0, 0, 8, 1 ], "texture": "#light_gray_concrete" },
				"west": { "uv": [ 0, 0, 3, 1 ], "texture": "#light_gray_concrete" },
				"east": { "uv": [ 0, 0, 3, 1 ], "texture": "#light_gray_concrete" }
			}
		},
		{
			"from": [ 3, 0.5, 3 ],
			"to": [ 13, 6, 4 ],
			"faces": {
				"down": { "uv": [ 0, 0, 10, 1 ], "texture": "#light_gray_concrete" },
				"up": { "uv": [ 0, 0, 10, 1 ], "texture": "#light_gray_concrete" },
				"north": { "uv": [ 0, 0, 10, 5.5 ], "texture": "#light_gray_concrete" },
				"south": { "uv": [ 0, 0, 10, 5.5 ], "texture": "#light_gray_concrete" },
				"west": { "uv": [ 0, 0, 1, 5.5 ], "texture": "#light_gray_concrete" },
				"east": { "uv": [ 0, 0, 1, 5.5 ], "texture": "#light_gray_concrete" }
			}
		},
		{
			"from": [ 4, 1, 1 ],
			"to": [ 12, 4, 2 ],
			"faces": {
				"down": { "uv": [ 0, 0, 8, 1 ], "texture": "#light_gray_concrete" },
				"up": { "uv": [ 0, 0, 8, 1 ], "texture": "#light_gray_concrete" },
				"north": { "uv": [ 0, 0, 8, 3 ], "texture": "#light_gray_concrete" },
				"west": { "uv": [ 0, 0, 1, 3 ], "texture": "#light_gray_concrete" },
				"east": { "uv": [ 0, 0, 1, 3 ], "texture": "#light_gray_concrete" }
			}
		},
		{
			"from": [ 5, 1, 0 ],
			"to": [ 11, 3, 1 ],
			"faces": {
				"down": { "uv": [ 0, 0, 6, 1 ], "texture": "#light_gray_concrete" },
				"up": { "uv": [ 0, 0, 6, 1 ], "texture": "#light_gray_concrete" },
				"north": { "uv": [ 0, 0, 6, 2 ], "texture": "#light_gray_concrete" },
				"west": { "uv": [ 0, 0, 1, 2 ], "texture": "#light_gray_concrete" },
				"east": { "uv": [ 0, 0, 1, 2 ], "texture": "#light_gray_concrete" }
			}
		},
		{
			"from": [ 6, 3, 0 ],
			"to": [ 10, 5, 1 ],
			"faces": {
				"up": { "uv": [ 0, 0, 4, 1 ], "texture": "#light_gray_concrete" },
				"north": { "uv": [ 0, 0, 4, 2 ], "texture": "#light_gray_concrete" },
				"south": { "uv": [ 0, 0, 4, 2 ], "texture": "#light_gray_concrete" },
				"west": { "uv": [ 0, 0, 1, 2 ], "texture": "#light_gray_concrete" },
				"east": { "uv": [ 0, 0, 1, 2 ], "texture": "#light_gray_concrete" }
			}
		},
		{
			"from": [ 5, 4, 1 ],
			"to": [ 11, 6, 2 ],
			"faces": {
				"up": { "uv": [ 0, 0, 6, 1 ], "texture": "#light_gray_concrete" },
				"north": { "uv": [ 0, 0, 6, 2 ], "texture": "#light_gray_concrete" },
				"west": { "uv": [ 0, 0, 1, 2 ], "texture": "#light_gray_concrete" },
				"east": { "uv": [ 0, 0, 1, 2 ], "texture": "#light_gray_concrete" }
			}
		},
		{
			"from": [ 5, 6, 2 ],
			"to": [ 11, 7, 3 ],
			"faces": {
				"up": { "uv": [ 0, 0, 6, 1 ], "texture": "#light_gray_concrete" },
				"north": { "uv": [ 0, 0, 6, 1 ], "texture": "#light_gray_concrete" },
				"west": { "uv": [ 0, 0, 1, 1 ], "texture": "#light_gray_concrete" },
				"east": { "uv": [ 0, 0, 1, 1 ], "texture": "#light_gray_concrete" }
			}
		},
		{
			"from": [ 4, 6, 3 ],
			"to": [ 12, 7, 5 ],
			"faces": {
				"down": { "uv": [ 0, 0, 8, 2 ], "texture": "#light_gray_concrete" },
				"up": { "uv": [ 0, 0, 8, 2 ], "texture": "#light_gray_concrete" },
				"north": { "uv": [ 0, 0, 8, 1 ], "texture": "#light_gray_concrete" },
				"west": { "uv": [ 0, 0, 2, 1 ], "texture": "#light_gray_concrete" },
				"east": { "uv": [ 0, 0, 2, 1 ], "texture": "#light_gray_concrete" }
			}
		},
		{
			"from": [ 4, 5, 5 ],
			"to": [ 12, 8, 11 ],
			"faces": {
				"up": { "uv": [ 0, 0, 8, 6 ], "texture": "#light_gray_concrete" },
				"north": { "uv": [ 0, 0, 8, 3 ], "texture": "#light_gray_concrete" },
				"south": { "uv": [ 0, 0, 8, 3 ], "texture": "#light_gray_concrete" },
				"west": { "uv": [ 0, 0, 6, 3 ], "texture": "#light_gray_concrete" },
				"east": { "uv": [ 0, 0, 6, 3 ], "texture": "#light_gray_concrete" }
			}
		},
		{
			"from": [ 3, 5, 5 ],
			"to": [ 4, 7, 11 ],
			"faces": {
				"up": { "uv": [ 0, 0, 1, 6 ], "texture": "#light_gray_concrete" },
				"north": { "uv": [ 0, 0, 1, 2 ], "texture": "#light_gray_concrete" },
				"south": { "uv": [ 0, 0, 1, 2 ], "texture": "#light_gray_concrete" },
				"west": { "uv": [ 0, 0, 6, 2 ], "texture": "#light_gray_concrete" }
			}
		},
		{
			"from": [ 4, 1, 2 ],
			"to": [ 12, 6, 3 ],
			"faces": {
				"up": { "uv": [ 0, 0, 8, 1 ], "texture": "#light_gray_concrete" },
				"north": { "uv": [ 0, 0, 8, 5 ], "texture": "#light_gray_concrete" },
				"west": { "uv": [ 0, 0, 1, 5 ], "texture": "#light_gray_concrete" },
				"east": { "uv": [ 0, 0, 1, 5 ], "texture": "#light_gray_concrete" }
			}
		},
		{
			"from": [ 3, 1, 2 ],
			"to": [ 13, 4, 3 ],
			"faces": {
				"down": { "uv": [ 0, 0, 10, 1 ], "texture": "#light_gray_concrete" },
				"up": { "uv": [ 0, 0, 10, 1 ], "texture": "#light_gray_concrete" },
				"north": { "uv": [ 0, 0, 10, 3 ], "texture": "#light_gray_concrete" },
				"west": { "uv": [ 0, 0, 1, 3 ], "texture": "#light_gray_concrete" },
				"east": { "uv": [ 0, 0, 1, 3 ], "texture": "#light_gray_concrete" }
			}
		},
		{
			"from": [ 12, 5, 5 ],
			"to": [ 13, 7, 11 ],
			"faces": {
				"up": { "uv": [ 0, 0, 1, 6 ], "texture": "#light_gray_concrete" },
				"north": { "uv": [ 0, 0, 1, 2 ], "texture": "#light_gray_concrete" },
				"south": { "uv": [ 0, 0, 1, 2 ], "texture": "#light_gray_concrete" },
				"east": { "uv": [ 0, 0, 6, 2 ], "texture": "#light_gray_concrete" }
			}
		},
		{
			"from": [ 6, 6, 1 ],
			"to": [ 10, 7, 2 ],
			"faces": {
				"up": { "uv": [ 0, 0, 4, 1 ], "texture": "#light_gray_concrete" },
				"north": { "uv": [ 0, 0, 4, 1 ], "texture": "#light_gray_concrete" },
				"west": { "uv": [ 0, 0, 1, 1 ], "texture": "#light_gray_concrete" },
				"east": { "uv": [ 0, 0, 1, 1 ], "texture": "#light_gray_concrete" }
			}
		},
		{
			"from": [ 6, 7, 2 ],
			"to": [ 10, 8, 3 ],
			"faces": {
				"up": { "uv": [ 0, 0, 4, 1 ], "texture": "#light_gray_concrete" },
				"north": { "uv": [ 0, 0, 4, 1 ], "texture": "#light_gray_concrete" },
				"west": { "uv": [ 0, 0, 1, 1 ], "texture": "#light_gray_concrete" },
				"east": { "uv": [ 0, 0, 1, 1 ], "texture": "#light_gray_concrete" }
			}
		},
		{
			"from": [ 5, 7, 3 ],
			"to": [ 11, 8, 4 ],
			"faces": {
				"up": { "uv": [ 0, 0, 6, 1 ], "texture": "#light_gray_concrete" },
				"north": { "uv": [ 0, 0, 6, 1 ], "texture": "#light_gray_concrete" },
				"west": { "uv": [ 0, 0, 1, 1 ], "texture": "#light_gray_concrete" },
				"east": { "uv": [ 0, 0, 1, 1 ], "texture": "#light_gray_concrete" }
			}
		},
		{
			"from": [ 6, 8, 3 ],
			"to": [ 10, 9, 4 ],
			"faces": {
				"up": { "uv": [ 0, 0, 4, 1 ], "texture": "#light_gray_concrete" },
				"north": { "uv": [ 0, 0, 4, 1 ], "texture": "#light_gray_concrete" },
				"west": { "uv": [ 0, 0, 1, 1 ], "texture": "#light_gray_concrete" },
				"east": { "uv": [ 0, 0, 1, 1 ], "texture": "#light_gray_concrete" }
			}
		},
		{
			"from": [ 5, 8, 4 ],
			"to": [ 11, 9, 10 ],
			"faces": {
				"down": { "uv": [ 0, 0, 6, 6 ], "texture": "#light_gray_concrete" },
				"up": { "uv": [ 0, 0, 6, 6 ], "texture": "#light_gray_concrete" },
				"north": { "uv": [ 0, 0, 6, 1 ], "texture": "#light_gray_concrete" },
				"south": { "uv": [ 0, 0, 6, 1 ], "texture": "#light_gray_concrete" },
				"west": { "uv": [ 0, 0, 6, 1 ], "texture": "#light_gray_concrete" },
				"east": { "uv": [ 0, 0, 6, 1 ], "texture": "#light_gray_concrete" }
			}
		},
		{
			"from": [ 6, 9, 4 ],
			"to": [ 10, 10, 10 ],
			"faces": {
				"up": { "uv": [ 0, 0, 4, 6 ], "texture": "#light_gray_concrete" },
				"north": { "uv": [ 0, 0, 4, 1 ], "texture": "#light_gray_concrete" },
				"west": { "uv": [ 0, 0, 6, 1 ], "texture": "#light_gray_concrete" },
				"east": { "uv": [ 0, 0, 6, 1 ], "texture": "#light_gray_concrete" }
			}
		},
		{
			"from": [ 3, 5, 4 ],
			"to": [ 13, 6, 6 ],
			"faces": {
				"up": { "uv": [ 0, 0, 10, 2 ], "texture": "#light_gray_concrete" },
				"south": { "uv": [ 0, 0, 10, 1 ], "texture": "#light_gray_concrete" },
				"west": { "uv": [ 0, 0, 2, 1 ], "texture": "#light_gray_concrete" },
				"east": { "uv": [ 0, 0, 2, 1 ], "texture": "#light_gray_concrete" }
			}
		},
		{
			"from": [ 5, 7, 4 ],
			"to": [ 11, 8, 6 ],
			"faces": {
				"down": { "uv": [ 0, 0, 6, 2 ], "texture": "#light_gray_concrete" },
				"west": { "uv": [ 0, 0, 2, 1 ], "texture": "#light_gray_concrete" },
				"east": { "uv": [ 0, 0, 2, 1 ], "texture": "#light_gray_concrete" }
			}
		},
		{
			"from": [ 6, 8, 10 ],
			"to": [ 10, 10, 11 ],
			"faces": {
				"up": { "uv": [ 0, 0, 4, 1 ], "texture": "#light_gray_concrete" },
				"north": { "uv": [ 0, 0, 4, 2 ], "texture": "#light_gray_concrete" },
				"south": { "uv": [ 0, 0, 4, 2 ], "texture": "#light_gray_concrete" },
				"west": { "uv": [ 0, 0, 1, 2 ], "texture": "#light_gray_concrete" },
				"east": { "uv": [ 0, 0, 1, 2 ], "texture": "#light_gray_concrete" }
			}
		},
		{
			"from": [ 6, 1, 11 ],
			"to": [ 10, 8, 13 ],
			"faces": {
				"up": { "uv": [ 0, 0, 4, 2 ], "texture": "#light_gray_concrete" },
				"north": { "uv": [ 0, 0, 4, 7 ], "texture": "#light_gray_concrete" },
				"south": { "uv": [ 0, 0, 4, 7 ], "texture": "#light_gray_concrete" },
				"west": { "uv": [ 0, 0, 2, 7 ], "texture": "#light_gray_concrete" },
				"east": { "uv": [ 0, 0, 2, 7 ], "texture": "#light_gray_concrete" }
			}
		},
		{
			"from": [ 10, 6, 11 ],
			"to": [ 12, 7, 12 ],
			"faces": {
				"up": { "uv": [ 0, 0, 2, 1 ], "texture": "#black_stained_glass" },
				"east": { "uv": [ 0, 0, 1, 1 ], "texture": "#black_stained_glass" }
			}
		},
		{
			"from": [ 4, 6, 12 ],
			"to": [ 6, 7, 13 ],
			"faces": {
				"down": { "uv": [ 0, 0, 2, 1 ], "texture": "#black_stained_glass" },
				"up": { "uv": [ 0, 0, 2, 1 ], "texture": "#black_stained_glass" },
				"south": { "uv": [ 0, 0, 2, 1 ], "texture": "#black_stained_glass" },
				"west": { "uv": [ 0, 0, 1, 1 ], "texture": "#black_stained_glass" }
			}
		},
		{
			"from": [ 3, 1, 11 ],
			"to": [ 4, 6, 12 ],
			"faces": {
				"down": { "uv": [ 0, 0, 1, 1 ], "texture": "#light_gray_concrete" },
				"up": { "uv": [ 0, 0, 1, 1 ], "texture": "#light_gray_concrete" },
				"north": { "uv": [ 0, 0, 1, 5 ], "texture": "#light_gray_concrete" },
				"south": { "uv": [ 0, 0, 1, 5 ], "texture": "#light_gray_concrete" },
				"west": { "uv": [ 0, 0, 1, 5 ], "texture": "#light_gray_concrete" }
			}
		},
		{
			"from": [ 12, 1, 11 ],
			"to": [ 13, 6, 12 ],
			"faces": {
				"down": { "uv": [ 0, 0, 1, 1 ], "texture": "#light_gray_concrete" },
				"up": { "uv": [ 0, 0, 1, 1 ], "texture": "#light_gray_concrete" },
				"north": { "uv": [ 0, 0, 1, 5 ], "texture": "#light_gray_concrete" },
				"south": { "uv": [ 0, 0, 1, 5 ], "texture": "#light_gray_concrete" },
				"west": { "uv": [ 0, 0, 1, 5 ], "texture": "#light_gray_concrete" },
				"east": { "uv": [ 0, 0, 1, 5 ], "texture": "#light_gray_concrete" }
			}
		},
		{
			"from": [ 5, 7, 11 ],
			"to": [ 11, 8, 12 ],
			"faces": {
				"down": { "uv": [ 0, 0, 6, 1 ], "texture": "#light_gray_concrete" },
				"up": { "uv": [ 0, 0, 6, 1 ], "texture": "#light_gray_concrete" },
				"south": { "uv": [ 0, 0, 6, 1 ], "texture": "#light_gray_concrete" },
				"west": { "uv": [ 0, 0, 1, 1 ], "texture": "#light_gray_concrete" },
				"east": { "uv": [ 0, 0, 1, 1 ], "texture": "#light_gray_concrete" }
			}
		},
		{
			"from": [ 6, 8, 11 ],
			"to": [ 10, 9, 12 ],
			"faces": {
				"up": { "uv": [ 0, 0, 4, 1 ], "texture": "#light_gray_concrete" },
				"south": { "uv": [ 0, 0, 4, 1 ], "texture": "#light_gray_concrete" },
				"west": { "uv": [ 0, 0, 1, 1 ], "texture": "#light_gray_concrete" },
				"east": { "uv": [ 0, 0, 1, 1 ], "texture": "#light_gray_concrete" }
			}
		},
		{
			"from": [ 4, 1, 13 ],
			"to": [ 12, 4, 14 ],
			"faces": {
				"down": { "uv": [ 0, 0, 8, 1 ], "texture": "#light_gray_concrete" },
				"up": { "uv": [ 0, 0, 8, 1 ], "texture": "#light_gray_concrete" },
				"south": { "uv": [ 0, 0, 8, 3 ], "texture": "#light_gray_concrete" },
				"west": { "uv": [ 0, 0, 1, 3 ], "texture": "#light_gray_concrete" },
				"east": { "uv": [ 0, 0, 1, 3 ], "texture": "#light_gray_concrete" }
			}
		},
		{
			"from": [ 5, 5, 13 ],
			"to": [ 11, 6, 14 ],
			"faces": {
				"up": { "uv": [ 0, 0, 6, 1 ], "texture": "#black_stained_glass" },
				"south": { "uv": [ 0, 0, 6, 1 ], "texture": "#black_stained_glass" },
				"west": { "uv": [ 0, 0, 1, 1 ], "texture": "#black_stained_glass" },
				"east": { "uv": [ 0, 0, 1, 1 ], "texture": "#black_stained_glass" }
			}
		},
		{
			"from": [ 6, 6, 13 ],
			"to": [ 10, 7, 14 ],
			"faces": {
				"up": { "uv": [ 0, 0, 4, 1 ], "texture": "#light_gray_concrete" },
				"south": { "uv": [ 0, 0, 4, 1 ], "texture": "#light_gray_concrete" },
				"west": { "uv": [ 0, 0, 1, 1 ], "texture": "#light_gray_concrete" },
				"east": { "uv": [ 0, 0, 1, 1 ], "texture": "#light_gray_concrete" }
			}
		},
		{
			"from": [ 5, 1, 14 ],
			"to": [ 11, 3, 15 ],
			"faces": {
				"down": { "uv": [ 0, 0, 6, 1 ], "texture": "#light_gray_concrete" },
				"south": { "uv": [ 0, 0, 6, 2 ], "texture": "#light_gray_concrete" },
				"west": { "uv": [ 0, 0, 1, 2 ], "texture": "#light_gray_concrete" },
				"east": { "uv": [ 0, 0, 1, 2 ], "texture": "#light_gray_concrete" }
			}
		},
		{
			"from": [ 6, 4, 14 ],
			"to": [ 10, 5, 15 ],
			"faces": {
				"up": { "uv": [ 0, 0, 4, 1 ], "texture": "#black_stained_glass" },
				"south": { "uv": [ 0, 0, 4, 1 ], "texture": "#black_stained_glass" },
				"west": { "uv": [ 0, 0, 1, 1 ], "texture": "#black_stained_glass" },
				"east": { "uv": [ 0, 0, 1, 1 ], "texture": "#black_stained_glass" }
			}
		},
		{
			"from": [ 7, 1, 15 ],
			"to": [ 9, 2, 16 ],
			"faces": {
				"south": { "uv": [ 3, 3, 5, 4 ], "texture": "#black_stained_glass" }
			}
		},
		{
			"from": [ 7, 3, 15 ],
			"to": [ 9, 4, 16 ],
			"faces": {
				"up": { "uv": [ 0, 0, 2, 1 ], "texture": "#black_stained_glass" },
				"south": { "uv": [ 0, 0, 2, 1 ], "texture": "#black_stained_glass" },
				"west": { "uv": [ 0, 0, 1, 1 ], "texture": "#black_stained_glass" },
				"east": { "uv": [ 0, 0, 1, 1 ], "texture": "#black_stained_glass" }
			}
		},
		{
			"from": [ 6, 2, 15 ],
			"to": [ 10, 3, 16 ],
			"faces": {
				"down": { "uv": [ 0, 0, 4, 1 ], "texture": "#black_stained_glass" },
				"up": { "uv": [ 0, 0, 4, 1 ], "texture": "#black_stained_glass" },
				"south": { "uv": [ 0, 0, 4, 1 ], "texture": "#black_stained_glass" },
				"west": { "uv": [ 0, 0, 1, 1 ], "texture": "#black_stained_glass" },
				"east": { "uv": [ 0, 0, 1, 1 ], "texture": "#black_stained_glass" }
			}
		},
		{
			"from": [ 6, 1, 15 ],
			"to": [ 7, 2, 16 ],
			"faces": {
				"down": { "uv": [ 0, 0, 1, 1 ], "texture": "#light_gray_concrete" },
				"south": { "uv": [ 0, 0, 1, 1 ], "texture": "#light_gray_concrete" },
				"west": { "uv": [ 0, 0, 1, 1 ], "texture": "#light_gray_concrete" }
			}
		},
		{
			"from": [ 9, 1, 15 ],
			"to": [ 10, 2, 16 ],
			"faces": {
				"down": { "uv": [ 0, 0, 1, 1 ], "texture": "#light_gray_concrete" },
				"south": { "uv": [ 0, 0, 1, 1 ], "texture": "#light_gray_concrete" },
				"east": { "uv": [ 0, 0, 1, 1 ], "texture": "#light_gray_concrete" }
			}
		},
		{
			"from": [ 5, 3, 14 ],
			"to": [ 11, 4, 15 ],
			"faces": {
				"up": { "uv": [ 0, 0, 6, 1 ], "texture": "#black_stained_glass" },
				"south": { "uv": [ 0, 0, 6, 1 ], "texture": "#black_stained_glass" },
				"west": { "uv": [ 0, 0, 1, 1 ], "texture": "#black_stained_glass" },
				"east": { "uv": [ 0, 0, 1, 1 ], "texture": "#black_stained_glass" }
			}
		},
		{
			"from": [ 5, 4, 13 ],
			"to": [ 11, 5, 14 ],
			"faces": {
				"south": { "uv": [ 0, 0, 6, 1 ], "texture": "#black_stained_glass" }
			}
		},
		{
			"from": [ 4, 4, 13 ],
			"to": [ 5, 5, 14 ],
			"faces": {
				"up": { "uv": [ 0, 0, 1, 1 ], "texture": "#light_gray_concrete" },
				"south": { "uv": [ 0, 0, 1, 1 ], "texture": "#light_gray_concrete" },
				"west": { "uv": [ 0, 0, 1, 1 ], "texture": "#light_gray_concrete" }
			}
		},
		{
			"from": [ 11, 4, 13 ],
			"to": [ 12, 5, 14 ],
			"faces": {
				"up": { "uv": [ 0, 0, 1, 1 ], "texture": "#light_gray_concrete" },
				"south": { "uv": [ 0, 0, 1, 1 ], "texture": "#light_gray_concrete" },
				"east": { "uv": [ 0, 0, 1, 1 ], "texture": "#light_gray_concrete" }
			}
		},
		{
			"from": [ 10, 6, 12 ],
			"to": [ 12, 7, 13 ],
			"faces": {
				"down": { "uv": [ 0, 0, 2, 1 ], "texture": "#black_stained_glass" },
				"up": { "uv": [ 0, 0, 2, 1 ], "texture": "#black_stained_glass" },
				"south": { "uv": [ 0, 0, 2, 1 ], "texture": "#black_stained_glass" },
				"east": { "uv": [ 0, 0, 1, 1 ], "texture": "#black_stained_glass" }
			}
		},
		{
			"from": [ 4, 1, 11 ],
			"to": [ 6, 7, 12 ],
			"faces": {
				"up": { "uv": [ 0, 0, 2, 1 ], "texture": "#black_stained_glass" },
				"north": { "uv": [ 0, 0, 2, 6 ], "texture": "#black_stained_glass" },
				"south": { "uv": [ 0, 0, 2, 6 ], "texture": "#black_stained_glass" },
				"west": { "uv": [ 0, 0, 1, 6 ], "texture": "#black_stained_glass" }
			}
		},
		{
			"from": [ 5, 1, 12 ],
			"to": [ 11, 6, 13 ],
			"faces": {
				"up": { "uv": [ 0, 0, 6, 1 ], "texture": "#light_gray_concrete" },
				"north": { "uv": [ 0, 0, 6, 5 ], "texture": "#light_gray_concrete" },
				"south": { "uv": [ 0, 0, 6, 5 ], "texture": "#light_gray_concrete" },
				"west": { "uv": [ 0, 0, 1, 5 ], "texture": "#light_gray_concrete" },
				"east": { "uv": [ 0, 0, 1, 5 ], "texture": "#light_gray_concrete" }
			}
		},
		{
			"from": [ 4, 5, 12 ],
			"to": [ 5, 6, 13 ],
			"faces": {
				"south": { "uv": [ 8, 4, 9, 5 ], "texture": "#black_stained_glass" }
			}
		},
		{
			"from": [ 11, 5, 12 ],
			"to": [ 12, 6, 13 ],
			"faces": {
				"south": { "uv": [ 0, 0, 1, 1 ], "texture": "#black_stained_glass" }
			}
		},
		{
			"from": [ 10, 2, 11 ],
			"to": [ 12, 6, 12 ],
			"faces": {
				"north": { "uv": [ 0, 0, 2, 4 ], "texture": "#light_gray_concrete" },
				"south": { "uv": [ 0, 0, 2, 4 ], "texture": "#light_gray_concrete" }
			}
		},
		{
			"from": [ 3, 2, 12 ],
			"to": [ 4, 6, 13 ],
			"faces": {
				"down": { "uv": [ 0, 0, 1, 1 ], "texture": "#light_gray_concrete" },
				"up": { "uv": [ 0, 0, 1, 1 ], "texture": "#light_gray_concrete" },
				"south": { "uv": [ 0, 0, 1, 4 ], "texture": "#light_gray_concrete" },
				"west": { "uv": [ 0, 0, 1, 4 ], "texture": "#light_gray_concrete" },
				"east": { "uv": [ 0, 0, 1, 4 ], "texture": "#light_gray_concrete" }
			}
		},
		{
			"from": [ 12, 2, 12 ],
			"to": [ 13, 6, 13 ],
			"faces": {
				"down": { "uv": [ 0, 0, 1, 1 ], "texture": "#light_gray_concrete" },
				"up": { "uv": [ 0, 0, 1, 1 ], "texture": "#light_gray_concrete" },
				"south": { "uv": [ 0, 0, 1, 4 ], "texture": "#light_gray_concrete" },
				"west": { "uv": [ 0, 0, 1, 4 ], "texture": "#light_gray_concrete" },
				"east": { "uv": [ 0, 0, 1, 4 ], "texture": "#light_gray_concrete" }
			}
		},
		{
			"from": [ 4, 1, 11 ],
			"to": [ 12, 5, 13 ],
			"faces": {
				"up": { "uv": [ 0, 0, 8, 2 ], "texture": "#light_gray_concrete" },
				"south": { "uv": [ 0, 0, 8, 4 ], "texture": "#light_gray_concrete" },
				"west": { "uv": [ 0, 0, 2, 4 ], "texture": "#light_gray_concrete" },
				"east": { "uv": [ 0, 0, 2, 4 ], "texture": "#light_gray_concrete" }
			}
		},
		{
			"from": [ 3, 0, 4 ],
			"to": [ 13, 5, 11 ],
			"faces": {
				"down": { "uv": [ 0, 0, 10, 7 ], "texture": "#light_gray_concrete" },
				"up": { "uv": [ 0, 0, 10, 7 ], "texture": "#light_gray_concrete" },
				"north": { "uv": [ 0, 0, 10, 5 ], "texture": "#light_gray_concrete" },
				"south": { "uv": [ 0, 0, 10, 5 ], "texture": "#light_gray_concrete" },
				"west": { "uv": [ 0, 0, 7, 5 ], "texture": "#light_gray_concrete" },
				"east": { "uv": [ 0, 0, 7, 5 ], "texture": "#light_gray_concrete" }
			}
		},
		{
			"from": [ 5.5, 9, 10 ],
			"to": [ 6, 10, 11 ],
			"rotation": { "origin": [ 8, 8, 8 ], "axis": "x", "angle": 22.5 },
			"faces": {
				"down": { "uv": [ 0, 0, 0.5, 1 ], "texture": "#gray_concrete" },
				"up": { "uv": [ 0, 0, 0.5, 1 ], "texture": "#gray_concrete" },
				"north": { "uv": [ 0, 0, 0.5, 1 ], "texture": "#gray_concrete" },
				"south": { "uv": [ 0, 0, 0.5, 1 ], "texture": "#gray_concrete" },
				"west": { "uv": [ 0, 0, 1, 1 ], "texture": "#gray_concrete" },
				"east": { "uv": [ 0, 0, 1, 1 ], "texture": "#gray_concrete" }
			}
		},
		{
			"from": [ 5, 8, 9.5 ],
			"to": [ 5.99, 10, 10.5 ],
			"rotation": { "origin": [ 8, 8, 8 ], "axis": "x", "angle": 22.5 },
			"faces": {
				"down": { "uv": [ 0, 0, 0.99, 1 ], "texture": "#gray_concrete" },
				"up": { "uv": [ 0, 0, 0.99, 1 ], "texture": "#gray_concrete" },
				"north": { "uv": [ 0, 0, 0.99, 2 ], "texture": "#gray_concrete" },
				"south": { "uv": [ 0, 0, 0.99, 2 ], "texture": "#gray_concrete" },
				"west": { "uv": [ 0, 0, 1, 2 ], "texture": "#gray_concrete" },
				"east": { "uv": [ 0, 0, 1, 2 ], "texture": "#gray_concrete" }
			}
		},
		{
			"from": [ 10, 8, 9.5 ],
			"to": [ 10.99, 10, 10.5 ],
			"rotation": { "origin": [ 8, 8, 8 ], "axis": "x", "angle": 22.5 },
			"faces": {
				"down": { "uv": [ 0, 0, 0.99, 1 ], "texture": "#gray_concrete" },
				"up": { "uv": [ 0, 0, 0.99, 1 ], "texture": "#gray_concrete" },
				"north": { "uv": [ 0, 0, 0.99, 2 ], "texture": "#gray_concrete" },
				"south": { "uv": [ 0, 0, 0.99, 2 ], "texture": "#gray_concrete" },
				"west": { "uv": [ 0, 0, 1, 2 ], "texture": "#gray_concrete" },
				"east": { "uv": [ 0, 0, 1, 2 ], "texture": "#gray_concrete" }
			}
		},
		{
			"from": [ 10, 9, 10 ],
			"to": [ 10.5, 10, 11 ],
			"rotation": { "origin": [ 8, 8, 8 ], "axis": "x", "angle": 22.5 },
			"faces": {
				"down": { "uv": [ 0, 0, 0.5, 1 ], "texture": "#gray_concrete" },
				"up": { "uv": [ 0, 0, 0.5, 1 ], "texture": "#gray_concrete" },
				"north": { "uv": [ 0, 0, 0.5, 1 ], "texture": "#gray_concrete" },
				"south": { "uv": [ 0, 0, 0.5, 1 ], "texture": "#gray_concrete" },
				"west": { "uv": [ 0, 0, 1, 1 ], "texture": "#gray_concrete" },
				"east": { "uv": [ 0, 0, 1, 1 ], "texture": "#gray_concrete" }
			}
		},
		{
			"from": [ 9, 6, 13.1 ],
			"to": [ 9.5, 7.1, 14.1 ],
			"faces": {
				"down": { "uv": [ 0, 0, 0.5, 1 ], "texture": "#red_concrete" },
				"up": { "uv": [ 0, 0, 0.5, 1 ], "texture": "#red_concrete" },
				"north": { "uv": [ 0, 0, 0.5, 1.1 ], "texture": "#red_concrete" },
				"south": { "uv": [ 0, 0, 0.5, 1.1 ], "texture": "#red_concrete" },
				"west": { "uv": [ 0, 0, 1, 1.1 ], "texture": "#red_concrete" },
				"east": { "uv": [ 0, 0, 1, 1.1 ], "texture": "#red_concrete" }
			}
		},
		{
			"from": [ 9, 7, 12.1 ],
			"to": [ 9.5, 8.1, 13.1 ],
			"faces": {
				"down": { "uv": [ 0, 0, 0.5, 1 ], "texture": "#red_concrete" },
				"up": { "uv": [ 0, 0, 0.5, 1 ], "texture": "#red_concrete" },
				"north": { "uv": [ 0, 0, 0.5, 1.1 ], "texture": "#red_concrete" },
				"south": { "uv": [ 0, 0, 0.5, 1.1 ], "texture": "#red_concrete" },
				"west": { "uv": [ 0, 0, 1, 1.1 ], "texture": "#red_concrete" },
				"east": { "uv": [ 0, 0, 1, 1.1 ], "texture": "#red_concrete" }
			}
		},
		{
			"from": [ 9, 8, 11.1 ],
			"to": [ 9.5, 9.1, 12.1 ],
			"faces": {
				"up": { "uv": [ 0, 0, 0.5, 1 ], "texture": "#red_concrete" },
				"north": { "uv": [ 0, 0, 0.5, 1.1 ], "texture": "#red_concrete" },
				"south": { "uv": [ 0, 0, 0.5, 1.1 ], "texture": "#red_concrete" },
				"west": { "uv": [ 0, 0, 1, 1.1 ], "texture": "#red_concrete" },
				"east": { "uv": [ 0, 0, 1, 1.1 ], "texture": "#red_concrete" }
			}
		},
		{
			"from": [ 9, 9, 3.9 ],
			"to": [ 9.5, 10.1, 11.1 ],
			"faces": {
				"down": { "uv": [ 0, 0, 0.5, 7.2 ], "texture": "#red_concrete" },
				"up": { "uv": [ 0, 0, 0.5, 7.2 ], "texture": "#red_concrete" },
				"north": { "uv": [ 0, 0, 0.5, 1.1 ], "texture": "#red_concrete" },
				"south": { "uv": [ 0, 0, 0.5, 1.1 ], "texture": "#red_concrete" },
				"west": { "uv": [ 0, 0, 7.2, 1.1 ], "texture": "#red_concrete" },
				"east": { "uv": [ 0, 0, 7.2, 1.1 ], "texture": "#red_concrete" }
			}
		},
		{
			"from": [ 9, 8, 2.9 ],
			"to": [ 9.5, 9.1, 4.099999 ],
			"faces": {
				"down": { "uv": [ 0, 0, 0.5, 1.2 ], "texture": "#red_concrete" },
				"up": { "uv": [ 0, 0, 0.5, 1.2 ], "texture": "#red_concrete" },
				"north": { "uv": [ 0, 0, 0.5, 1.1 ], "texture": "#red_concrete" },
				"south": { "uv": [ 0, 0, 0.5, 1.1 ], "texture": "#red_concrete" },
				"west": { "uv": [ 0, 0, 1.2, 1.1 ], "texture": "#red_concrete" },
				"east": { "uv": [ 0, 0, 1.2, 1.1 ], "texture": "#red_concrete" }
			}
		},
		{
			"from": [ 9, 7, 1.9 ],
			"to": [ 9.5, 8.1, 3.1 ],
			"faces": {
				"down": { "uv": [ 0, 0, 0.5, 1.2 ], "texture": "#red_concrete" },
				"up": { "uv": [ 0, 0, 0.5, 1.2 ], "texture": "#red_concrete" },
				"north": { "uv": [ 0, 0, 0.5, 1.1 ], "texture": "#red_concrete" },
				"south": { "uv": [ 0, 0, 0.5, 1.1 ], "texture": "#red_concrete" },
				"west": { "uv": [ 0, 0, 1.2, 1.1 ], "texture": "#red_concrete" },
				"east": { "uv": [ 0, 0, 1.2, 1.1 ], "texture": "#red_concrete" }
			}
		},
		{
			"from": [ 9, 5, 0.9 ],
			"to": [ 9.5, 7.1, 2.1 ],
			"faces": {
				"down": { "uv": [ 0, 0, 0.5, 1.2 ], "texture": "#red_concrete" },
				"up": { "uv": [ 0, 0, 0.5, 1.2 ], "texture": "#red_concrete" },
				"north": { "uv": [ 0, 0, 0.5, 2.1 ], "texture": "#red_concrete" },
				"south": { "uv": [ 0, 0, 0.5, 2.1 ], "texture": "#red_concrete" },
				"west": { "uv": [ 0, 0, 1.2, 2.1 ], "texture": "#red_concrete" },
				"east": { "uv": [ 0, 0, 1.2, 2.1 ], "texture": "#red_concrete" }
			}
		},
		{
			"from": [ 9, 1, -0.09999999 ],
			"to": [ 9.5, 5.1, 1.1 ],
			"faces": {
				"down": { "uv": [ 0, 0, 0.5, 1.2 ], "texture": "#red_concrete" },
				"up": { "uv": [ 0, 0, 0.5, 1.2 ], "texture": "#red_concrete" },
				"north": { "uv": [ 0, 0, 0.5, 4.1 ], "texture": "#red_concrete" },
				"south": { "uv": [ 0, 0, 0.5, 4.1 ], "texture": "#red_concrete" },
				"west": { "uv": [ 0, 0, 1.2, 4.1 ], "texture": "#red_concrete" },
				"east": { "uv": [ 0, 0, 1.2, 4.1 ], "texture": "#red_concrete" }
			}
		},
		{
			"from": [ 6.5, 1, -0.09999999 ],
			"to": [ 7, 5.1, 1.1 ],
			"faces": {
				"down": { "uv": [ 0, 0, 0.5, 1.2 ], "texture": "#red_concrete" },
				"up": { "uv": [ 0, 0, 0.5, 1.2 ], "texture": "#red_concrete" },
				"north": { "uv": [ 0, 0, 0.5, 4.1 ], "texture": "#red_concrete" },
				"south": { "uv": [ 0, 0, 0.5, 4.1 ], "texture": "#red_concrete" },
				"west": { "uv": [ 0, 0, 1.2, 4.1 ], "texture": "#red_concrete" },
				"east": { "uv": [ 0, 0, 1.2, 4.1 ], "texture": "#red_concrete" }
			}
		},
		{
			"from": [ 6.5, 5, 0.9 ],
			"to": [ 7, 7.1, 2.1 ],
			"faces": {
				"down": { "uv": [ 0, 0, 0.5, 1.2 ], "texture": "#red_concrete" },
				"up": { "uv": [ 0, 0, 0.5, 1.2 ], "texture": "#red_concrete" },
				"north": { "uv": [ 0, 0, 0.5, 2.1 ], "texture": "#red_concrete" },
				"south": { "uv": [ 0, 0, 0.5, 2.1 ], "texture": "#red_concrete" },
				"west": { "uv": [ 0, 0, 1.2, 2.1 ], "texture": "#red_concrete" },
				"east": { "uv": [ 0, 0, 1.2, 2.1 ], "texture": "#red_concrete" }
			}
		},
		{
			"from": [ 6.5, 7, 1.9 ],
			"to": [ 7, 8.1, 3.1 ],
			"faces": {
				"down": { "uv": [ 0, 0, 0.5, 1.2 ], "texture": "#red_concrete" },
				"up": { "uv": [ 0, 0, 0.5, 1.2 ], "texture": "#red_concrete" },
				"north": { "uv": [ 0, 0, 0.5, 1.1 ], "texture": "#red_concrete" },
				"south": { "uv": [ 0, 0, 0.5, 1.1 ], "texture": "#red_concrete" },
				"west": { "uv": [ 0, 0, 1.2, 1.1 ], "texture": "#red_concrete" },
				"east": { "uv": [ 0, 0, 1.2, 1.1 ], "texture": "#red_concrete" }
			}
		},
		{
			"from": [ 6.5, 8, 2.9 ],
			"to": [ 7, 9.1, 4.099999 ],
			"faces": {
				"down": { "uv": [ 0, 0, 0.5, 1.2 ], "texture": "#red_concrete" },
				"up": { "uv": [ 0, 0, 0.5, 1.2 ], "texture": "#red_concrete" },
				"north": { "uv": [ 0, 0, 0.5, 1.1 ], "texture": "#red_concrete" },
				"south": { "uv": [ 0, 0, 0.5, 1.1 ], "texture": "#red_concrete" },
				"west": { "uv": [ 0, 0, 1.2, 1.1 ], "texture": "#red_concrete" },
				"east": { "uv": [ 0, 0, 1.2, 1.1 ], "texture": "#red_concrete" }
			}
		},
		{
			"from": [ 6.5, 9, 3.9 ],
			"to": [ 7, 10.1, 11.1 ],
			"faces": {
				"down": { "uv": [ 0, 0, 0.5, 7.2 ], "texture": "#red_concrete" },
				"up": { "uv": [ 0, 0, 0.5, 7.2 ], "texture": "#red_concrete" },
				"north": { "uv": [ 0, 0, 0.5, 1.1 ], "texture": "#red_concrete" },
				"south": { "uv": [ 0, 0, 0.5, 1.1 ], "texture": "#red_concrete" },
				"west": { "uv": [ 0, 0, 7.2, 1.1 ], "texture": "#red_concrete" },
				"east": { "uv": [ 0, 0, 7.2, 1.1 ], "texture": "#red_concrete" }
			}
		},
		{
			"from": [ 6.5, 8, 11.1 ],
			"to": [ 7, 9.1, 12.1 ],
			"faces": {
				"up": { "uv": [ 0, 0, 0.5, 1 ], "texture": "#red_concrete" },
				"north": { "uv": [ 0, 0, 0.5, 1.1 ], "texture": "#red_concrete" },
				"south": { "uv": [ 0, 0, 0.5, 1.1 ], "texture": "#red_concrete" },
				"west": { "uv": [ 0, 0, 1, 1.1 ], "texture": "#red_concrete" },
				"east": { "uv": [ 0, 0, 1, 1.1 ], "texture": "#red_concrete" }
			}
		},
		{
			"from": [ 6.5, 7, 12.1 ],
			"to": [ 7, 8.1, 13.1 ],
			"faces": {
				"down": { "uv": [ 0, 0, 0.5, 1 ], "texture": "#red_concrete" },
				"up": { "uv": [ 0, 0, 0.5, 1 ], "texture": "#red_concrete" },
				"north": { "uv": [ 0, 0, 0.5, 1.1 ], "texture": "#red_concrete" },
				"south": { "uv": [ 0, 0, 0.5, 1.1 ], "texture": "#red_concrete" },
				"west": { "uv": [ 0, 0, 1, 1.1 ], "texture": "#red_concrete" },
				"east": { "uv": [ 0, 0, 1, 1.1 ], "texture": "#red_concrete" }
			}
		},
		{
			"from": [ 6.5, 6, 13.1 ],
			"to": [ 7, 7.1, 14.1 ],
			"faces": {
				"down": { "uv": [ 0, 0, 0.5, 1 ], "texture": "#red_concrete" },
				"up": { "uv": [ 0, 0, 0.5, 1 ], "texture": "#red_concrete" },
				"north": { "uv": [ 0, 0, 0.5, 1.1 ], "texture": "#red_concrete" },
				"south": { "uv": [ 0, 0, 0.5, 1.1 ], "texture": "#red_concrete" },
				"west": { "uv": [ 0, 0, 1, 1.1 ], "texture": "#red_concrete" },
				"east": { "uv": [ 0, 0, 1, 1.1 ], "texture": "#red_concrete" }
			}
		}
	],
	"display": {
		"thirdperson_righthand": {
			"rotation":  [ 75, -121, 0 ],
			"translation":  [ 0, -0.282, 1.3913 ],
			"scale":  [ 0.5, 0.5, 0.5 ]
		},
		"thirdperson_lefthand": {
			"rotation":  [ 75, -121, 0 ],
			"translation":  [ 0, -0.282, 1.3913 ],
			"scale":  [ 0.5, 0.5, 0.5 ]
		},
		"firstperson_righthand": {
			"rotation":  [ 0, 315, 0 ],
			"translation":  [ 0, 7.3695, 0 ]
		},
		"firstperson_lefthand": {
			"rotation":  [ 0, 315, 0 ],
			"translation":  [ 0, 7.3695, 0 ]
		},
		"gui": {
			"rotation":  [ 30, 45, 0 ],
			"translation":  [ 0, 3, 0 ]
		},
		"head": {
			"rotation":  [ 0, 180, 0 ],
			"translation":  [ 0, 9.2, 0 ],
			"scale":  [ 1.9, 1.9, 1.9 ]
		},
		"ground": {
			"translation":  [ 0, 3, 0 ],
			"scale":  [ 0.5, 0.5, 0.5 ]
		},
		"fixed": {
			"rotation":  [ 0, 180, 0 ],
			"translation":  [ 0, 5, 0 ],
			"scale":  [ 1.5, 1.5, 1.5 ]
		}
	}
}