{
	"__comment": "Model generated using MrCrayfish's Model Creator (https://mrcrayfish.com/tools?id=mc)",
	"textures": {
		"white_wool": "block/white_wool",
		"red_wool": "block/red_wool",
		"black_wool": "block/black_wool",
		"pink_wool": "block/pink_wool"
	},
	"elements": [
		{
			"from": [ 4, 1, 6 ],
			"to": [ 12, 13, 10 ],
			"faces": {
				"down": { "uv": [ 0, 0, 8, 4 ], "texture": "#pink_wool" },
				"up": { "uv": [ 0, 0, 8, 4 ], "texture": "#pink_wool" },
				"north": { "uv": [ 0, 0, 8, 12 ], "texture": "#pink_wool" },
				"south": { "uv": [ 0, 0, 8, 12 ], "texture": "#pink_wool" },
				"west": { "uv": [ 0, 0, 4, 12 ], "texture": "#pink_wool" },
				"east": { "uv": [ 0, 0, 4, 12 ], "texture": "#pink_wool" }
			}
		},
		{
			"from": [ 6, 1, 4 ],
			"to": [ 10, 13, 12 ],
			"faces": {
				"down": { "uv": [ 0, 0, 4, 8 ], "texture": "#pink_wool" },
				"up": { "uv": [ 0, 0, 4, 8 ], "texture": "#pink_wool" },
				"north": { "uv": [ 0, 0, 4, 12 ], "texture": "#pink_wool" },
				"south": { "uv": [ 0, 0, 4, 12 ], "texture": "#pink_wool" },
				"west": { "uv": [ 0, 0, 8, 12 ], "texture": "#pink_wool" },
				"east": { "uv": [ 0, 0, 8, 12 ], "texture": "#pink_wool" }
			}
		},
		{
			"from": [ 7, 0, 5 ],
			"to": [ 9, 14, 11 ],
			"faces": {
				"down": { "uv": [ 0, 0, 2, 6 ], "texture": "#pink_wool" },
				"up": { "uv": [ 0, 0, 2, 6 ], "texture": "#pink_wool" },
				"north": { "uv": [ 0, 0, 2, 14 ], "texture": "#pink_wool" },
				"south": { "uv": [ 0, 0, 2, 14 ], "texture": "#pink_wool" },
				"west": { "uv": [ 0, 0, 6, 14 ], "texture": "#pink_wool" },
				"east": { "uv": [ 0, 0, 6, 14 ], "texture": "#pink_wool" }
			}
		},
		{
			"from": [ 5, 0, 7 ],
			"to": [ 11, 14, 9 ],
			"faces": {
				"down": { "uv": [ 0, 0, 6, 2 ], "texture": "#pink_wool" },
				"up": { "uv": [ 0, 0, 6, 2 ], "texture": "#pink_wool" },
				"north": { "uv": [ 0, 0, 6, 14 ], "texture": "#pink_wool" },
				"south": { "uv": [ 0, 0, 6, 14 ], "texture": "#pink_wool" },
				"west": { "uv": [ 0, 0, 2, 14 ], "texture": "#pink_wool" },
				"east": { "uv": [ 0, 0, 2, 14 ], "texture": "#pink_wool" }
			}
		},
		{
			"from": [ 6, 0, 6 ],
			"to": [ 10, 14, 10 ],
			"faces": {
				"down": { "uv": [ 0, 0, 4, 4 ], "texture": "#pink_wool" },
				"up": { "uv": [ 0, 0, 4, 4 ], "texture": "#pink_wool" },
				"north": { "uv": [ 0, 0, 4, 14 ], "texture": "#pink_wool" },
				"south": { "uv": [ 0, 0, 4, 14 ], "texture": "#pink_wool" },
				"west": { "uv": [ 0, 0, 4, 14 ], "texture": "#pink_wool" },
				"east": { "uv": [ 0, 0, 4, 14 ], "texture": "#pink_wool" }
			}
		},
		{
			"from": [ 3, 2, 5 ],
			"to": [ 13, 12, 11 ],
			"faces": {
				"down": { "uv": [ 0, 0, 10, 6 ], "texture": "#pink_wool" },
				"up": { "uv": [ 0, 0, 10, 6 ], "texture": "#pink_wool" },
				"north": { "uv": [ 0, 0, 10, 10 ], "texture": "#pink_wool" },
				"south": { "uv": [ 0, 0, 10, 10 ], "texture": "#pink_wool" },
				"west": { "uv": [ 0, 0, 6, 10 ], "texture": "#pink_wool" },
				"east": { "uv": [ 0, 0, 6, 10 ], "texture": "#pink_wool" }
			}
		},
		{
			"from": [ 5, 1, 5 ],
			"to": [ 11, 13, 11 ],
			"faces": {
				"down": { "uv": [ 0, 0, 6, 6 ], "texture": "#pink_wool" },
				"up": { "uv": [ 0, 0, 6, 6 ], "texture": "#pink_wool" },
				"north": { "uv": [ 0, 0, 6, 12 ], "texture": "#pink_wool" },
				"south": { "uv": [ 0, 0, 6, 12 ], "texture": "#pink_wool" },
				"west": { "uv": [ 0, 0, 6, 12 ], "texture": "#pink_wool" },
				"east": { "uv": [ 0, 0, 6, 12 ], "texture": "#pink_wool" }
			}
		},
		{
			"from": [ 5, 2, 3 ],
			"to": [ 11, 12, 13 ],
			"faces": {
				"down": { "uv": [ 0, 0, 6, 10 ], "texture": "#pink_wool" },
				"up": { "uv": [ 0, 0, 6, 10 ], "texture": "#pink_wool" },
				"north": { "uv": [ 0, 0, 6, 10 ], "texture": "#pink_wool" },
				"south": { "uv": [ 0, 0, 6, 10 ], "texture": "#pink_wool" },
				"west": { "uv": [ 0, 0, 10, 10 ], "texture": "#pink_wool" },
				"east": { "uv": [ 0, 0, 10, 10 ], "texture": "#pink_wool" }
			}
		},
		{
			"from": [ 4, 2, 4 ],
			"to": [ 12, 12, 12 ],
			"faces": {
				"down": { "uv": [ 0, 0, 8, 8 ], "texture": "#pink_wool" },
				"up": { "uv": [ 0, 0, 8, 8 ], "texture": "#pink_wool" },
				"north": { "uv": [ 0, 0, 8, 10 ], "texture": "#pink_wool" },
				"south": { "uv": [ 0, 0, 8, 10 ], "texture": "#pink_wool" },
				"west": { "uv": [ 0, 0, 8, 10 ], "texture": "#pink_wool" },
				"east": { "uv": [ 0, 0, 8, 10 ], "texture": "#pink_wool" }
			}
		},
		{
			"from": [ 6, 3, 2 ],
			"to": [ 10, 11, 14 ],
			"faces": {
				"down": { "uv": [ 0, 0, 4, 12 ], "texture": "#pink_wool" },
				"up": { "uv": [ 0, 0, 4, 12 ], "texture": "#pink_wool" },
				"north": { "uv": [ 0, 0, 4, 8 ], "texture": "#pink_wool" },
				"south": { "uv": [ 0, 0, 4, 8 ], "texture": "#pink_wool" },
				"west": { "uv": [ 0, 0, 12, 8 ], "texture": "#pink_wool" },
				"east": { "uv": [ 0, 0, 12, 8 ], "texture": "#pink_wool" }
			}
		},
		{
			"from": [ 2, 3, 6 ],
			"to": [ 14, 11, 10 ],
			"faces": {
				"down": { "uv": [ 0, 0, 12, 4 ], "texture": "#pink_wool" },
				"up": { "uv": [ 0, 0, 12, 4 ], "texture": "#pink_wool" },
				"north": { "uv": [ 0, 0, 12, 8 ], "texture": "#pink_wool" },
				"south": { "uv": [ 0, 0, 12, 8 ], "texture": "#pink_wool" },
				"west": { "uv": [ 0, 0, 4, 8 ], "texture": "#pink_wool" },
				"east": { "uv": [ 0, 0, 4, 8 ], "texture": "#pink_wool" }
			}
		},
		{
			"from": [ 3, 3, 10 ],
			"to": [ 13, 11, 12 ],
			"faces": {
				"down": { "uv": [ 0, 0, 10, 2 ], "texture": "#pink_wool" },
				"up": { "uv": [ 0, 0, 10, 2 ], "texture": "#pink_wool" },
				"south": { "uv": [ 0, 0, 10, 8 ], "texture": "#pink_wool" },
				"west": { "uv": [ 0, 0, 2, 8 ], "texture": "#pink_wool" },
				"east": { "uv": [ 0, 0, 2, 8 ], "texture": "#pink_wool" }
			}
		},
		{
			"from": [ 3, 3, 4 ],
			"to": [ 13, 11, 6 ],
			"faces": {
				"down": { "uv": [ 0, 0, 10, 2 ], "texture": "#pink_wool" },
				"up": { "uv": [ 0, 0, 10, 2 ], "texture": "#pink_wool" },
				"north": { "uv": [ 0, 0, 10, 8 ], "texture": "#pink_wool" },
				"west": { "uv": [ 0, 0, 2, 8 ], "texture": "#pink_wool" },
				"east": { "uv": [ 0, 0, 2, 8 ], "texture": "#pink_wool" }
			}
		},
		{
			"from": [ 4, 3, 3 ],
			"to": [ 6, 11, 13 ],
			"faces": {
				"down": { "uv": [ 0, 0, 2, 10 ], "texture": "#pink_wool" },
				"up": { "uv": [ 0, 0, 2, 10 ], "texture": "#pink_wool" },
				"north": { "uv": [ 0, 0, 2, 8 ], "texture": "#pink_wool" },
				"south": { "uv": [ 0, 0, 2, 8 ], "texture": "#pink_wool" },
				"west": { "uv": [ 0, 0, 10, 8 ], "texture": "#pink_wool" }
			}
		},
		{
			"from": [ 10, 3, 3 ],
			"to": [ 12, 11, 13 ],
			"faces": {
				"down": { "uv": [ 0, 0, 2, 10 ], "texture": "#pink_wool" },
				"up": { "uv": [ 0, 0, 2, 10 ], "texture": "#pink_wool" },
				"north": { "uv": [ 0, 0, 2, 8 ], "texture": "#pink_wool" },
				"south": { "uv": [ 0, 0, 2, 8 ], "texture": "#pink_wool" },
				"east": { "uv": [ 0, 0, 10, 8 ], "texture": "#pink_wool" }
			}
		},
		{
			"from": [ 7, 4, 2 ],
			"to": [ 9, 10, 15 ],
			"faces": {
				"down": { "uv": [ 0, 0, 2, 13 ], "texture": "#pink_wool" },
				"up": { "uv": [ 0, 0, 2, 13 ], "texture": "#pink_wool" },
				"south": { "uv": [ 0, 0, 2, 6 ], "texture": "#pink_wool" },
				"west": { "uv": [ 0, 0, 13, 6 ], "texture": "#pink_wool" },
				"east": { "uv": [ 0, 0, 13, 6 ], "texture": "#pink_wool" }
			}
		},
		{
			"from": [ 1, 4, 7 ],
			"to": [ 15, 10, 9 ],
			"faces": {
				"down": { "uv": [ 0, 0, 14, 2 ], "texture": "#pink_wool" },
				"up": { "uv": [ 0, 0, 14, 2 ], "texture": "#pink_wool" },
				"north": { "uv": [ 0, 0, 14, 6 ], "texture": "#pink_wool" },
				"south": { "uv": [ 0, 0, 14, 6 ], "texture": "#pink_wool" },
				"west": { "uv": [ 0, 0, 2, 6 ], "texture": "#pink_wool" },
				"east": { "uv": [ 0, 0, 2, 6 ], "texture": "#pink_wool" }
			}
		},
		{
			"from": [ 2, 4, 9 ],
			"to": [ 14, 10, 11 ],
			"faces": {
				"down": { "uv": [ 0, 0, 12, 2 ], "texture": "#pink_wool" },
				"up": { "uv": [ 0, 0, 12, 2 ], "texture": "#pink_wool" },
				"south": { "uv": [ 0, 0, 12, 6 ], "texture": "#pink_wool" },
				"west": { "uv": [ 0, 0, 2, 6 ], "texture": "#pink_wool" },
				"east": { "uv": [ 0, 0, 2, 6 ], "texture": "#pink_wool" }
			}
		},
		{
			"from": [ 2, 4, 5 ],
			"to": [ 14, 10, 7 ],
			"faces": {
				"down": { "uv": [ 0, 0, 12, 2 ], "texture": "#pink_wool" },
				"up": { "uv": [ 0, 0, 12, 2 ], "texture": "#pink_wool" },
				"north": { "uv": [ 0, 0, 12, 6 ], "texture": "#pink_wool" },
				"west": { "uv": [ 0, 0, 2, 6 ], "texture": "#pink_wool" },
				"east": { "uv": [ 0, 0, 2, 6 ], "texture": "#pink_wool" }
			}
		},
		{
			"from": [ 5, 4, 2 ],
			"to": [ 7, 10, 14 ],
			"faces": {
				"down": { "uv": [ 0, 0, 2, 12 ], "texture": "#pink_wool" },
				"up": { "uv": [ 0, 0, 2, 12 ], "texture": "#pink_wool" },
				"north": { "uv": [ 0, 0, 2, 6 ], "texture": "#pink_wool" },
				"south": { "uv": [ 0, 0, 2, 6 ], "texture": "#pink_wool" },
				"west": { "uv": [ 0, 0, 12, 6 ], "texture": "#pink_wool" }
			}
		},
		{
			"from": [ 9, 4, 2 ],
			"to": [ 11, 10, 14 ],
			"faces": {
				"down": { "uv": [ 0, 0, 2, 12 ], "texture": "#pink_wool" },
				"up": { "uv": [ 0, 0, 2, 12 ], "texture": "#pink_wool" },
				"north": { "uv": [ 0, 0, 2, 6 ], "texture": "#pink_wool" },
				"south": { "uv": [ 0, 0, 2, 6 ], "texture": "#pink_wool" },
				"east": { "uv": [ 0, 0, 12, 6 ], "texture": "#pink_wool" }
			}
		},
		{
			"from": [ 3, 4, 3 ],
			"to": [ 13, 10, 13 ],
			"faces": {
				"down": { "uv": [ 0, 0, 10, 10 ], "texture": "#pink_wool" },
				"up": { "uv": [ 0, 0, 10, 10 ], "texture": "#pink_wool" },
				"north": { "uv": [ 0, 0, 10, 6 ], "texture": "#pink_wool" },
				"south": { "uv": [ 0, 0, 10, 6 ], "texture": "#pink_wool" },
				"west": { "uv": [ 0, 0, 10, 6 ], "texture": "#pink_wool" },
				"east": { "uv": [ 0, 0, 10, 6 ], "texture": "#pink_wool" }
			}
		},
		{
			"from": [ 1, 5, 6 ],
			"to": [ 15, 9, 10 ],
			"faces": {
				"down": { "uv": [ 0, 0, 14, 4 ], "texture": "#pink_wool" },
				"up": { "uv": [ 0, 0, 14, 4 ], "texture": "#pink_wool" },
				"north": { "uv": [ 0, 0, 14, 4 ], "texture": "#pink_wool" },
				"south": { "uv": [ 0, 0, 14, 4 ], "texture": "#pink_wool" },
				"west": { "uv": [ 0, 0, 4, 4 ], "texture": "#pink_wool" },
				"east": { "uv": [ 0, 0, 4, 4 ], "texture": "#pink_wool" }
			}
		},
		{
			"from": [ 6, 5, 2 ],
			"to": [ 10, 9, 15 ],
			"faces": {
				"down": { "uv": [ 0, 0, 4, 13 ], "texture": "#pink_wool" },
				"up": { "uv": [ 0, 0, 4, 13 ], "texture": "#pink_wool" },
				"south": { "uv": [ 0, 0, 4, 4 ], "texture": "#pink_wool" },
				"west": { "uv": [ 0, 0, 13, 4 ], "texture": "#pink_wool" },
				"east": { "uv": [ 0, 0, 13, 4 ], "texture": "#pink_wool" }
			}
		},
		{
			"from": [ 4, 5, 2 ],
			"to": [ 12, 9, 14 ],
			"faces": {
				"down": { "uv": [ 0, 0, 8, 12 ], "texture": "#pink_wool" },
				"up": { "uv": [ 0, 0, 8, 12 ], "texture": "#pink_wool" },
				"north": { "uv": [ 0, 0, 8, 4 ], "texture": "#pink_wool" },
				"south": { "uv": [ 0, 0, 8, 4 ], "texture": "#pink_wool" },
				"west": { "uv": [ 0, 0, 12, 4 ], "texture": "#pink_wool" },
				"east": { "uv": [ 0, 0, 12, 4 ], "texture": "#pink_wool" }
			}
		},
		{
			"from": [ 2, 5, 4 ],
			"to": [ 14, 9, 12 ],
			"faces": {
				"down": { "uv": [ 0, 0, 12, 8 ], "texture": "#pink_wool" },
				"up": { "uv": [ 0, 0, 12, 8 ], "texture": "#pink_wool" },
				"north": { "uv": [ 0, 0, 12, 4 ], "texture": "#pink_wool" },
				"south": { "uv": [ 0, 0, 12, 4 ], "texture": "#pink_wool" },
				"west": { "uv": [ 0, 0, 8, 4 ], "texture": "#pink_wool" },
				"east": { "uv": [ 0, 0, 8, 4 ], "texture": "#pink_wool" }
			}
		},
		{
			"from": [ 1, 6, 5 ],
			"to": [ 15, 8, 11 ],
			"faces": {
				"down": { "uv": [ 0, 0, 14, 6 ], "texture": "#pink_wool" },
				"up": { "uv": [ 0, 0, 14, 6 ], "texture": "#pink_wool" },
				"north": { "uv": [ 0, 0, 14, 2 ], "texture": "#pink_wool" },
				"south": { "uv": [ 0, 0, 14, 2 ], "texture": "#pink_wool" },
				"west": { "uv": [ 0, 0, 6, 2 ], "texture": "#pink_wool" },
				"east": { "uv": [ 0, 0, 6, 2 ], "texture": "#pink_wool" }
			}
		},
		{
			"from": [ 5, 6, 1 ],
			"to": [ 11, 8, 13.5 ],
			"faces": {
				"down": { "uv": [ 0, 0, 6, 12.5 ], "texture": "#white_wool" },
				"up": { "uv": [ 0, 0, 6, 12.5 ], "texture": "#white_wool" },
				"north": { "uv": [ 0, 0, 6, 2 ], "texture": "#white_wool" },
				"west": { "uv": [ 0, 0, 12.5, 2 ], "texture": "#white_wool" },
				"east": { "uv": [ 0, 0, 12.5, 2 ], "texture": "#white_wool" }
			}
		},
		{
			"from": [ 7.5, 7.5, 0.9 ],
			"to": [ 8.5, 8.5, 1.9 ],
			"faces": {
				"down": { "uv": [ 0, 0, 1, 1 ], "texture": "#black_wool" },
				"up": { "uv": [ 0, 0, 1, 1 ], "texture": "#black_wool" },
				"north": { "uv": [ 0, 0, 1, 1 ], "texture": "#black_wool" },
				"south": { "uv": [ 0, 0, 1, 1 ], "texture": "#black_wool" },
				"west": { "uv": [ 0, 0, 1, 1 ], "texture": "#black_wool" },
				"east": { "uv": [ 0, 0, 1, 1 ], "texture": "#black_wool" }
			}
		},
		{
			"from": [ 6.5, 4, 1 ],
			"to": [ 9.5, 6, 3 ],
			"faces": {
				"down": { "uv": [ 0, 0, 3, 2 ], "texture": "#white_wool" },
				"north": { "uv": [ 0, 0, 3, 2 ], "texture": "#white_wool" },
				"west": { "uv": [ 0, 0, 2, 2 ], "texture": "#white_wool" },
				"east": { "uv": [ 0, 0, 2, 2 ], "texture": "#white_wool" }
			}
		},
		{
			"from": [ 7.25, 4.5, 0.9 ],
			"to": [ 8.75, 6, 2.9 ],
			"faces": {
				"down": { "uv": [ 0, 0, 1.5, 2 ], "texture": "#red_wool" },
				"up": { "uv": [ 0, 0, 1.5, 2 ], "texture": "#red_wool" },
				"north": { "uv": [ 0, 0, 1.5, 1.5 ], "texture": "#red_wool" },
				"west": { "uv": [ 0, 0, 2, 1.5 ], "texture": "#red_wool" },
				"east": { "uv": [ 0, 0, 2, 1.5 ], "texture": "#red_wool" }
			}
		},
		{
			"from": [ -1, 8, 7 ],
			"to": [ 3, 12, 8 ],
			"rotation": { "origin": [ 8, 8, 8 ], "axis": "z", "angle": -22.5 },
			"faces": {
				"down": { "uv": [ 0, 0, 4, 1 ], "texture": "#pink_wool" },
				"up": { "uv": [ 0, 0, 4, 1 ], "texture": "#pink_wool" },
				"north": { "uv": [ 0, 0, 4, 4 ], "texture": "#pink_wool" },
				"south": { "uv": [ 0, 0, 4, 4 ], "texture": "#pink_wool" },
				"west": { "uv": [ 0, 0, 1, 4 ], "texture": "#pink_wool" },
				"east": { "uv": [ 0, 0, 1, 4 ], "texture": "#pink_wool" }
			}
		},
		{
			"from": [ 13, 8, 7 ],
			"to": [ 17, 12, 8 ],
			"rotation": { "origin": [ 8, 8, 8 ], "axis": "z", "angle": 22.5 },
			"faces": {
				"down": { "uv": [ 0, 0, 4, 1 ], "texture": "#pink_wool" },
				"up": { "uv": [ 0, 0, 4, 1 ], "texture": "#pink_wool" },
				"north": { "uv": [ 0, 0, 4, 4 ], "texture": "#pink_wool" },
				"south": { "uv": [ 0, 0, 4, 4 ], "texture": "#pink_wool" },
				"west": { "uv": [ 0, 0, 1, 4 ], "texture": "#pink_wool" },
				"east": { "uv": [ 0, 0, 1, 4 ], "texture": "#pink_wool" }
			}
		},
		{
			"from": [ 0, 9, 6.5 ],
			"to": [ 2, 11, 7.5 ],
			"rotation": { "origin": [ 8, 8, 8 ], "axis": "z", "angle": -22.5 },
			"faces": {
				"down": { "uv": [ 0, 0, 2, 1 ], "texture": "#white_wool" },
				"up": { "uv": [ 0, 0, 2, 1 ], "texture": "#white_wool" },
				"north": { "uv": [ 0, 0, 2, 2 ], "texture": "#white_wool" },
				"south": { "uv": [ 0, 0, 2, 2 ], "texture": "#white_wool" },
				"west": { "uv": [ 0, 0, 1, 2 ], "texture": "#white_wool" },
				"east": { "uv": [ 0, 0, 1, 2 ], "texture": "#white_wool" }
			}
		},
		{
			"from": [ 14, 9, 6.5 ],
			"to": [ 16, 11, 7.5 ],
			"rotation": { "origin": [ 8, 8, 8 ], "axis": "z", "angle": 22.5 },
			"faces": {
				"down": { "uv": [ 0, 0, 2, 1 ], "texture": "#white_wool" },
				"up": { "uv": [ 0, 0, 2, 1 ], "texture": "#white_wool" },
				"north": { "uv": [ 0, 0, 2, 2 ], "texture": "#white_wool" },
				"south": { "uv": [ 0, 0, 2, 2 ], "texture": "#white_wool" },
				"west": { "uv": [ 0, 0, 1, 2 ], "texture": "#white_wool" },
				"east": { "uv": [ 0, 0, 1, 2 ], "texture": "#white_wool" }
			}
		},
		{
			"from": [ 4, 8.5, 1.5 ],
			"to": [ 6, 10.5, 2.5 ],
			"faces": {
				"down": { "uv": [ 0, 0, 2, 1 ], "texture": "#white_wool" },
				"up": { "uv": [ 0, 0, 2, 1 ], "texture": "#white_wool" },
				"north": { "uv": [ 0, 0, 2, 2 ], "texture": "#white_wool" },
				"south": { "uv": [ 0, 0, 2, 2 ], "texture": "#white_wool" },
				"west": { "uv": [ 0, 0, 1, 2 ], "texture": "#white_wool" },
				"east": { "uv": [ 0, 0, 1, 2 ], "texture": "#white_wool" }
			}
		},
		{
			"from": [ 10, 8.5, 1.5 ],
			"to": [ 12, 10.5, 2.5 ],
			"faces": {
				"down": { "uv": [ 0, 0, 2, 1 ], "texture": "#white_wool" },
				"up": { "uv": [ 0, 0, 2, 1 ], "texture": "#white_wool" },
				"north": { "uv": [ 0, 0, 2, 2 ], "texture": "#white_wool" },
				"south": { "uv": [ 0, 0, 2, 2 ], "texture": "#white_wool" },
				"west": { "uv": [ 0, 0, 1, 2 ], "texture": "#white_wool" },
				"east": { "uv": [ 0, 0, 1, 2 ], "texture": "#white_wool" }
			}
		},
		{
			"from": [ 10.5, 9, 1.4 ],
			"to": [ 11.5, 10, 2.4 ],
			"faces": {
				"down": { "uv": [ 0, 0, 1, 1 ], "texture": "#black_wool" },
				"up": { "uv": [ 0, 0, 1, 1 ], "texture": "#black_wool" },
				"north": { "uv": [ 0, 0, 1, 1 ], "texture": "#black_wool" },
				"west": { "uv": [ 0, 0, 1, 1 ], "texture": "#black_wool" },
				"east": { "uv": [ 0, 0, 1, 1 ], "texture": "#black_wool" }
			}
		},
		{
			"from": [ 4.5, 9, 1.4 ],
			"to": [ 5.5, 10, 2.4 ],
			"faces": {
				"down": { "uv": [ 0, 0, 1, 1 ], "texture": "#black_wool" },
				"up": { "uv": [ 0, 0, 1, 1 ], "texture": "#black_wool" },
				"north": { "uv": [ 0, 0, 1, 1 ], "texture": "#black_wool" },
				"west": { "uv": [ 0, 0, 1, 1 ], "texture": "#black_wool" },
				"east": { "uv": [ 0, 0, 1, 1 ], "texture": "#black_wool" }
			}
		},
		{
			"from": [ 11, 7.5, 1.9 ],
			"to": [ 11.2, 9.2, 2.9 ],
			"rotation": { "origin": [ 8, 8, 8 ], "axis": "z", "angle": 45 },
			"faces": {
				"down": { "uv": [ 0, 0, 0.2, 1 ], "texture": "#white_wool" },
				"up": { "uv": [ 0, 0, 0.2, 1 ], "texture": "#white_wool" },
				"north": { "uv": [ 0, 0, 0.2, 1.7 ], "texture": "#white_wool" },
				"south": { "uv": [ 0, 0, 0.2, 1.7 ], "texture": "#white_wool" },
				"west": { "uv": [ 0, 0, 1, 1.7 ], "texture": "#white_wool" },
				"east": { "uv": [ 0, 0, 1, 1.7 ], "texture": "#white_wool" }
			}
		},
		{
			"from": [ 11, 8.5, 2.9 ],
			"to": [ 11.2, 10.2, 3.9 ],
			"rotation": { "origin": [ 8, 8, 8 ], "axis": "z", "angle": 45 },
			"faces": {
				"down": { "uv": [ 0, 0, 0.2, 1 ], "texture": "#white_wool" },
				"up": { "uv": [ 0, 0, 0.2, 1 ], "texture": "#white_wool" },
				"north": { "uv": [ 0, 0, 0.2, 1.7 ], "texture": "#white_wool" },
				"south": { "uv": [ 0, 0, 0.2, 1.7 ], "texture": "#white_wool" },
				"west": { "uv": [ 0, 0, 1, 1.7 ], "texture": "#white_wool" },
				"east": { "uv": [ 0, 0, 1, 1.7 ], "texture": "#white_wool" }
			}
		}
	],
	"display": {
		"thirdperson_righthand": {
			"rotation":  [ 75, 50, 0 ],
			"translation":  [ -0.695, -0.978, 1.3913 ],
			"scale":  [ 0.5, 0.5, 0.5 ]
		},
		"thirdperson_lefthand": {
			"rotation":  [ 75, 50, 0 ],
			"translation":  [ -0.695, -0.978, 1.3913 ],
			"scale":  [ 0.5, 0.5, 0.5 ]
		},
		"firstperson_righthand": {
			"rotation":  [ 0, 135, 0 ],
			"translation":  [ 0, 3.4782, 0 ],
			"scale":  [ 0.6, 0.6, 0.5 ]
		},
		"firstperson_lefthand": {
			"rotation":  [ 0, 135, 0 ],
			"translation":  [ 0, 3.4782, 0 ],
			"scale":  [ 0.6, 0.6, 0.5 ]
		},
		"gui": {
			"rotation":  [ 30, -169, 0 ],
			"scale":  [ 0.625, 0.625, 0.625 ]
		},
		"head": {
			"translation":  [ 0, 3, 0 ],
			"scale":  [ 1.8, 1.8, 1.8 ]
		},
		"ground": {
			"translation":  [ 0, 3, 0 ]
		},
		"fixed": {
			"rotation":  [ 0, 180, 0 ]
		}
	}
}