{
	"__comment": "Model generated using MrCrayfish's Model Creator (https://mrcrayfish.com/tools?id=mc)",
	"textures": {
		"red_wool": "block/red_wool",
		"black_wool": "block/black_wool",
		"iron_block": "block/iron_block",
		"smooth_stone": "block/smooth_stone"
	},
	"elements": [
		{
			"from": [ 7, 0, 11 ],
			"to": [ 9, 6, 12 ],
			"faces": {
				"down": { "uv": [ 0, 0, 2, 1 ], "texture": "#smooth_stone" },
				"up": { "uv": [ 0, 0, 2, 1 ], "texture": "#smooth_stone" },
				"north": { "uv": [ 0, 0, 2, 6 ], "texture": "#smooth_stone" },
				"south": { "uv": [ 0, 0, 2, 6 ], "texture": "#smooth_stone" },
				"west": { "uv": [ 0, 0, 1, 6 ], "texture": "#smooth_stone" },
				"east": { "uv": [ 0, 0, 1, 6 ], "texture": "#smooth_stone" }
			}
		},
		{
			"from": [ 7, 7, 11 ],
			"to": [ 9, 11, 12 ],
			"faces": {
				"down": { "uv": [ 0, 0, 2, 1 ], "texture": "#smooth_stone" },
				"up": { "uv": [ 0, 0, 2, 1 ], "texture": "#smooth_stone" },
				"north": { "uv": [ 0, 0, 2, 4 ], "texture": "#smooth_stone" },
				"south": { "uv": [ 0, 0, 2, 4 ], "texture": "#smooth_stone" },
				"west": { "uv": [ 0, 0, 1, 4 ], "texture": "#smooth_stone" },
				"east": { "uv": [ 0, 0, 1, 4 ], "texture": "#smooth_stone" }
			}
		},
		{
			"from": [ 9, 1, 10 ],
			"to": [ 11, 6, 11 ],
			"faces": {
				"down": { "uv": [ 0, 0, 2, 1 ], "texture": "#smooth_stone" },
				"up": { "uv": [ 0, 0, 2, 1 ], "texture": "#smooth_stone" },
				"north": { "uv": [ 0, 0, 2, 5 ], "texture": "#smooth_stone" },
				"south": { "uv": [ 0, 0, 2, 5 ], "texture": "#smooth_stone" },
				"west": { "uv": [ 0, 0, 1, 5 ], "texture": "#smooth_stone" },
				"east": { "uv": [ 0, 0, 1, 5 ], "texture": "#smooth_stone" }
			}
		},
		{
			"from": [ 5, 1, 10 ],
			"to": [ 7, 6, 11 ],
			"faces": {
				"down": { "uv": [ 0, 0, 2, 1 ], "texture": "#smooth_stone" },
				"up": { "uv": [ 0, 0, 2, 1 ], "texture": "#smooth_stone" },
				"north": { "uv": [ 0, 0, 2, 5 ], "texture": "#smooth_stone" },
				"south": { "uv": [ 0, 0, 2, 5 ], "texture": "#smooth_stone" },
				"west": { "uv": [ 0, 0, 1, 5 ], "texture": "#smooth_stone" },
				"east": { "uv": [ 0, 0, 1, 5 ], "texture": "#smooth_stone" }
			}
		},
		{
			"from": [ 4, 2, 9 ],
			"to": [ 6, 6, 10 ],
			"faces": {
				"down": { "uv": [ 0, 0, 2, 1 ], "texture": "#smooth_stone" },
				"north": { "uv": [ 0, 0, 2, 5 ], "texture": "#smooth_stone" },
				"south": { "uv": [ 0, 0, 2, 5 ], "texture": "#smooth_stone" },
				"west": { "uv": [ 0, 0, 1, 5 ], "texture": "#smooth_stone" },
				"east": { "uv": [ 0, 0, 1, 5 ], "texture": "#smooth_stone" }
			}
		},
		{
			"from": [ 10, 2, 9 ],
			"to": [ 12, 6, 10 ],
			"faces": {
				"down": { "uv": [ 0, 0, 2, 1 ], "texture": "#smooth_stone" },
				"north": { "uv": [ 0, 0, 2, 5 ], "texture": "#smooth_stone" },
				"south": { "uv": [ 0, 0, 2, 5 ], "texture": "#smooth_stone" },
				"west": { "uv": [ 0, 0, 1, 5 ], "texture": "#smooth_stone" },
				"east": { "uv": [ 0, 0, 1, 5 ], "texture": "#smooth_stone" }
			}
		},
		{
			"from": [ 9, 7, 10 ],
			"to": [ 11, 11, 11 ],
			"faces": {
				"down": { "uv": [ 0, 0, 2, 1 ], "texture": "#smooth_stone" },
				"up": { "uv": [ 0, 0, 2, 1 ], "texture": "#smooth_stone" },
				"north": { "uv": [ 0, 0, 2, 4 ], "texture": "#smooth_stone" },
				"south": { "uv": [ 0, 0, 2, 4 ], "texture": "#smooth_stone" },
				"west": { "uv": [ 0, 0, 1, 4 ], "texture": "#smooth_stone" },
				"east": { "uv": [ 0, 0, 1, 4 ], "texture": "#smooth_stone" }
			}
		},
		{
			"from": [ 5, 7, 10 ],
			"to": [ 7, 11, 11 ],
			"faces": {
				"down": { "uv": [ 0, 0, 2, 1 ], "texture": "#smooth_stone" },
				"up": { "uv": [ 0, 0, 2, 1 ], "texture": "#smooth_stone" },
				"north": { "uv": [ 0, 0, 2, 4 ], "texture": "#smooth_stone" },
				"south": { "uv": [ 0, 0, 2, 4 ], "texture": "#smooth_stone" },
				"west": { "uv": [ 0, 0, 1, 4 ], "texture": "#smooth_stone" },
				"east": { "uv": [ 0, 0, 1, 4 ], "texture": "#smooth_stone" }
			}
		},
		{
			"from": [ 7.5, 8, 12 ],
			"to": [ 8.5, 10, 12.8 ],
			"faces": {
				"down": { "uv": [ 0, 0, 1, 0.8000002 ], "texture": "#smooth_stone" },
				"up": { "uv": [ 0, 0, 1, 0.8000002 ], "texture": "#smooth_stone" },
				"west": { "uv": [ 0, 0, 0.8, 2 ], "texture": "#smooth_stone" },
				"east": { "uv": [ 0, 0, 0.8, 2 ], "texture": "#smooth_stone" }
			}
		},
		{
			"from": [ 7.5, 7, 12.7 ],
			"to": [ 8.5, 11, 12.9 ],
			"faces": {
				"down": { "uv": [ 0, 0, 1, 0.1999998 ], "texture": "#iron_block" },
				"up": { "uv": [ 0, 0, 1, 0.1999998 ], "texture": "#iron_block" },
				"north": { "uv": [ 7, 2, 10, 11 ], "texture": "#iron_block" },
				"south": { "uv": [ 5, 14, 14, 1 ], "texture": "#iron_block" },
				"west": { "uv": [ 0, 0, 0.2, 4 ], "texture": "#iron_block" },
				"east": { "uv": [ 3, 8, 3.2, 12 ], "texture": "#iron_block" }
			}
		},
		{
			"from": [ 7.5, 6, 12.5 ],
			"to": [ 8.5, 7, 12.7 ],
			"faces": {
				"down": { "uv": [ 0, 0, 1, 0.1999998 ], "texture": "#iron_block" },
				"up": { "uv": [ 0, 0, 1, 0.1999998 ], "texture": "#iron_block" },
				"north": { "uv": [ 2, 2, 9, 9 ], "texture": "#iron_block" },
				"south": { "uv": [ 3, 1, 11, 9 ], "texture": "#iron_block" },
				"west": { "uv": [ 0, 0, 0.2, 1 ], "texture": "#iron_block" },
				"east": { "uv": [ 0, 0, 0.2, 1 ], "texture": "#iron_block" }
			}
		},
		{
			"from": [ 7.5, 11, 12.5 ],
			"to": [ 8.5, 12, 12.7 ],
			"faces": {
				"down": { "uv": [ 0, 0, 1, 0.1999998 ], "texture": "#iron_block" },
				"up": { "uv": [ 0, 0, 1, 0.1999998 ], "texture": "#iron_block" },
				"north": { "uv": [ 9, 10, 14, 5 ], "texture": "#iron_block" },
				"south": { "uv": [ 0, 8, 7, 1 ], "texture": "#iron_block" },
				"west": { "uv": [ 0, 0, 0.2, 1 ], "texture": "#iron_block" },
				"east": { "uv": [ 0, 6, 5.2, 1 ], "texture": "#iron_block" }
			}
		},
		{
			"from": [ 10, 7, 9 ],
			"to": [ 12, 11, 10 ],
			"faces": {
				"up": { "uv": [ 0, 0, 2, 1 ], "texture": "#smooth_stone" },
				"north": { "uv": [ 0, 0, 2, 4 ], "texture": "#smooth_stone" },
				"south": { "uv": [ 0, 0, 2, 4 ], "texture": "#smooth_stone" },
				"west": { "uv": [ 0, 0, 1, 4 ], "texture": "#smooth_stone" },
				"east": { "uv": [ 0, 0, 1, 4 ], "texture": "#smooth_stone" }
			}
		},
		{
			"from": [ 4, 7, 9 ],
			"to": [ 6, 11, 10 ],
			"faces": {
				"up": { "uv": [ 0, 0, 2, 1 ], "texture": "#smooth_stone" },
				"north": { "uv": [ 0, 0, 2, 4 ], "texture": "#smooth_stone" },
				"south": { "uv": [ 0, 0, 2, 4 ], "texture": "#smooth_stone" },
				"west": { "uv": [ 0, 0, 1, 4 ], "texture": "#smooth_stone" },
				"east": { "uv": [ 0, 0, 1, 4 ], "texture": "#smooth_stone" }
			}
		},
		{
			"from": [ 3, 3, 8 ],
			"to": [ 5, 10, 9 ],
			"faces": {
				"down": { "uv": [ 0, 0, 2, 1 ], "texture": "#smooth_stone" },
				"up": { "uv": [ 0, 0, 2, 1 ], "texture": "#smooth_stone" },
				"north": { "uv": [ 0, 0, 2, 7 ], "texture": "#smooth_stone" },
				"south": { "uv": [ 0, 0, 2, 7 ], "texture": "#smooth_stone" },
				"west": { "uv": [ 0, 0, 1, 7 ], "texture": "#smooth_stone" },
				"east": { "uv": [ 0, 0, 1, 7 ], "texture": "#smooth_stone" }
			}
		},
		{
			"from": [ 11, 3, 8 ],
			"to": [ 13, 10, 9 ],
			"faces": {
				"down": { "uv": [ 0, 0, 2, 1 ], "texture": "#smooth_stone" },
				"up": { "uv": [ 0, 0, 2, 1 ], "texture": "#smooth_stone" },
				"north": { "uv": [ 0, 0, 2, 7 ], "texture": "#smooth_stone" },
				"south": { "uv": [ 0, 0, 2, 7 ], "texture": "#smooth_stone" },
				"west": { "uv": [ 0, 0, 1, 7 ], "texture": "#smooth_stone" },
				"east": { "uv": [ 0, 0, 1, 7 ], "texture": "#smooth_stone" }
			}
		},
		{
			"from": [ 7, 11, 10 ],
			"to": [ 9, 12, 11 ],
			"faces": {
				"down": { "uv": [ 0, 0, 2, 1 ], "texture": "#smooth_stone" },
				"up": { "uv": [ 0, 0, 2, 1 ], "texture": "#smooth_stone" },
				"north": { "uv": [ 0, 0, 2, 1 ], "texture": "#smooth_stone" },
				"south": { "uv": [ 0, 0, 2, 1 ], "texture": "#smooth_stone" },
				"west": { "uv": [ 0, 0, 1, 1 ], "texture": "#smooth_stone" },
				"east": { "uv": [ 0, 0, 1, 1 ], "texture": "#smooth_stone" }
			}
		},
		{
			"from": [ 9, 11, 9 ],
			"to": [ 10, 12, 10 ],
			"faces": {
				"down": { "uv": [ 0, 0, 1, 1 ], "texture": "#smooth_stone" },
				"up": { "uv": [ 0, 0, 1, 1 ], "texture": "#smooth_stone" },
				"north": { "uv": [ 0, 0, 1, 1 ], "texture": "#smooth_stone" },
				"south": { "uv": [ 0, 0, 1, 1 ], "texture": "#smooth_stone" },
				"west": { "uv": [ 0, 0, 1, 1 ], "texture": "#smooth_stone" },
				"east": { "uv": [ 0, 0, 1, 1 ], "texture": "#smooth_stone" }
			}
		},
		{
			"from": [ 6, 11, 9 ],
			"to": [ 7, 12, 10 ],
			"faces": {
				"down": { "uv": [ 0, 0, 1, 1 ], "texture": "#smooth_stone" },
				"up": { "uv": [ 0, 0, 1, 1 ], "texture": "#smooth_stone" },
				"north": { "uv": [ 0, 0, 1, 1 ], "texture": "#smooth_stone" },
				"south": { "uv": [ 0, 0, 1, 1 ], "texture": "#smooth_stone" },
				"west": { "uv": [ 0, 0, 1, 1 ], "texture": "#smooth_stone" },
				"east": { "uv": [ 0, 0, 1, 1 ], "texture": "#smooth_stone" }
			}
		},
		{
			"from": [ 8, 11, 3.5 ],
			"to": [ 8.5, 12.5, 6.5 ],
			"faces": {
				"down": { "uv": [ 0, 0, 0.5, 3 ], "texture": "#smooth_stone" },
				"north": { "uv": [ 0, 0, 0.5, 1.5 ], "texture": "#smooth_stone" },
				"south": { "uv": [ 0, 0, 0.5, 1.5 ], "texture": "#smooth_stone" },
				"west": { "uv": [ 0, 0, 3, 1.5 ], "texture": "#smooth_stone" },
				"east": { "uv": [ 0, 0, 3, 1.5 ], "texture": "#smooth_stone" }
			}
		},
		{
			"from": [ 7, 12.5, 3 ],
			"to": [ 9, 13.5, 7 ],
			"faces": {
				"down": { "uv": [ 0, 0, 10, 10 ], "texture": "#red_wool" },
				"up": { "uv": [ 0, 0, 16, 10 ], "texture": "#red_wool" },
				"north": { "uv": [ 0, 0, 10, 10 ], "texture": "#red_wool" },
				"south": { "uv": [ 0, 0, 10, 10 ], "texture": "#red_wool" },
				"west": { "uv": [ 0, 0, 10, 10 ], "texture": "#red_wool" },
				"east": { "uv": [ 0, 0, 10, 10 ], "texture": "#red_wool" }
			}
		},
		{
			"from": [ 7, 12, 2 ],
			"to": [ 9, 13, 3 ],
			"faces": {
				"down": { "uv": [ 0, 0, 10, 10 ], "texture": "#red_wool" },
				"up": { "uv": [ 0, 0, 10, 10 ], "texture": "#red_wool" },
				"north": { "uv": [ 0, 0, 10, 10 ], "texture": "#red_wool" },
				"south": { "uv": [ 0, 0, 10, 10 ], "texture": "#red_wool" },
				"west": { "uv": [ 0, 0, 10, 10 ], "texture": "#red_wool" },
				"east": { "uv": [ 0, 0, 10, 10 ], "texture": "#red_wool" }
			}
		},
		{
			"from": [ 7, 12, 7 ],
			"to": [ 9, 13, 8 ],
			"faces": {
				"down": { "uv": [ 0, 0, 7, 8 ], "texture": "#red_wool" },
				"up": { "uv": [ 0, 0, 15, 5 ], "texture": "#red_wool" },
				"north": { "uv": [ 4, 12, 12, 7 ], "texture": "#red_wool" },
				"south": { "uv": [ 0, 0, 7, 7 ], "texture": "#red_wool" },
				"west": { "uv": [ 0, 0, 9, 9 ], "texture": "#red_wool" },
				"east": { "uv": [ 0, 0, 7, 7 ], "texture": "#red_wool" }
			}
		}
	],
	"display": {
		"gui": {
			"rotation":  [ 30, 45, 0 ],
			"translation":  [ 0, 0.6956, 0 ]
		},
		"head": {
			"rotation":  [ 0, 180, 0 ],
			"translation":  [ 0, 1, -5.5 ],
			"scale":  [ 1.5, 1.75, 1.75 ]
		},
		"ground": {
			"translation":  [ 0, 3, 0 ]
		},
		"fixed": {
			"rotation":  [ 0, 180, 0 ],
			"translation":  [ 0, 4.8695, 0 ],
			"scale":  [ 2, 2, 2 ]
		}
	}
}