{
	"__comment": "Model generated using MrCrayfish's Model Creator (https://mrcrayfish.com/tools?id=mc)",
	"textures": {
		"black_concrete": "block/black_concrete",
		"white_concrete": "block/white_concrete"
	},
	"elements": [
		{
			"from": [ 5, 0, 3 ],
			"to": [ 11, 5, 13 ],
			"faces": {
				"down": { "uv": [ 0, 0, 6, 10 ], "texture": "#black_concrete" },
				"north": { "uv": [ 0, 0, 6, 5 ], "texture": "#black_concrete" },
				"south": { "uv": [ 0, 0, 6, 5 ], "texture": "#black_concrete" },
				"west": { "uv": [ 0, 0, 10, 5 ], "texture": "#black_concrete" },
				"east": { "uv": [ 0, 0, 10, 5 ], "texture": "#black_concrete" }
			}
		},
		{
			"from": [ 4.75, 4, 2.75 ],
			"to": [ 11.25, 5.5, 13.25 ],
			"faces": {
				"down": { "uv": [ 0, 0, 6.5, 10.5 ], "texture": "#black_concrete" },
				"up": { "uv": [ 0, 0, 6.5, 10.5 ], "texture": "#black_concrete" },
				"north": { "uv": [ 0, 0, 6.5, 1.5 ], "texture": "#black_concrete" },
				"south": { "uv": [ 0, 0, 6.5, 1.5 ], "texture": "#black_concrete" },
				"west": { "uv": [ 0, 0, 10.5, 1.5 ], "texture": "#black_concrete" },
				"east": { "uv": [ 0, 0, 10.5, 1.5 ], "texture": "#black_concrete" }
			}
		},
		{
			"from": [ 5.25, 5.5, 3.25 ],
			"to": [ 10.75, 5.51, 12.75 ],
			"faces": {
				"up": { "uv": [ 0, 0, 5.5, 9.5 ], "texture": "#white_concrete" },
				"north": { "uv": [ 0, 0, 5.5, 0.01000023 ], "texture": "#white_concrete" },
				"south": { "uv": [ 0, 0, 5.5, 0.01000023 ], "texture": "#white_concrete" },
				"west": { "uv": [ 0, 0, 9.5, 0.01000023 ], "texture": "#white_concrete" },
				"east": { "uv": [ 0, 0, 9.5, 0.01000023 ], "texture": "#white_concrete" }
			}
		},
		{
			"from": [ 7.45, 5.51, 5.25 ],
			"to": [ 8.55, 5.52, 5.45 ],
			"faces": {
				"up": { "uv": [ 0, 0, 1.1, 0.1999998 ], "texture": "#black_concrete" },
				"north": { "uv": [ 0, 0, 1.1, 0.01000023 ], "texture": "#black_concrete" },
				"south": { "uv": [ 0, 0, 1.1, 0.01000023 ], "texture": "#black_concrete" },
				"west": { "uv": [ 0, 0, 0.2, 0.01000023 ], "texture": "#black_concrete" },
				"east": { "uv": [ 0, 0, 0.2, 0.01000023 ], "texture": "#black_concrete" }
			}
		},
		{
			"from": [ 7.25, 5.51, 5.45 ],
			"to": [ 7.45, 5.52, 6.25 ],
			"faces": {
				"up": { "uv": [ 0, 0, 0.2, 0.8000002 ], "texture": "#black_concrete" },
				"north": { "uv": [ 0, 0, 0.2, 0.01000023 ], "texture": "#black_concrete" },
				"south": { "uv": [ 0, 0, 0.2, 0.01000023 ], "texture": "#black_concrete" },
				"west": { "uv": [ 0, 0, 0.8, 0.01000023 ], "texture": "#black_concrete" },
				"east": { "uv": [ 0, 0, 0.8, 0.01000023 ], "texture": "#black_concrete" }
			}
		},
		{
			"from": [ 8.55, 5.51, 5.45 ],
			"to": [ 8.75, 5.52, 6.25 ],
			"faces": {
				"up": { "uv": [ 0, 0, 0.2, 0.8000002 ], "texture": "#black_concrete" },
				"north": { "uv": [ 0, 0, 0.2, 0.01000023 ], "texture": "#black_concrete" },
				"south": { "uv": [ 0, 0, 0.2, 0.01000023 ], "texture": "#black_concrete" },
				"west": { "uv": [ 0, 0, 0.8, 0.01000023 ], "texture": "#black_concrete" },
				"east": { "uv": [ 0, 0, 0.8, 0.01000023 ], "texture": "#black_concrete" }
			}
		},
		{
			"from": [ 7.45, 5.51, 6.25 ],
			"to": [ 8.05, 5.52, 6.45 ],
			"faces": {
				"up": { "uv": [ 0, 0, 0.6, 0.1999998 ], "texture": "#black_concrete" },
				"north": { "uv": [ 0, 0, 0.6, 0.01000023 ], "texture": "#black_concrete" },
				"south": { "uv": [ 0, 0, 0.6, 0.01000023 ], "texture": "#black_concrete" },
				"west": { "uv": [ 0, 0, 0.2, 0.01000023 ], "texture": "#black_concrete" },
				"east": { "uv": [ 0, 0, 0.2, 0.01000023 ], "texture": "#black_concrete" }
			}
		},
		{
			"from": [ 7.95, 5.51, 5.85 ],
			"to": [ 8.15, 5.52, 6.25 ],
			"faces": {
				"up": { "uv": [ 0, 0, 0.2, 0.3999996 ], "texture": "#black_concrete" },
				"north": { "uv": [ 0, 0, 0.2, 0.01000023 ], "texture": "#black_concrete" },
				"south": { "uv": [ 0, 0, 0.2, 0.01000023 ], "texture": "#black_concrete" },
				"west": { "uv": [ 0, 0, 0.4, 0.01000023 ], "texture": "#black_concrete" },
				"east": { "uv": [ 0, 0, 0.4, 0.01000023 ], "texture": "#black_concrete" }
			}
		},
		{
			"from": [ 7.45, 5.51, 6.65 ],
			"to": [ 8.55, 5.52, 6.849999 ],
			"faces": {
				"up": { "uv": [ 0, 0, 1.1, 0.1999998 ], "texture": "#black_concrete" },
				"north": { "uv": [ 0, 0, 1.1, 0.01000023 ], "texture": "#black_concrete" },
				"south": { "uv": [ 0, 0, 1.1, 0.01000023 ], "texture": "#black_concrete" },
				"west": { "uv": [ 0, 0, 0.2, 0.01000023 ], "texture": "#black_concrete" },
				"east": { "uv": [ 0, 0, 0.2, 0.01000023 ], "texture": "#black_concrete" }
			}
		},
		{
			"from": [ 7.45, 5.51, 7.45 ],
			"to": [ 8.55, 5.52, 7.65 ],
			"faces": {
				"up": { "uv": [ 0, 0, 1.1, 0.1999998 ], "texture": "#black_concrete" },
				"north": { "uv": [ 0, 0, 1.1, 0.01000023 ], "texture": "#black_concrete" },
				"south": { "uv": [ 0, 0, 1.1, 0.01000023 ], "texture": "#black_concrete" },
				"west": { "uv": [ 0, 0, 0.2, 0.01000023 ], "texture": "#black_concrete" },
				"east": { "uv": [ 0, 0, 0.2, 0.01000023 ], "texture": "#black_concrete" }
			}
		},
		{
			"from": [ 7.25, 5.51, 6.85 ],
			"to": [ 7.45, 5.52, 7.45 ],
			"faces": {
				"up": { "uv": [ 0, 0, 0.2, 0.6000004 ], "texture": "#black_concrete" },
				"north": { "uv": [ 0, 0, 0.2, 0.01000023 ], "texture": "#black_concrete" },
				"south": { "uv": [ 0, 0, 0.2, 0.01000023 ], "texture": "#black_concrete" },
				"west": { "uv": [ 0, 0, 0.6, 0.01000023 ], "texture": "#black_concrete" },
				"east": { "uv": [ 0, 0, 0.6, 0.01000023 ], "texture": "#black_concrete" }
			}
		},
		{
			"from": [ 8.55, 5.51, 7.95 ],
			"to": [ 8.75, 5.52, 8.75 ],
			"faces": {
				"up": { "uv": [ 0, 0, 0.2, 0.8000002 ], "texture": "#black_concrete" },
				"north": { "uv": [ 0, 0, 0.2, 0.01000023 ], "texture": "#black_concrete" },
				"south": { "uv": [ 0, 0, 0.2, 0.01000023 ], "texture": "#black_concrete" },
				"west": { "uv": [ 0, 0, 0.8, 0.01000023 ], "texture": "#black_concrete" },
				"east": { "uv": [ 0, 0, 0.8, 0.01000023 ], "texture": "#black_concrete" }
			}
		},
		{
			"from": [ 7.45, 5.51, 7.85 ],
			"to": [ 8.55, 5.52, 8.05 ],
			"faces": {
				"up": { "uv": [ 0, 0, 1.1, 0.1999998 ], "texture": "#black_concrete" },
				"north": { "uv": [ 0, 0, 1.1, 0.01000023 ], "texture": "#black_concrete" },
				"south": { "uv": [ 0, 0, 1.1, 0.01000023 ], "texture": "#black_concrete" },
				"west": { "uv": [ 0, 0, 0.2, 0.01000023 ], "texture": "#black_concrete" },
				"east": { "uv": [ 0, 0, 0.2, 0.01000023 ], "texture": "#black_concrete" }
			}
		},
		{
			"from": [ 7.25, 5.51, 7.95 ],
			"to": [ 7.45, 5.52, 8.75 ],
			"faces": {
				"up": { "uv": [ 0, 0, 0.2, 0.8000002 ], "texture": "#black_concrete" },
				"north": { "uv": [ 0, 0, 0.2, 0.01000023 ], "texture": "#black_concrete" },
				"south": { "uv": [ 0, 0, 0.2, 0.01000023 ], "texture": "#black_concrete" },
				"west": { "uv": [ 0, 0, 0.8, 0.01000023 ], "texture": "#black_concrete" },
				"east": { "uv": [ 0, 0, 0.8, 0.01000023 ], "texture": "#black_concrete" }
			}
		},
		{
			"from": [ 7.25, 5.51, 8.95 ],
			"to": [ 7.45, 5.52, 9.75 ],
			"faces": {
				"up": { "uv": [ 0, 0, 0.2, 0.8000002 ], "texture": "#black_concrete" },
				"north": { "uv": [ 0, 0, 0.2, 0.01000023 ], "texture": "#black_concrete" },
				"south": { "uv": [ 0, 0, 0.2, 0.01000023 ], "texture": "#black_concrete" },
				"west": { "uv": [ 0, 0, 0.8, 0.01000023 ], "texture": "#black_concrete" },
				"east": { "uv": [ 0, 0, 0.8, 0.01000023 ], "texture": "#black_concrete" }
			}
		},
		{
			"from": [ 7.45, 5.51, 8.849999 ],
			"to": [ 8.55, 5.52, 9.049999 ],
			"faces": {
				"up": { "uv": [ 0, 0, 1.1, 0.1999998 ], "texture": "#black_concrete" },
				"north": { "uv": [ 0, 0, 1.1, 0.01000023 ], "texture": "#black_concrete" },
				"south": { "uv": [ 0, 0, 1.1, 0.01000023 ], "texture": "#black_concrete" },
				"west": { "uv": [ 0, 0, 0.2, 0.01000023 ], "texture": "#black_concrete" },
				"east": { "uv": [ 0, 0, 0.2, 0.01000023 ], "texture": "#black_concrete" }
			}
		},
		{
			"from": [ 8.55, 5.51, 8.95 ],
			"to": [ 8.75, 5.52, 9.75 ],
			"faces": {
				"up": { "uv": [ 0, 0, 0.2, 0.8000002 ], "texture": "#black_concrete" },
				"north": { "uv": [ 0, 0, 0.2, 0.01000023 ], "texture": "#black_concrete" },
				"south": { "uv": [ 0, 0, 0.2, 0.01000023 ], "texture": "#black_concrete" },
				"west": { "uv": [ 0, 0, 0.8, 0.01000023 ], "texture": "#black_concrete" },
				"east": { "uv": [ 0, 0, 0.8, 0.01000023 ], "texture": "#black_concrete" }
			}
		},
		{
			"from": [ 7.35, 5.51, 10.05 ],
			"to": [ 8.65, 5.52, 10.25 ],
			"faces": {
				"up": { "uv": [ 0, 0, 1.3, 0.1999998 ], "texture": "#black_concrete" },
				"north": { "uv": [ 0, 0, 1.3, 0.01000023 ], "texture": "#black_concrete" },
				"south": { "uv": [ 0, 0, 1.3, 0.01000023 ], "texture": "#black_concrete" }
			}
		},
		{
			"from": [ 7.25, 5.51, 9.849999 ],
			"to": [ 7.45, 5.52, 10.45 ],
			"faces": {
				"up": { "uv": [ 0, 0, 0.2, 0.6000004 ], "texture": "#black_concrete" },
				"north": { "uv": [ 0, 0, 0.2, 0.01000023 ], "texture": "#black_concrete" },
				"south": { "uv": [ 0, 0, 0.2, 0.01000023 ], "texture": "#black_concrete" },
				"west": { "uv": [ 0, 0, 0.6, 0.01000023 ], "texture": "#black_concrete" },
				"east": { "uv": [ 0, 0, 0.6, 0.01000023 ], "texture": "#black_concrete" }
			}
		},
		{
			"from": [ 8.55, 5.51, 9.849999 ],
			"to": [ 8.75, 5.52, 10.45 ],
			"faces": {
				"up": { "uv": [ 0, 0, 0.2, 0.6000004 ], "texture": "#black_concrete" },
				"north": { "uv": [ 0, 0, 0.2, 0.01000023 ], "texture": "#black_concrete" },
				"south": { "uv": [ 0, 0, 0.2, 0.01000023 ], "texture": "#black_concrete" },
				"west": { "uv": [ 0, 0, 0.6, 0.01000023 ], "texture": "#black_concrete" },
				"east": { "uv": [ 0, 0, 0.6, 0.01000023 ], "texture": "#black_concrete" }
			}
		}
	],
	"display": {
		"firstperson_righthand": {
			"rotation":  [ 30, 52, 0 ],
			"translation":  [ -0.695, 8, 2.087 ]
		},
		"firstperson_lefthand": {
			"rotation":  [ 30, 52, 0 ],
			"translation":  [ -0.695, 8, 2.087 ]
		},
		"gui": {
			"rotation":  [ 25, 45, 0 ],
			"translation":  [ 0, 5, 0 ]
		},
		"head": {
			"rotation":  [ 0, -90, 0 ],
			"translation":  [ 0, -26, 0 ],
			"scale":  [ 2.5, 2.5, 2.5 ]
		},
		"ground": {
			"translation":  [ 0, 3, 0 ],
			"scale":  [ 1, 0.8, 1 ]
		},
		"fixed": {
			"rotation":  [ -90, -90, 0 ],
			"translation":  [ 0, 0, -21 ],
			"scale":  [ 3, 3, 3 ]
		}
	}
}