{
	"__comment": "Model generated using MrCrayfish's Model Creator (https://mrcrayfish.com/tools?id=mc)",
	"textures": {
		"light_gray_concrete_powder": "block/light_gray_concrete_powder",
		"white_concrete_powder": "block/white_concrete_powder",
		"red_concrete": "block/red_concrete",
		"white_concrete": "block/white_concrete",
		"black_concrete": "block/black_concrete",
		"blue_concrete": "block/blue_concrete",
		"green_concrete": "block/green_concrete"
	},
	"elements": [
		{
			"from": [ 4, 0, 0 ],
			"to": [ 12, 3, 1 ],
			"faces": {
				"down": { "uv": [ 0, 0, 8, 1 ], "texture": "#light_gray_concrete_powder" },
				"up": { "uv": [ 0, 0, 8, 1 ], "texture": "#light_gray_concrete_powder" },
				"north": { "uv": [ 0, 0, 8, 3 ], "texture": "#light_gray_concrete_powder" },
				"south": { "uv": [ 5, 4, 13, 8 ], "texture": "#light_gray_concrete_powder" },
				"west": { "uv": [ 0, 0, 1, 3 ], "texture": "#light_gray_concrete_powder" },
				"east": { "uv": [ 3, 2, 4, 5 ], "texture": "#light_gray_concrete_powder" }
			}
		},
		{
			"from": [ 5, 0, 1 ],
			"to": [ 11, 3, 1.2 ],
			"faces": {
				"down": { "uv": [ 0, 0, 6, 0.1999998 ], "texture": "#light_gray_concrete_powder" },
				"up": { "uv": [ 0, 0, 6, 0.1999998 ], "texture": "#light_gray_concrete_powder" },
				"south": { "uv": [ 0, 0, 6, 3 ], "texture": "#light_gray_concrete_powder" },
				"west": { "uv": [ 0, 0, 0.2, 3 ], "texture": "#light_gray_concrete_powder" },
				"east": { "uv": [ 0, 0, 0.2, 3 ], "texture": "#light_gray_concrete_powder" }
			}
		},
		{
			"from": [ 5.5, 0.75, 1.2 ],
			"to": [ 10.5, 2.25, 2.5 ],
			"faces": {
				"down": { "uv": [ 0, 0, 5, 1.3 ], "texture": "#light_gray_concrete_powder" },
				"up": { "uv": [ 0, 0, 5, 1.3 ], "texture": "#light_gray_concrete_powder" },
				"south": { "uv": [ 0, 0, 5, 1.5 ], "texture": "#light_gray_concrete_powder" },
				"west": { "uv": [ 0, 0, 1.3, 1.5 ], "texture": "#light_gray_concrete_powder" },
				"east": { "uv": [ 0, 0, 1.3, 1.5 ], "texture": "#light_gray_concrete_powder" }
			}
		},
		{
			"from": [ 7, 1.75, 2.2 ],
			"to": [ 9, 7.25, 2.7 ],
			"rotation": { "origin": [ 8, 2, 1 ], "axis": "x", "angle": 22.5 },
			"faces": {
				"down": { "uv": [ 0, 0, 2, 0.5 ], "texture": "#light_gray_concrete_powder" },
				"up": { "uv": [ 0, 0, 2, 0.5 ], "texture": "#light_gray_concrete_powder" },
				"north": { "uv": [ 0, 0, 2, 5.5 ], "texture": "#light_gray_concrete_powder" },
				"south": { "uv": [ 0, 0, 2, 5.5 ], "texture": "#light_gray_concrete_powder" },
				"west": { "uv": [ 0, 0, 0.5, 5.5 ], "texture": "#light_gray_concrete_powder" },
				"east": { "uv": [ 0, 0, 0.5, 5.5 ], "texture": "#light_gray_concrete_powder" }
			}
		},
		{
			"from": [ 3, 4, 4.2 ],
			"to": [ 13, 10, 4.7 ],
			"faces": {
				"down": { "uv": [ 0, 0, 10, 0.5 ], "texture": "#white_concrete" },
				"up": { "uv": [ 0, 0, 10, 0.5 ], "texture": "#white_concrete" },
				"north": { "uv": [ 0, 0, 10, 6 ], "texture": "#white_concrete" },
				"south": { "uv": [ 0, 0, 10, 6 ], "texture": "#white_concrete" },
				"west": { "uv": [ 0, 0, 0.5, 6 ], "texture": "#white_concrete" },
				"east": { "uv": [ 0, 0, 0.5, 6 ], "texture": "#white_concrete" }
			}
		},
		{
			"from": [ 6, 2.5, 4 ],
			"to": [ 10, 4, 4.5 ],
			"faces": {
				"down": { "uv": [ 0, 0, 4, 0.5 ], "texture": "#white_concrete_powder" },
				"up": { "uv": [ 0, 0, 4, 0.5 ], "texture": "#white_concrete_powder" },
				"north": { "uv": [ 0, 0, 4, 1.5 ], "texture": "#white_concrete_powder" },
				"south": { "uv": [ 0, 0, 4, 1.5 ], "texture": "#white_concrete_powder" },
				"west": { "uv": [ 0, 0, 0.5, 1.5 ], "texture": "#white_concrete_powder" },
				"east": { "uv": [ 0, 0, 0.5, 1.5 ], "texture": "#white_concrete_powder" }
			}
		},
		{
			"from": [ 5.5, 2.75, 4 ],
			"to": [ 6, 3.75, 4.5 ],
			"faces": {
				"down": { "uv": [ 0, 0, 0.5, 0.5 ], "texture": "#white_concrete_powder" },
				"up": { "uv": [ 0, 0, 0.5, 0.5 ], "texture": "#white_concrete_powder" },
				"north": { "uv": [ 0, 0, 0.5, 1 ], "texture": "#white_concrete_powder" },
				"south": { "uv": [ 0, 0, 0.5, 1 ], "texture": "#white_concrete_powder" },
				"west": { "uv": [ 0, 0, 0.5, 1 ], "texture": "#white_concrete_powder" }
			}
		},
		{
			"from": [ 10, 2.75, 4 ],
			"to": [ 10.5, 3.75, 4.5 ],
			"faces": {
				"down": { "uv": [ 0, 0, 0.5, 0.5 ], "texture": "#white_concrete_powder" },
				"up": { "uv": [ 0, 0, 0.5, 0.5 ], "texture": "#white_concrete_powder" },
				"north": { "uv": [ 0, 0, 0.5, 1 ], "texture": "#white_concrete_powder" },
				"south": { "uv": [ 0, 0, 0.5, 1 ], "texture": "#white_concrete_powder" },
				"east": { "uv": [ 0, 0, 0.5, 1 ], "texture": "#white_concrete_powder" }
			}
		},
		{
			"from": [ 3.25, 4.25, 4.7 ],
			"to": [ 12.75, 9.75, 4.9 ],
			"faces": {
				"down": { "uv": [ 0, 0, 9.5, 0.1999998 ], "texture": "#black_concrete" },
				"up": { "uv": [ 0, 0, 9.5, 0.1999998 ], "texture": "#black_concrete" },
				"south": { "uv": [ 0, 0, 9.5, 5.5 ], "texture": "#black_concrete" },
				"west": { "uv": [ 0, 0, 0.2, 5.5 ], "texture": "#black_concrete" },
				"east": { "uv": [ 0, 0, 0.2, 5.5 ], "texture": "#black_concrete" }
			}
		},
		{
			"from": [ 6.25, 3.4, 4.5 ],
			"to": [ 6.85, 3.7, 4.7 ],
			"faces": {
				"down": { "uv": [ 0, 0, 0.6, 0.1999998 ], "texture": "#light_gray_concrete_powder" },
				"up": { "uv": [ 0, 0, 0.6, 0.1999998 ], "texture": "#light_gray_concrete_powder" },
				"south": { "uv": [ 0, 0, 0.6, 0.3000002 ], "texture": "#light_gray_concrete_powder" },
				"west": { "uv": [ 0, 0, 0.2, 0.3000002 ], "texture": "#light_gray_concrete_powder" },
				"east": { "uv": [ 0, 0, 0.2, 0.3000002 ], "texture": "#light_gray_concrete_powder" }
			}
		},
		{
			"from": [ 6.25, 3, 4.5 ],
			"to": [ 6.85, 3.3, 4.7 ],
			"faces": {
				"down": { "uv": [ 0, 0, 0.6, 0.1999998 ], "texture": "#light_gray_concrete_powder" },
				"up": { "uv": [ 0, 0, 0.6, 0.1999998 ], "texture": "#light_gray_concrete_powder" },
				"south": { "uv": [ 0, 0, 0.6, 0.3000002 ], "texture": "#light_gray_concrete_powder" },
				"west": { "uv": [ 0, 0, 0.2, 0.3000002 ], "texture": "#light_gray_concrete_powder" },
				"east": { "uv": [ 0, 0, 0.2, 0.3000002 ], "texture": "#light_gray_concrete_powder" }
			}
		},
		{
			"from": [ 6.25, 2.6, 4.5 ],
			"to": [ 6.85, 2.9, 4.7 ],
			"faces": {
				"down": { "uv": [ 0, 0, 0.6, 0.1999998 ], "texture": "#light_gray_concrete_powder" },
				"up": { "uv": [ 0, 0, 0.6, 0.1999998 ], "texture": "#light_gray_concrete_powder" },
				"south": { "uv": [ 0, 0, 0.6, 0.3000002 ], "texture": "#light_gray_concrete_powder" },
				"west": { "uv": [ 0, 0, 0.2, 0.3000002 ], "texture": "#light_gray_concrete_powder" },
				"east": { "uv": [ 0, 0, 0.2, 0.3000002 ], "texture": "#light_gray_concrete_powder" }
			}
		},
		{
			"from": [ 7.2, 2.6, 4.5 ],
			"to": [ 7.8, 2.9, 4.7 ],
			"faces": {
				"down": { "uv": [ 0, 0, 0.6, 0.1999998 ], "texture": "#light_gray_concrete_powder" },
				"up": { "uv": [ 0, 0, 0.6, 0.1999998 ], "texture": "#light_gray_concrete_powder" },
				"south": { "uv": [ 0, 0, 0.6, 0.3000002 ], "texture": "#light_gray_concrete_powder" },
				"west": { "uv": [ 0, 0, 0.2, 0.3000002 ], "texture": "#light_gray_concrete_powder" },
				"east": { "uv": [ 0, 0, 0.2, 0.3000002 ], "texture": "#light_gray_concrete_powder" }
			}
		},
		{
			"from": [ 7.2, 3, 4.5 ],
			"to": [ 7.8, 3.3, 4.7 ],
			"faces": {
				"down": { "uv": [ 0, 0, 0.6, 0.1999998 ], "texture": "#light_gray_concrete_powder" },
				"up": { "uv": [ 0, 0, 0.6, 0.1999998 ], "texture": "#light_gray_concrete_powder" },
				"south": { "uv": [ 0, 0, 0.6, 0.3000002 ], "texture": "#light_gray_concrete_powder" },
				"west": { "uv": [ 0, 0, 0.2, 0.3000002 ], "texture": "#light_gray_concrete_powder" },
				"east": { "uv": [ 0, 0, 0.2, 0.3000002 ], "texture": "#light_gray_concrete_powder" }
			}
		},
		{
			"from": [ 7.2, 3.4, 4.5 ],
			"to": [ 7.8, 3.7, 4.7 ],
			"faces": {
				"down": { "uv": [ 0, 0, 0.6, 0.1999998 ], "texture": "#light_gray_concrete_powder" },
				"up": { "uv": [ 0, 0, 0.6, 0.1999998 ], "texture": "#light_gray_concrete_powder" },
				"south": { "uv": [ 0, 0, 0.6, 0.3000002 ], "texture": "#light_gray_concrete_powder" },
				"west": { "uv": [ 0, 0, 0.2, 0.3000002 ], "texture": "#light_gray_concrete_powder" },
				"east": { "uv": [ 0, 0, 0.2, 0.3000002 ], "texture": "#light_gray_concrete_powder" }
			}
		},
		{
			"from": [ 8.099999, 3.4, 4.5 ],
			"to": [ 8.699999, 3.7, 4.7 ],
			"faces": {
				"down": { "uv": [ 0, 0, 0.6, 0.1999998 ], "texture": "#light_gray_concrete_powder" },
				"up": { "uv": [ 0, 0, 0.6, 0.1999998 ], "texture": "#light_gray_concrete_powder" },
				"south": { "uv": [ 0, 0, 0.6, 0.3000002 ], "texture": "#light_gray_concrete_powder" },
				"west": { "uv": [ 0, 0, 0.2, 0.3000002 ], "texture": "#light_gray_concrete_powder" },
				"east": { "uv": [ 0, 0, 0.2, 0.3000002 ], "texture": "#light_gray_concrete_powder" }
			}
		},
		{
			"from": [ 8.099999, 3, 4.5 ],
			"to": [ 8.699999, 3.3, 4.7 ],
			"faces": {
				"down": { "uv": [ 0, 0, 0.6, 0.1999998 ], "texture": "#light_gray_concrete_powder" },
				"up": { "uv": [ 0, 0, 0.6, 0.1999998 ], "texture": "#light_gray_concrete_powder" },
				"south": { "uv": [ 0, 0, 0.6, 0.3000002 ], "texture": "#light_gray_concrete_powder" },
				"west": { "uv": [ 0, 0, 0.2, 0.3000002 ], "texture": "#light_gray_concrete_powder" },
				"east": { "uv": [ 0, 0, 0.2, 0.3000002 ], "texture": "#light_gray_concrete_powder" }
			}
		},
		{
			"from": [ 8.099999, 2.6, 4.5 ],
			"to": [ 8.699999, 2.9, 4.7 ],
			"faces": {
				"down": { "uv": [ 0, 0, 0.6, 0.1999998 ], "texture": "#light_gray_concrete_powder" },
				"up": { "uv": [ 0, 0, 0.6, 0.1999998 ], "texture": "#light_gray_concrete_powder" },
				"south": { "uv": [ 0, 0, 0.6, 0.3000002 ], "texture": "#light_gray_concrete_powder" },
				"west": { "uv": [ 0, 0, 0.2, 0.3000002 ], "texture": "#light_gray_concrete_powder" },
				"east": { "uv": [ 0, 0, 0.2, 0.3000002 ], "texture": "#light_gray_concrete_powder" }
			}
		},
		{
			"from": [ 9.099999, 2.6, 4.5 ],
			"to": [ 9.699999, 2.9, 4.7 ],
			"faces": {
				"down": { "uv": [ 0, 0, 0.6, 0.1999998 ], "texture": "#red_concrete" },
				"up": { "uv": [ 0, 0, 0.6, 0.1999998 ], "texture": "#red_concrete" },
				"south": { "uv": [ 0, 0, 0.6, 0.3000002 ], "texture": "#red_concrete" },
				"west": { "uv": [ 0, 0, 0.2, 0.3000002 ], "texture": "#red_concrete" },
				"east": { "uv": [ 0, 0, 0.2, 0.3000002 ], "texture": "#red_concrete" }
			}
		},
		{
			"from": [ 9.099999, 3, 4.5 ],
			"to": [ 9.699999, 3.3, 4.7 ],
			"faces": {
				"down": { "uv": [ 0, 0, 0.6, 0.1999998 ], "texture": "#blue_concrete" },
				"up": { "uv": [ 0, 0, 0.6, 0.1999998 ], "texture": "#blue_concrete" },
				"south": { "uv": [ 0, 0, 0.6, 0.3000002 ], "texture": "#blue_concrete" },
				"west": { "uv": [ 0, 0, 0.2, 0.3000002 ], "texture": "#blue_concrete" },
				"east": { "uv": [ 0, 0, 0.2, 0.3000002 ], "texture": "#blue_concrete" }
			}
		},
		{
			"from": [ 9.099999, 3.4, 4.5 ],
			"to": [ 9.699999, 3.7, 4.7 ],
			"faces": {
				"down": { "uv": [ 0, 0, 0.6, 0.1999998 ], "texture": "#blue_concrete" },
				"up": { "uv": [ 0, 0, 0.6, 0.1999998 ], "texture": "#blue_concrete" },
				"south": { "uv": [ 0, 0, 0.6, 0.3000002 ], "texture": "#blue_concrete" },
				"west": { "uv": [ 0, 0, 0.2, 0.3000002 ], "texture": "#blue_concrete" },
				"east": { "uv": [ 0, 0, 0.2, 0.3000002 ], "texture": "#blue_concrete" }
			}
		},
		{
			"from": [ 3.5, 8.4, 4.8 ],
			"to": [ 5.1, 8.6, 5 ],
			"faces": {
				"down": { "uv": [ 0, 0, 1.6, 0.1999998 ], "texture": "#green_concrete" },
				"up": { "uv": [ 0, 0, 1.6, 0.1999998 ], "texture": "#green_concrete" },
				"south": { "uv": [ 0, 0, 1.6, 0.1999998 ], "texture": "#green_concrete" },
				"west": { "uv": [ 0, 0, 0.2, 0.1999998 ], "texture": "#green_concrete" },
				"east": { "uv": [ 0, 0, 0.2, 0.1999998 ], "texture": "#green_concrete" }
			}
		},
		{
			"from": [ 3.5, 7.4, 4.8 ],
			"to": [ 5.1, 7.599999, 5 ],
			"faces": {
				"down": { "uv": [ 0, 0, 1.6, 0.1999998 ], "texture": "#green_concrete" },
				"up": { "uv": [ 0, 0, 1.6, 0.1999998 ], "texture": "#green_concrete" },
				"south": { "uv": [ 0, 0, 1.6, 0.1999998 ], "texture": "#green_concrete" },
				"west": { "uv": [ 0, 0, 0.2, 0.1999998 ], "texture": "#green_concrete" },
				"east": { "uv": [ 0, 0, 0.2, 0.1999998 ], "texture": "#green_concrete" }
			}
		},
		{
			"from": [ 3.5, 6.4, 4.8 ],
			"to": [ 5.1, 6.599999, 5 ],
			"faces": {
				"down": { "uv": [ 0, 0, 1.6, 0.1999998 ], "texture": "#red_concrete" },
				"up": { "uv": [ 0, 0, 1.6, 0.1999998 ], "texture": "#red_concrete" },
				"south": { "uv": [ 0, 0, 1.6, 0.1999998 ], "texture": "#red_concrete" },
				"west": { "uv": [ 0, 0, 0.2, 0.1999998 ], "texture": "#red_concrete" },
				"east": { "uv": [ 0, 0, 0.2, 0.1999998 ], "texture": "#red_concrete" }
			}
		},
		{
			"from": [ 3.5, 5.4, 4.8 ],
			"to": [ 8.1, 5.6, 5 ],
			"faces": {
				"down": { "uv": [ 0, 0, 4.6, 0.1999998 ], "texture": "#green_concrete" },
				"up": { "uv": [ 0, 0, 4.6, 0.1999998 ], "texture": "#green_concrete" },
				"south": { "uv": [ 0, 0, 4.6, 0.1999998 ], "texture": "#green_concrete" },
				"west": { "uv": [ 0, 0, 0.2, 0.1999998 ], "texture": "#green_concrete" },
				"east": { "uv": [ 0, 0, 0.2, 0.1999998 ], "texture": "#green_concrete" }
			}
		},
		{
			"from": [ 8.099999, 5.6, 4.8 ],
			"to": [ 10.7, 5.8, 5 ],
			"faces": {
				"down": { "uv": [ 0, 0, 2.6, 0.1999998 ], "texture": "#green_concrete" },
				"up": { "uv": [ 0, 0, 2.6, 0.1999998 ], "texture": "#green_concrete" },
				"south": { "uv": [ 0, 0, 2.6, 0.1999998 ], "texture": "#green_concrete" },
				"west": { "uv": [ 0, 0, 0.2, 0.1999998 ], "texture": "#green_concrete" },
				"east": { "uv": [ 0, 0, 0.2, 0.1999998 ], "texture": "#green_concrete" }
			}
		},
		{
			"from": [ 10.6, 5.8, 4.8 ],
			"to": [ 12.2, 6, 5 ],
			"faces": {
				"down": { "uv": [ 0, 0, 1.6, 0.1999998 ], "texture": "#green_concrete" },
				"up": { "uv": [ 0, 0, 1.6, 0.1999998 ], "texture": "#green_concrete" },
				"south": { "uv": [ 0, 0, 1.6, 0.1999998 ], "texture": "#green_concrete" },
				"west": { "uv": [ 0, 0, 0.2, 0.1999998 ], "texture": "#green_concrete" },
				"east": { "uv": [ 0, 0, 0.2, 0.1999998 ], "texture": "#green_concrete" }
			}
		},
		{
			"from": [ 6.5, 6.4, 4.8 ],
			"to": [ 8.1, 6.599999, 5 ],
			"faces": {
				"down": { "uv": [ 0, 0, 1.6, 0.1999998 ], "texture": "#red_concrete" },
				"up": { "uv": [ 0, 0, 1.6, 0.1999998 ], "texture": "#red_concrete" },
				"south": { "uv": [ 0, 0, 1.6, 0.1999998 ], "texture": "#red_concrete" },
				"west": { "uv": [ 0, 0, 0.2, 0.1999998 ], "texture": "#red_concrete" },
				"east": { "uv": [ 0, 0, 0.2, 0.1999998 ], "texture": "#red_concrete" }
			}
		},
		{
			"from": [ 9.5, 6.4, 4.8 ],
			"to": [ 11.1, 6.599999, 5 ],
			"faces": {
				"down": { "uv": [ 0, 0, 1.6, 0.1999998 ], "texture": "#red_concrete" },
				"up": { "uv": [ 0, 0, 1.6, 0.1999998 ], "texture": "#red_concrete" },
				"south": { "uv": [ 0, 0, 1.6, 0.1999998 ], "texture": "#red_concrete" },
				"west": { "uv": [ 0, 0, 0.2, 0.1999998 ], "texture": "#red_concrete" },
				"east": { "uv": [ 0, 0, 0.2, 0.1999998 ], "texture": "#red_concrete" }
			}
		},
		{
			"from": [ 5.1, 6.6, 4.8 ],
			"to": [ 6.5, 6.8, 5 ],
			"faces": {
				"down": { "uv": [ 0, 0, 1.4, 0.1999998 ], "texture": "#red_concrete" },
				"up": { "uv": [ 0, 0, 1.4, 0.1999998 ], "texture": "#red_concrete" },
				"south": { "uv": [ 0, 0, 1.4, 0.1999998 ], "texture": "#red_concrete" },
				"west": { "uv": [ 0, 0, 0.2, 0.1999998 ], "texture": "#red_concrete" },
				"east": { "uv": [ 0, 0, 0.2, 0.1999998 ], "texture": "#red_concrete" }
			}
		},
		{
			"from": [ 8.099999, 6.6, 4.8 ],
			"to": [ 9.499999, 6.8, 5 ],
			"faces": {
				"down": { "uv": [ 0, 0, 1.4, 0.1999998 ], "texture": "#red_concrete" },
				"up": { "uv": [ 0, 0, 1.4, 0.1999998 ], "texture": "#red_concrete" },
				"south": { "uv": [ 0, 0, 1.4, 0.1999998 ], "texture": "#red_concrete" },
				"west": { "uv": [ 0, 0, 0.2, 0.1999998 ], "texture": "#red_concrete" },
				"east": { "uv": [ 0, 0, 0.2, 0.1999998 ], "texture": "#red_concrete" }
			}
		},
		{
			"from": [ 11.1, 6.6, 4.8 ],
			"to": [ 12.5, 6.8, 5 ],
			"faces": {
				"down": { "uv": [ 0, 0, 1.4, 0.1999998 ], "texture": "#red_concrete" },
				"up": { "uv": [ 0, 0, 1.4, 0.1999998 ], "texture": "#red_concrete" },
				"south": { "uv": [ 0, 0, 1.4, 0.1999998 ], "texture": "#red_concrete" },
				"west": { "uv": [ 0, 0, 0.2, 0.1999998 ], "texture": "#red_concrete" },
				"east": { "uv": [ 0, 0, 0.2, 0.1999998 ], "texture": "#red_concrete" }
			}
		},
		{
			"from": [ 5.3, 7.4, 4.8 ],
			"to": [ 6.9, 7.599999, 5 ],
			"faces": {
				"down": { "uv": [ 0, 0, 1.6, 0.1999998 ], "texture": "#green_concrete" },
				"up": { "uv": [ 0, 0, 1.6, 0.1999998 ], "texture": "#green_concrete" },
				"south": { "uv": [ 0, 0, 1.6, 0.1999998 ], "texture": "#green_concrete" },
				"west": { "uv": [ 0, 0, 0.2, 0.1999998 ], "texture": "#green_concrete" },
				"east": { "uv": [ 0, 0, 0.2, 0.1999998 ], "texture": "#green_concrete" }
			}
		},
		{
			"from": [ 7.1, 7.4, 4.8 ],
			"to": [ 8.7, 7.599999, 5 ],
			"faces": {
				"down": { "uv": [ 0, 0, 1.6, 0.1999998 ], "texture": "#green_concrete" },
				"up": { "uv": [ 0, 0, 1.6, 0.1999998 ], "texture": "#green_concrete" },
				"south": { "uv": [ 0, 0, 1.6, 0.1999998 ], "texture": "#green_concrete" },
				"west": { "uv": [ 0, 0, 0.2, 0.1999998 ], "texture": "#green_concrete" },
				"east": { "uv": [ 0, 0, 0.2, 0.1999998 ], "texture": "#green_concrete" }
			}
		},
		{
			"from": [ 8.9, 7.4, 4.8 ],
			"to": [ 10.5, 7.599999, 5 ],
			"faces": {
				"down": { "uv": [ 0, 0, 1.6, 0.1999998 ], "texture": "#green_concrete" },
				"up": { "uv": [ 0, 0, 1.6, 0.1999998 ], "texture": "#green_concrete" },
				"south": { "uv": [ 0, 0, 1.6, 0.1999998 ], "texture": "#green_concrete" },
				"west": { "uv": [ 0, 0, 0.2, 0.1999998 ], "texture": "#green_concrete" },
				"east": { "uv": [ 0, 0, 0.2, 0.1999998 ], "texture": "#green_concrete" }
			}
		},
		{
			"from": [ 10.7, 7.4, 4.8 ],
			"to": [ 12.3, 7.599999, 5 ],
			"faces": {
				"down": { "uv": [ 0, 0, 1.6, 0.1999998 ], "texture": "#green_concrete" },
				"up": { "uv": [ 0, 0, 1.6, 0.1999998 ], "texture": "#green_concrete" },
				"south": { "uv": [ 0, 0, 1.6, 0.1999998 ], "texture": "#green_concrete" },
				"west": { "uv": [ 0, 0, 0.2, 0.1999998 ], "texture": "#green_concrete" },
				"east": { "uv": [ 0, 0, 0.2, 0.1999998 ], "texture": "#green_concrete" }
			}
		},
		{
			"from": [ 10.7, 8.4, 4.8 ],
			"to": [ 12.3, 8.6, 5 ],
			"faces": {
				"down": { "uv": [ 0, 0, 1.6, 0.1999998 ], "texture": "#green_concrete" },
				"up": { "uv": [ 0, 0, 1.6, 0.1999998 ], "texture": "#green_concrete" },
				"south": { "uv": [ 0, 0, 1.6, 0.1999998 ], "texture": "#green_concrete" },
				"west": { "uv": [ 0, 0, 0.2, 0.1999998 ], "texture": "#green_concrete" },
				"east": { "uv": [ 0, 0, 0.2, 0.1999998 ], "texture": "#green_concrete" }
			}
		},
		{
			"from": [ 8.9, 8.4, 4.8 ],
			"to": [ 10.5, 8.6, 5 ],
			"faces": {
				"down": { "uv": [ 0, 0, 1.6, 0.1999998 ], "texture": "#green_concrete" },
				"up": { "uv": [ 0, 0, 1.6, 0.1999998 ], "texture": "#green_concrete" },
				"south": { "uv": [ 0, 0, 1.6, 0.1999998 ], "texture": "#green_concrete" },
				"west": { "uv": [ 0, 0, 0.2, 0.1999998 ], "texture": "#green_concrete" },
				"east": { "uv": [ 0, 0, 0.2, 0.1999998 ], "texture": "#green_concrete" }
			}
		},
		{
			"from": [ 7.1, 8.4, 4.8 ],
			"to": [ 8.7, 8.6, 5 ],
			"faces": {
				"down": { "uv": [ 0, 0, 1.6, 0.1999998 ], "texture": "#green_concrete" },
				"up": { "uv": [ 0, 0, 1.6, 0.1999998 ], "texture": "#green_concrete" },
				"south": { "uv": [ 0, 0, 1.6, 0.1999998 ], "texture": "#green_concrete" },
				"west": { "uv": [ 0, 0, 0.2, 0.1999998 ], "texture": "#green_concrete" },
				"east": { "uv": [ 0, 0, 0.2, 0.1999998 ], "texture": "#green_concrete" }
			}
		},
		{
			"from": [ 5.3, 8.4, 4.8 ],
			"to": [ 6.9, 8.6, 5 ],
			"faces": {
				"down": { "uv": [ 0, 0, 1.6, 0.1999998 ], "texture": "#green_concrete" },
				"up": { "uv": [ 0, 0, 1.6, 0.1999998 ], "texture": "#green_concrete" },
				"south": { "uv": [ 0, 0, 1.6, 0.1999998 ], "texture": "#green_concrete" },
				"west": { "uv": [ 0, 0, 0.2, 0.1999998 ], "texture": "#green_concrete" },
				"east": { "uv": [ 0, 0, 0.2, 0.1999998 ], "texture": "#green_concrete" }
			}
		},
		{
			"from": [ 5.1, 8.599999, 4.8 ],
			"to": [ 5.3, 9.099999, 5 ],
			"faces": {
				"down": { "uv": [ 0, 0, 0.2, 0.1999998 ], "texture": "#green_concrete" },
				"up": { "uv": [ 0, 0, 0.2, 0.1999998 ], "texture": "#green_concrete" },
				"south": { "uv": [ 0, 0, 0.2, 0.5 ], "texture": "#green_concrete" },
				"west": { "uv": [ 0, 0, 0.2, 0.5 ], "texture": "#green_concrete" },
				"east": { "uv": [ 0, 0, 0.2, 0.5 ], "texture": "#green_concrete" }
			}
		},
		{
			"from": [ 6.9, 8.599999, 4.8 ],
			"to": [ 7.099999, 9.099999, 5 ],
			"faces": {
				"down": { "uv": [ 0, 0, 0.2, 0.1999998 ], "texture": "#green_concrete" },
				"up": { "uv": [ 0, 0, 0.2, 0.1999998 ], "texture": "#green_concrete" },
				"south": { "uv": [ 0, 0, 0.2, 0.5 ], "texture": "#green_concrete" },
				"west": { "uv": [ 0, 0, 0.2, 0.5 ], "texture": "#green_concrete" },
				"east": { "uv": [ 0, 0, 0.2, 0.5 ], "texture": "#green_concrete" }
			}
		},
		{
			"from": [ 8.7, 8.599999, 4.8 ],
			"to": [ 8.9, 9.099999, 5 ],
			"faces": {
				"down": { "uv": [ 0, 0, 0.2, 0.1999998 ], "texture": "#green_concrete" },
				"up": { "uv": [ 0, 0, 0.2, 0.1999998 ], "texture": "#green_concrete" },
				"south": { "uv": [ 0, 0, 0.2, 0.5 ], "texture": "#green_concrete" },
				"west": { "uv": [ 0, 0, 0.2, 0.5 ], "texture": "#green_concrete" },
				"east": { "uv": [ 0, 0, 0.2, 0.5 ], "texture": "#green_concrete" }
			}
		},
		{
			"from": [ 10.5, 8.599999, 4.8 ],
			"to": [ 10.7, 9.099999, 5 ],
			"faces": {
				"down": { "uv": [ 0, 0, 0.2, 0.1999998 ], "texture": "#green_concrete" },
				"up": { "uv": [ 0, 0, 0.2, 0.1999998 ], "texture": "#green_concrete" },
				"south": { "uv": [ 0, 0, 0.2, 0.5 ], "texture": "#green_concrete" },
				"west": { "uv": [ 0, 0, 0.2, 0.5 ], "texture": "#green_concrete" },
				"east": { "uv": [ 0, 0, 0.2, 0.5 ], "texture": "#green_concrete" }
			}
		},
		{
			"from": [ 10.5, 6.9, 4.8 ],
			"to": [ 10.7, 7.4, 5 ],
			"faces": {
				"down": { "uv": [ 0, 0, 0.2, 0.1999998 ], "texture": "#green_concrete" },
				"up": { "uv": [ 0, 0, 0.2, 0.1999998 ], "texture": "#green_concrete" },
				"south": { "uv": [ 0, 0, 0.2, 0.5 ], "texture": "#green_concrete" },
				"west": { "uv": [ 0, 0, 0.2, 0.5 ], "texture": "#green_concrete" },
				"east": { "uv": [ 0, 0, 0.2, 0.5 ], "texture": "#green_concrete" }
			}
		},
		{
			"from": [ 8.7, 6.9, 4.8 ],
			"to": [ 8.9, 7.4, 5 ],
			"faces": {
				"down": { "uv": [ 0, 0, 0.2, 0.1999998 ], "texture": "#green_concrete" },
				"up": { "uv": [ 0, 0, 0.2, 0.1999998 ], "texture": "#green_concrete" },
				"south": { "uv": [ 0, 0, 0.2, 0.5 ], "texture": "#green_concrete" },
				"west": { "uv": [ 0, 0, 0.2, 0.5 ], "texture": "#green_concrete" },
				"east": { "uv": [ 0, 0, 0.2, 0.5 ], "texture": "#green_concrete" }
			}
		},
		{
			"from": [ 6.9, 6.9, 4.8 ],
			"to": [ 7.099999, 7.4, 5 ],
			"faces": {
				"down": { "uv": [ 0, 0, 0.2, 0.1999998 ], "texture": "#green_concrete" },
				"up": { "uv": [ 0, 0, 0.2, 0.1999998 ], "texture": "#green_concrete" },
				"south": { "uv": [ 0, 0, 0.2, 0.5 ], "texture": "#green_concrete" },
				"west": { "uv": [ 0, 0, 0.2, 0.5 ], "texture": "#green_concrete" },
				"east": { "uv": [ 0, 0, 0.2, 0.5 ], "texture": "#green_concrete" }
			}
		},
		{
			"from": [ 5.1, 6.9, 4.8 ],
			"to": [ 5.3, 7.4, 5 ],
			"faces": {
				"down": { "uv": [ 0, 0, 0.2, 0.1999998 ], "texture": "#green_concrete" },
				"up": { "uv": [ 0, 0, 0.2, 0.1999998 ], "texture": "#green_concrete" },
				"south": { "uv": [ 0, 0, 0.2, 0.5 ], "texture": "#green_concrete" },
				"west": { "uv": [ 0, 0, 0.2, 0.5 ], "texture": "#green_concrete" },
				"east": { "uv": [ 0, 0, 0.2, 0.5 ], "texture": "#green_concrete" }
			}
		},
		{
			"from": [ 10.1, 4.3, 4.8 ],
			"to": [ 12.6, 5.3, 5 ],
			"faces": {
				"down": { "uv": [ 0, 0, 2.5, 0.1999998 ], "texture": "#light_gray_concrete_powder" },
				"up": { "uv": [ 0, 0, 2.5, 0.1999998 ], "texture": "#light_gray_concrete_powder" },
				"south": { "uv": [ 0, 0, 2.5, 1 ], "texture": "#light_gray_concrete_powder" },
				"west": { "uv": [ 0, 0, 0.2, 1 ], "texture": "#light_gray_concrete_powder" },
				"east": { "uv": [ 0, 0, 0.2, 1 ], "texture": "#light_gray_concrete_powder" }
			}
		},
		{
			"from": [ 10.3, 4.4, 4.85 ],
			"to": [ 10.5, 5.2, 5.05 ],
			"faces": {
				"down": { "uv": [ 0, 0, 0.2, 0.1999998 ], "texture": "#green_concrete" },
				"up": { "uv": [ 0, 0, 0.2, 0.1999998 ], "texture": "#green_concrete" },
				"south": { "uv": [ 0, 0, 0.2, 0.8000002 ], "texture": "#green_concrete" },
				"west": { "uv": [ 0, 0, 0.2, 0.8000002 ], "texture": "#green_concrete" },
				"east": { "uv": [ 0, 0, 0.2, 0.8000002 ], "texture": "#green_concrete" }
			}
		},
		{
			"from": [ 10.5, 4.4, 4.85 ],
			"to": [ 10.7, 4.6, 5.05 ],
			"faces": {
				"down": { "uv": [ 0, 0, 0.2, 0.1999998 ], "texture": "#green_concrete" },
				"up": { "uv": [ 0, 0, 0.2, 0.1999998 ], "texture": "#green_concrete" },
				"south": { "uv": [ 0, 0, 0.2, 0.1999998 ], "texture": "#green_concrete" }
			}
		},
		{
			"from": [ 10.7, 4.4, 4.85 ],
			"to": [ 10.9, 4.8, 5.05 ],
			"faces": {
				"down": { "uv": [ 0, 0, 0.2, 0.1999998 ], "texture": "#green_concrete" },
				"south": { "uv": [ 0, 0, 0.2, 0.3999996 ], "texture": "#green_concrete" },
				"west": { "uv": [ 0, 0, 0.2, 0.3999996 ], "texture": "#green_concrete" },
				"east": { "uv": [ 0, 0, 0.2, 0.3999996 ], "texture": "#green_concrete" }
			}
		},
		{
			"from": [ 10.5, 4.8, 4.85 ],
			"to": [ 10.9, 5, 5.05 ],
			"faces": {
				"down": { "uv": [ 0, 0, 0.4, 0.1999998 ], "texture": "#green_concrete" },
				"up": { "uv": [ 0, 0, 0.4, 0.1999998 ], "texture": "#green_concrete" },
				"south": { "uv": [ 0, 0, 0.4, 0.1999998 ], "texture": "#green_concrete" },
				"east": { "uv": [ 0, 0, 0.2, 0.1999998 ], "texture": "#green_concrete" }
			}
		},
		{
			"from": [ 11.1, 5, 4.85 ],
			"to": [ 11.5, 5.2, 5.05 ],
			"faces": {
				"down": { "uv": [ 0, 0, 0.4, 0.1999998 ], "texture": "#green_concrete" },
				"up": { "uv": [ 0, 0, 0.4, 0.1999998 ], "texture": "#green_concrete" },
				"south": { "uv": [ 0, 0, 0.4, 0.1999998 ], "texture": "#green_concrete" },
				"west": { "uv": [ 0, 0, 0.2, 0.1999998 ], "texture": "#green_concrete" }
			}
		},
		{
			"from": [ 11.3, 4.6, 4.85 ],
			"to": [ 11.5, 4.8, 5.05 ],
			"faces": {
				"down": { "uv": [ 0, 0, 0.2, 0.1999998 ], "texture": "#green_concrete" },
				"up": { "uv": [ 0, 0, 0.2, 0.1999998 ], "texture": "#green_concrete" },
				"south": { "uv": [ 0, 0, 0.2, 0.1999998 ], "texture": "#green_concrete" },
				"west": { "uv": [ 0, 0, 0.2, 0.1999998 ], "texture": "#green_concrete" }
			}
		},
		{
			"from": [ 11.1, 4.6, 4.85 ],
			"to": [ 11.3, 5, 5.05 ],
			"faces": {
				"down": { "uv": [ 0, 0, 0.2, 0.1999998 ], "texture": "#green_concrete" },
				"south": { "uv": [ 0, 0, 0.2, 0.3999996 ], "texture": "#green_concrete" },
				"west": { "uv": [ 0, 0, 0.2, 0.3999996 ], "texture": "#green_concrete" },
				"east": { "uv": [ 0, 0, 0.2, 0.3999996 ], "texture": "#green_concrete" }
			}
		},
		{
			"from": [ 11.5, 4.4, 4.85 ],
			"to": [ 11.7, 5.2, 5.05 ],
			"faces": {
				"down": { "uv": [ 0, 0, 0.2, 0.1999998 ], "texture": "#green_concrete" },
				"up": { "uv": [ 0, 0, 0.2, 0.1999998 ], "texture": "#green_concrete" },
				"south": { "uv": [ 0, 0, 0.2, 0.8000002 ], "texture": "#green_concrete" },
				"west": { "uv": [ 0, 0, 0.2, 0.8000002 ], "texture": "#green_concrete" },
				"east": { "uv": [ 0, 0, 0.2, 0.8000002 ], "texture": "#green_concrete" }
			}
		},
		{
			"from": [ 11.9, 4.8, 4.85 ],
			"to": [ 12.1, 5.199999, 5.05 ],
			"faces": {
				"down": { "uv": [ 0, 0, 0.2, 0.1999998 ], "texture": "#green_concrete" },
				"up": { "uv": [ 0, 0, 0.2, 0.1999998 ], "texture": "#green_concrete" },
				"south": { "uv": [ 0, 0, 0.2, 0.3999996 ], "texture": "#green_concrete" },
				"west": { "uv": [ 0, 0, 0.2, 0.3999996 ], "texture": "#green_concrete" },
				"east": { "uv": [ 0, 0, 0.2, 0.3999996 ], "texture": "#green_concrete" }
			}
		},
		{
			"from": [ 11.9, 4.4, 4.85 ],
			"to": [ 12.1, 4.6, 5.05 ],
			"faces": {
				"down": { "uv": [ 0, 0, 0.2, 0.1999998 ], "texture": "#green_concrete" },
				"up": { "uv": [ 0, 0, 0.2, 0.1999998 ], "texture": "#green_concrete" },
				"south": { "uv": [ 0, 0, 0.2, 0.1999998 ], "texture": "#green_concrete" },
				"west": { "uv": [ 0, 0, 0.2, 0.1999998 ], "texture": "#green_concrete" },
				"east": { "uv": [ 0, 0, 0.2, 0.1999998 ], "texture": "#green_concrete" }
			}
		}
	],
	"display": {
		"gui": {
			"rotation":  [ 30, 45, 0 ],
			"translation":  [ 3, 0, 0 ]
		},
		"head": {
			"rotation":  [ 0, 180, 0 ],
			"translation":  [ 0, 2, -4.869 ],
			"scale":  [ 2.5, 2.5, 2.5 ]
		},
		"ground": {
			"translation":  [ 0, 3, 0 ]
		},
		"fixed": {
			"rotation":  [ 0, 180, 0 ],
			"translation":  [ 0, 4, -30 ],
			"scale":  [ 4, 4, 4 ]
		}
	}
}