{
	"__comment": "Model generated using MrCrayfish's Model Creator (https://mrcrayfish.com/tools?id=mc)",
	"textures": {
		"light_gray_concrete_powder": "block/light_gray_concrete_powder",
		"orange_wool": "block/orange_wool",
		"black_concrete": "block/black_concrete"
	},
	"elements": [
		{
			"from": [ 5.75, 4, 8 ],
			"to": [ 9.75, 5, 8.99 ],
			"rotation": { "origin": [ 8, 8, 8 ], "axis": "z", "angle": -22.5 },
			"faces": {
				"down": { "uv": [ 0, 0, 4, 0.9899998 ], "texture": "#light_gray_concrete_powder" },
				"up": { "uv": [ 0, 0, 4, 0.9899998 ], "texture": "#light_gray_concrete_powder" },
				"north": { "uv": [ 0, 0, 4, 1 ], "texture": "#light_gray_concrete_powder" },
				"south": { "uv": [ 0, 0, 4, 1 ], "texture": "#light_gray_concrete_powder" },
				"west": { "uv": [ 0, 0, 0.99, 1 ], "texture": "#light_gray_concrete_powder" },
				"east": { "uv": [ 0, 0, 0.99, 1 ], "texture": "#light_gray_concrete_powder" }
			}
		},
		{
			"from": [ 6.25, 4, 8 ],
			"to": [ 10.25, 5, 8.98 ],
			"rotation": { "origin": [ 8, 8, 8 ], "axis": "z", "angle": 22.5 },
			"faces": {
				"down": { "uv": [ 0, 0, 4, 0.9799995 ], "texture": "#light_gray_concrete_powder" },
				"up": { "uv": [ 0, 0, 4, 0.9799995 ], "texture": "#light_gray_concrete_powder" },
				"north": { "uv": [ 0, 0, 4, 1 ], "texture": "#light_gray_concrete_powder" },
				"south": { "uv": [ 0, 0, 4, 1 ], "texture": "#light_gray_concrete_powder" },
				"west": { "uv": [ 0, 0, 0.98, 1 ], "texture": "#light_gray_concrete_powder" },
				"east": { "uv": [ 0, 0, 0.98, 1 ], "texture": "#light_gray_concrete_powder" }
			}
		},
		{
			"from": [ 7.5, 0, 8 ],
			"to": [ 8.5, 4, 9.01 ],
			"faces": {
				"down": { "uv": [ 0, 0, 1, 1.01 ], "texture": "#light_gray_concrete_powder" },
				"up": { "uv": [ 0, 0, 1, 1.01 ], "texture": "#light_gray_concrete_powder" },
				"north": { "uv": [ 0, 0, 1, 4 ], "texture": "#light_gray_concrete_powder" },
				"south": { "uv": [ 0, 0, 1, 4 ], "texture": "#light_gray_concrete_powder" },
				"west": { "uv": [ 0, 0, 1.01, 4 ], "texture": "#light_gray_concrete_powder" },
				"east": { "uv": [ 0, 0, 1.01, 4 ], "texture": "#light_gray_concrete_powder" }
			}
		},
		{
			"from": [ 8.5, 0.5, 8 ],
			"to": [ 9, 4.5, 9.01 ],
			"faces": {
				"down": { "uv": [ 0, 0, 0.5, 1.01 ], "texture": "#light_gray_concrete_powder" },
				"up": { "uv": [ 0, 0, 0.5, 1.01 ], "texture": "#light_gray_concrete_powder" },
				"north": { "uv": [ 0, 0, 0.5, 4 ], "texture": "#light_gray_concrete_powder" },
				"south": { "uv": [ 0, 0, 0.5, 4 ], "texture": "#light_gray_concrete_powder" },
				"west": { "uv": [ 0, 0, 1.01, 4 ], "texture": "#light_gray_concrete_powder" },
				"east": { "uv": [ 0, 0, 1.01, 4 ], "texture": "#light_gray_concrete_powder" }
			}
		},
		{
			"from": [ 7, 0.5, 8 ],
			"to": [ 7.5, 4.5, 9.01 ],
			"faces": {
				"down": { "uv": [ 0, 0, 0.5, 1.01 ], "texture": "#light_gray_concrete_powder" },
				"up": { "uv": [ 0, 0, 0.5, 1.01 ], "texture": "#light_gray_concrete_powder" },
				"north": { "uv": [ 0, 0, 0.5, 4 ], "texture": "#light_gray_concrete_powder" },
				"south": { "uv": [ 0, 0, 0.5, 4 ], "texture": "#light_gray_concrete_powder" },
				"west": { "uv": [ 0, 0, 1.01, 4 ], "texture": "#light_gray_concrete_powder" },
				"east": { "uv": [ 0, 0, 1.01, 4 ], "texture": "#light_gray_concrete_powder" }
			}
		},
		{
			"from": [ 8.75, 4, 8 ],
			"to": [ 10.75, 5, 9 ],
			"rotation": { "origin": [ 8, 8, 8 ], "axis": "z", "angle": -45 },
			"faces": {
				"down": { "uv": [ 0, 0, 2, 1 ], "texture": "#light_gray_concrete_powder" },
				"up": { "uv": [ 0, 0, 2, 1 ], "texture": "#light_gray_concrete_powder" },
				"north": { "uv": [ 0, 0, 2, 1 ], "texture": "#light_gray_concrete_powder" },
				"south": { "uv": [ 0, 0, 2, 1 ], "texture": "#light_gray_concrete_powder" },
				"west": { "uv": [ 0, 0, 1, 1 ], "texture": "#light_gray_concrete_powder" },
				"east": { "uv": [ 0, 0, 1, 1 ], "texture": "#light_gray_concrete_powder" }
			}
		},
		{
			"from": [ 5.25, 4, 8 ],
			"to": [ 7.25, 5, 9 ],
			"rotation": { "origin": [ 8, 8, 8 ], "axis": "z", "angle": 45 },
			"faces": {
				"down": { "uv": [ 0, 0, 2, 1 ], "texture": "#light_gray_concrete_powder" },
				"up": { "uv": [ 0, 0, 2, 1 ], "texture": "#light_gray_concrete_powder" },
				"north": { "uv": [ 0, 0, 2, 1 ], "texture": "#light_gray_concrete_powder" },
				"south": { "uv": [ 0, 0, 2, 1 ], "texture": "#light_gray_concrete_powder" },
				"west": { "uv": [ 0, 0, 1, 1 ], "texture": "#light_gray_concrete_powder" },
				"east": { "uv": [ 0, 0, 1, 1 ], "texture": "#light_gray_concrete_powder" }
			}
		},
		{
			"from": [ 4.45, 0.8, 8 ],
			"to": [ 5.45, 1.4, 9 ],
			"rotation": { "origin": [ 8, 8, 8 ], "axis": "z", "angle": 22.5 },
			"faces": {
				"down": { "uv": [ 0, 0, 1, 1 ], "texture": "#light_gray_concrete_powder" },
				"up": { "uv": [ 0, 0, 1, 1 ], "texture": "#light_gray_concrete_powder" },
				"north": { "uv": [ 0, 0, 1, 0.6000004 ], "texture": "#light_gray_concrete_powder" },
				"south": { "uv": [ 0, 0, 1, 0.6000004 ], "texture": "#light_gray_concrete_powder" },
				"west": { "uv": [ 0, 0, 1, 0.6000004 ], "texture": "#light_gray_concrete_powder" },
				"east": { "uv": [ 0, 0, 1, 0.6000004 ], "texture": "#light_gray_concrete_powder" }
			}
		},
		{
			"from": [ 10.55, 0.8, 8 ],
			"to": [ 11.55, 1.4, 9 ],
			"rotation": { "origin": [ 8, 8, 8 ], "axis": "z", "angle": -22.5 },
			"faces": {
				"down": { "uv": [ 0, 0, 1, 1 ], "texture": "#light_gray_concrete_powder" },
				"up": { "uv": [ 0, 0, 1, 1 ], "texture": "#light_gray_concrete_powder" },
				"north": { "uv": [ 0, 0, 1, 0.6000004 ], "texture": "#light_gray_concrete_powder" },
				"south": { "uv": [ 0, 0, 1, 0.6000004 ], "texture": "#light_gray_concrete_powder" },
				"west": { "uv": [ 0, 0, 1, 0.6000004 ], "texture": "#light_gray_concrete_powder" },
				"east": { "uv": [ 0, 0, 1, 0.6000004 ], "texture": "#light_gray_concrete_powder" }
			}
		},
		{
			"from": [ 5, 5.5, 8 ],
			"to": [ 9, 6.5, 9 ],
			"rotation": { "origin": [ 8, 8, 8 ], "axis": "z", "angle": -22.5 },
			"faces": {
				"down": { "uv": [ 0, 0, 4, 1 ], "texture": "#light_gray_concrete_powder" },
				"up": { "uv": [ 0, 0, 4, 1 ], "texture": "#light_gray_concrete_powder" },
				"north": { "uv": [ 0, 0, 4, 1 ], "texture": "#light_gray_concrete_powder" },
				"south": { "uv": [ 0, 0, 4, 1 ], "texture": "#light_gray_concrete_powder" },
				"west": { "uv": [ 0, 0, 1, 1 ], "texture": "#light_gray_concrete_powder" },
				"east": { "uv": [ 0, 0, 1, 1 ], "texture": "#light_gray_concrete_powder" }
			}
		},
		{
			"from": [ 7, 5.5, 8 ],
			"to": [ 11, 6.5, 9.01 ],
			"rotation": { "origin": [ 8, 8, 8 ], "axis": "z", "angle": 22.5 },
			"faces": {
				"down": { "uv": [ 0, 0, 4, 1.01 ], "texture": "#light_gray_concrete_powder" },
				"up": { "uv": [ 0, 0, 4, 1.01 ], "texture": "#light_gray_concrete_powder" },
				"north": { "uv": [ 0, 0, 4, 1 ], "texture": "#light_gray_concrete_powder" },
				"south": { "uv": [ 0, 0, 4, 1 ], "texture": "#light_gray_concrete_powder" },
				"west": { "uv": [ 0, 0, 1.01, 1 ], "texture": "#light_gray_concrete_powder" },
				"east": { "uv": [ 0, 0, 1.01, 1 ], "texture": "#light_gray_concrete_powder" }
			}
		},
		{
			"from": [ 11.1, 5.2, 8 ],
			"to": [ 11.6, 7.2, 9 ],
			"faces": {
				"down": { "uv": [ 0, 0, 0.5, 1 ], "texture": "#light_gray_concrete_powder" },
				"up": { "uv": [ 0, 0, 0.5, 1 ], "texture": "#light_gray_concrete_powder" },
				"north": { "uv": [ 0, 0, 0.5, 2 ], "texture": "#light_gray_concrete_powder" },
				"south": { "uv": [ 0, 0, 0.5, 2 ], "texture": "#light_gray_concrete_powder" },
				"west": { "uv": [ 0, 0, 1, 2 ], "texture": "#light_gray_concrete_powder" },
				"east": { "uv": [ 0, 0, 1, 2 ], "texture": "#light_gray_concrete_powder" }
			}
		},
		{
			"from": [ 4.4, 5.2, 8 ],
			"to": [ 4.9, 7.2, 9 ],
			"faces": {
				"down": { "uv": [ 0, 0, 0.5, 1 ], "texture": "#light_gray_concrete_powder" },
				"up": { "uv": [ 0, 0, 0.5, 1 ], "texture": "#light_gray_concrete_powder" },
				"north": { "uv": [ 0, 0, 0.5, 2 ], "texture": "#light_gray_concrete_powder" },
				"south": { "uv": [ 0, 0, 0.5, 2 ], "texture": "#light_gray_concrete_powder" },
				"west": { "uv": [ 0, 0, 1, 2 ], "texture": "#light_gray_concrete_powder" },
				"east": { "uv": [ 0, 0, 1, 2 ], "texture": "#light_gray_concrete_powder" }
			}
		},
		{
			"from": [ 7.5, 6.1, 6.75 ],
			"to": [ 8.5, 8.1, 7.75 ],
			"rotation": { "origin": [ 8, 8, 8 ], "axis": "x", "angle": -22.5 },
			"faces": {
				"down": { "uv": [ 0, 0, 1, 1 ], "texture": "#light_gray_concrete_powder" },
				"up": { "uv": [ 0, 0, 1, 1 ], "texture": "#light_gray_concrete_powder" },
				"north": { "uv": [ 0, 0, 1, 2 ], "texture": "#light_gray_concrete_powder" },
				"south": { "uv": [ 0, 0, 1, 2 ], "texture": "#light_gray_concrete_powder" },
				"west": { "uv": [ 0, 0, 1, 2 ], "texture": "#light_gray_concrete_powder" },
				"east": { "uv": [ 0, 0, 1, 2 ], "texture": "#light_gray_concrete_powder" }
			}
		},
		{
			"from": [ 8.5, 6.1, 6.75 ],
			"to": [ 9.5, 9.1, 7.75 ],
			"rotation": { "origin": [ 8, 8, 8 ], "axis": "x", "angle": -22.5 },
			"faces": {
				"down": { "uv": [ 0, 0, 1, 1 ], "texture": "#light_gray_concrete_powder" },
				"up": { "uv": [ 0, 0, 1, 1 ], "texture": "#light_gray_concrete_powder" },
				"north": { "uv": [ 0, 0, 1, 3 ], "texture": "#light_gray_concrete_powder" },
				"south": { "uv": [ 0, 0, 1, 3 ], "texture": "#light_gray_concrete_powder" },
				"west": { "uv": [ 0, 0, 1, 3 ], "texture": "#light_gray_concrete_powder" },
				"east": { "uv": [ 0, 0, 1, 3 ], "texture": "#light_gray_concrete_powder" }
			}
		},
		{
			"from": [ 6.5, 6.1, 6.75 ],
			"to": [ 7.5, 9.1, 7.75 ],
			"rotation": { "origin": [ 8, 8, 8 ], "axis": "x", "angle": -22.5 },
			"faces": {
				"down": { "uv": [ 0, 0, 1, 1 ], "texture": "#light_gray_concrete_powder" },
				"up": { "uv": [ 0, 0, 1, 1 ], "texture": "#light_gray_concrete_powder" },
				"north": { "uv": [ 0, 0, 1, 3 ], "texture": "#light_gray_concrete_powder" },
				"south": { "uv": [ 0, 0, 1, 3 ], "texture": "#light_gray_concrete_powder" },
				"west": { "uv": [ 0, 0, 1, 3 ], "texture": "#light_gray_concrete_powder" },
				"east": { "uv": [ 0, 0, 1, 3 ], "texture": "#light_gray_concrete_powder" }
			}
		},
		{
			"from": [ 6.5, 1, 7.75 ],
			"to": [ 7.5, 4, 8.76 ],
			"faces": {
				"down": { "uv": [ 0, 0, 1, 1.01 ], "texture": "#light_gray_concrete_powder" },
				"up": { "uv": [ 0, 0, 1, 1.01 ], "texture": "#light_gray_concrete_powder" },
				"north": { "uv": [ 0, 0, 1, 3 ], "texture": "#light_gray_concrete_powder" },
				"south": { "uv": [ 0, 0, 1, 3 ], "texture": "#light_gray_concrete_powder" },
				"west": { "uv": [ 0, 0, 1.01, 3 ], "texture": "#light_gray_concrete_powder" },
				"east": { "uv": [ 0, 0, 1.01, 3 ], "texture": "#light_gray_concrete_powder" }
			}
		},
		{
			"from": [ 8.5, 1, 7.75 ],
			"to": [ 9.5, 4, 8.76 ],
			"faces": {
				"down": { "uv": [ 0, 0, 1, 1.01 ], "texture": "#light_gray_concrete_powder" },
				"up": { "uv": [ 0, 0, 1, 1.01 ], "texture": "#light_gray_concrete_powder" },
				"north": { "uv": [ 0, 0, 1, 3 ], "texture": "#light_gray_concrete_powder" },
				"south": { "uv": [ 0, 0, 1, 3 ], "texture": "#light_gray_concrete_powder" },
				"west": { "uv": [ 0, 0, 1.01, 3 ], "texture": "#light_gray_concrete_powder" },
				"east": { "uv": [ 0, 0, 1.01, 3 ], "texture": "#light_gray_concrete_powder" }
			}
		},
		{
			"from": [ 9.5, 1.5, 7.5 ],
			"to": [ 10.5, 5, 8.5 ],
			"faces": {
				"down": { "uv": [ 0, 0, 1, 1 ], "texture": "#black_concrete" },
				"north": { "uv": [ 0, 0, 1, 3.5 ], "texture": "#black_concrete" },
				"south": { "uv": [ 0, 0, 1, 3.5 ], "texture": "#black_concrete" },
				"west": { "uv": [ 0, 0, 1, 3.5 ], "texture": "#black_concrete" },
				"east": { "uv": [ 0, 0, 1, 3.5 ], "texture": "#black_concrete" }
			}
		},
		{
			"from": [ 5.5, 1.5, 7.5 ],
			"to": [ 6.5, 5, 8.5 ],
			"faces": {
				"down": { "uv": [ 0, 0, 1, 1 ], "texture": "#black_concrete" },
				"north": { "uv": [ 0, 0, 1, 3.5 ], "texture": "#black_concrete" },
				"south": { "uv": [ 0, 0, 1, 3.5 ], "texture": "#black_concrete" },
				"west": { "uv": [ 0, 0, 1, 3.5 ], "texture": "#black_concrete" },
				"east": { "uv": [ 0, 0, 1, 3.5 ], "texture": "#black_concrete" }
			}
		},
		{
			"from": [ 4.5, 1.75, 7.25 ],
			"to": [ 5.5, 5.25, 8.25 ],
			"faces": {
				"down": { "uv": [ 0, 0, 1, 1 ], "texture": "#black_concrete" },
				"up": { "uv": [ 0, 0, 1, 1 ], "texture": "#black_concrete" },
				"north": { "uv": [ 0, 0, 1, 3.5 ], "texture": "#black_concrete" },
				"south": { "uv": [ 0, 0, 1, 3.5 ], "texture": "#black_concrete" },
				"west": { "uv": [ 0, 0, 1, 3.5 ], "texture": "#black_concrete" },
				"east": { "uv": [ 0, 0, 1, 3.5 ], "texture": "#black_concrete" }
			}
		},
		{
			"from": [ 10.5, 1.75, 7.25 ],
			"to": [ 11.5, 5.25, 8.25 ],
			"faces": {
				"down": { "uv": [ 0, 0, 1, 1 ], "texture": "#black_concrete" },
				"up": { "uv": [ 0, 0, 1, 1 ], "texture": "#black_concrete" },
				"north": { "uv": [ 0, 0, 1, 3.5 ], "texture": "#black_concrete" },
				"south": { "uv": [ 0, 0, 1, 3.5 ], "texture": "#black_concrete" },
				"west": { "uv": [ 0, 0, 1, 3.5 ], "texture": "#black_concrete" },
				"east": { "uv": [ 0, 0, 1, 3.5 ], "texture": "#black_concrete" }
			}
		},
		{
			"from": [ 6.75, 0.8, 7.75 ],
			"to": [ 10.25, 1.8, 8.75 ],
			"rotation": { "origin": [ 8, 8, 8 ], "axis": "z", "angle": -22.5 },
			"faces": {
				"down": { "uv": [ 0, 0, 3.5, 1 ], "texture": "#black_concrete" },
				"up": { "uv": [ 0, 0, 3.5, 1 ], "texture": "#black_concrete" },
				"north": { "uv": [ 0, 0, 3.5, 1 ], "texture": "#black_concrete" },
				"south": { "uv": [ 0, 0, 3.5, 1 ], "texture": "#black_concrete" },
				"west": { "uv": [ 0, 0, 1, 1 ], "texture": "#black_concrete" },
				"east": { "uv": [ 0, 0, 1, 1 ], "texture": "#black_concrete" }
			}
		},
		{
			"from": [ 5.75, 0.8, 7.75 ],
			"to": [ 9.25, 1.8, 8.75 ],
			"rotation": { "origin": [ 8, 8, 8 ], "axis": "z", "angle": 22.5 },
			"faces": {
				"down": { "uv": [ 0, 0, 3.5, 1 ], "texture": "#black_concrete" },
				"up": { "uv": [ 0, 0, 3.5, 1 ], "texture": "#black_concrete" },
				"north": { "uv": [ 0, 0, 3.5, 1 ], "texture": "#black_concrete" },
				"south": { "uv": [ 0, 0, 3.5, 1 ], "texture": "#black_concrete" },
				"west": { "uv": [ 0, 0, 1, 1 ], "texture": "#black_concrete" },
				"east": { "uv": [ 0, 0, 1, 1 ], "texture": "#black_concrete" }
			}
		},
		{
			"from": [ 11, 1.8, 7 ],
			"to": [ 12, 6.8, 8 ],
			"faces": {
				"down": { "uv": [ 0, 0, 1, 1 ], "texture": "#black_concrete" },
				"up": { "uv": [ 0, 0, 1, 1 ], "texture": "#black_concrete" },
				"north": { "uv": [ 0, 0, 1, 5 ], "texture": "#black_concrete" },
				"south": { "uv": [ 0, 0, 1, 5 ], "texture": "#black_concrete" },
				"west": { "uv": [ 0, 0, 1, 5 ], "texture": "#black_concrete" },
				"east": { "uv": [ 0, 0, 1, 5 ], "texture": "#black_concrete" }
			}
		},
		{
			"from": [ 4, 1.8, 7 ],
			"to": [ 5, 6.8, 8 ],
			"faces": {
				"down": { "uv": [ 0, 0, 1, 1 ], "texture": "#black_concrete" },
				"up": { "uv": [ 0, 0, 1, 1 ], "texture": "#black_concrete" },
				"north": { "uv": [ 0, 0, 1, 5 ], "texture": "#black_concrete" },
				"south": { "uv": [ 0, 0, 1, 5 ], "texture": "#black_concrete" },
				"west": { "uv": [ 0, 0, 1, 5 ], "texture": "#black_concrete" },
				"east": { "uv": [ 0, 0, 1, 5 ], "texture": "#black_concrete" }
			}
		},
		{
			"from": [ 5, 5, 7.5 ],
			"to": [ 8, 6, 8.5 ],
			"faces": {
				"down": { "uv": [ 0, 0, 3, 1 ], "texture": "#orange_wool" },
				"up": { "uv": [ 0, 0, 3, 1 ], "texture": "#orange_wool" },
				"north": { "uv": [ 0, 0, 3, 1 ], "texture": "#orange_wool" },
				"south": { "uv": [ 0, 0, 3, 1 ], "texture": "#orange_wool" },
				"west": { "uv": [ 0, 0, 1, 1 ], "texture": "#orange_wool" }
			}
		},
		{
			"from": [ 7, 4, 7.5 ],
			"to": [ 9, 5, 8.5 ],
			"faces": {
				"down": { "uv": [ 0, 0, 2, 1 ], "texture": "#orange_wool" },
				"up": { "uv": [ 0, 0, 2, 1 ], "texture": "#orange_wool" },
				"north": { "uv": [ 0, 0, 2, 1 ], "texture": "#orange_wool" },
				"south": { "uv": [ 0, 0, 2, 1 ], "texture": "#orange_wool" },
				"west": { "uv": [ 0, 0, 1, 1 ], "texture": "#orange_wool" },
				"east": { "uv": [ 0, 0, 1, 1 ], "texture": "#orange_wool" }
			}
		},
		{
			"from": [ 5.5, 6.6, 7.2 ],
			"to": [ 6.5, 10.1, 8.21 ],
			"rotation": { "origin": [ 8, 8, 8 ], "axis": "x", "angle": -22.5 },
			"faces": {
				"down": { "uv": [ 0, 0, 1, 1.01 ], "texture": "#light_gray_concrete_powder" },
				"up": { "uv": [ 0, 0, 1, 1.01 ], "texture": "#light_gray_concrete_powder" },
				"north": { "uv": [ 0, 0, 1, 3.5 ], "texture": "#light_gray_concrete_powder" },
				"south": { "uv": [ 0, 0, 1, 3.5 ], "texture": "#light_gray_concrete_powder" },
				"west": { "uv": [ 0, 0, 1.01, 3.5 ], "texture": "#light_gray_concrete_powder" },
				"east": { "uv": [ 0, 0, 1.01, 3.5 ], "texture": "#light_gray_concrete_powder" }
			}
		},
		{
			"from": [ 5, 7.1, 7.2 ],
			"to": [ 6, 11.1, 8.2 ],
			"rotation": { "origin": [ 8, 8, 8 ], "axis": "x", "angle": -22.5 },
			"faces": {
				"down": { "uv": [ 0, 0, 1, 1 ], "texture": "#light_gray_concrete_powder" },
				"up": { "uv": [ 0, 0, 1, 1 ], "texture": "#light_gray_concrete_powder" },
				"north": { "uv": [ 0, 0, 1, 4 ], "texture": "#light_gray_concrete_powder" },
				"south": { "uv": [ 0, 0, 1, 4 ], "texture": "#light_gray_concrete_powder" },
				"west": { "uv": [ 0, 0, 1, 4 ], "texture": "#light_gray_concrete_powder" },
				"east": { "uv": [ 0, 0, 1, 4 ], "texture": "#light_gray_concrete_powder" }
			}
		},
		{
			"from": [ 4.75, 7.1, 6.6 ],
			"to": [ 5.75, 13.1, 7.6 ],
			"rotation": { "origin": [ 8, 8, 8 ], "axis": "x", "angle": -22.5 },
			"faces": {
				"down": { "uv": [ 0, 0, 1, 1 ], "texture": "#light_gray_concrete_powder" },
				"up": { "uv": [ 0, 0, 1, 1 ], "texture": "#light_gray_concrete_powder" },
				"north": { "uv": [ 0, 0, 1, 6 ], "texture": "#light_gray_concrete_powder" },
				"south": { "uv": [ 0, 0, 1, 6 ], "texture": "#light_gray_concrete_powder" },
				"west": { "uv": [ 0, 0, 1, 6 ], "texture": "#light_gray_concrete_powder" },
				"east": { "uv": [ 0, 0, 1, 6 ], "texture": "#light_gray_concrete_powder" }
			}
		},
		{
			"from": [ 9.5, 6.6, 7.2 ],
			"to": [ 10.5, 10.1, 8.21 ],
			"rotation": { "origin": [ 8, 8, 8 ], "axis": "x", "angle": -22.5 },
			"faces": {
				"down": { "uv": [ 0, 0, 1, 1.01 ], "texture": "#light_gray_concrete_powder" },
				"up": { "uv": [ 0, 0, 1, 1.01 ], "texture": "#light_gray_concrete_powder" },
				"north": { "uv": [ 0, 0, 1, 3.5 ], "texture": "#light_gray_concrete_powder" },
				"south": { "uv": [ 0, 0, 1, 3.5 ], "texture": "#light_gray_concrete_powder" },
				"west": { "uv": [ 0, 0, 1.01, 3.5 ], "texture": "#light_gray_concrete_powder" },
				"east": { "uv": [ 0, 0, 1.01, 3.5 ], "texture": "#light_gray_concrete_powder" }
			}
		},
		{
			"from": [ 10.25, 7.1, 6.6 ],
			"to": [ 11.25, 13.1, 7.6 ],
			"rotation": { "origin": [ 8, 8, 8 ], "axis": "x", "angle": -22.5 },
			"faces": {
				"down": { "uv": [ 0, 0, 1, 1 ], "texture": "#light_gray_concrete_powder" },
				"up": { "uv": [ 0, 0, 1, 1 ], "texture": "#light_gray_concrete_powder" },
				"north": { "uv": [ 0, 0, 1, 6 ], "texture": "#light_gray_concrete_powder" },
				"south": { "uv": [ 0, 0, 1, 6 ], "texture": "#light_gray_concrete_powder" },
				"west": { "uv": [ 0, 0, 1, 6 ], "texture": "#light_gray_concrete_powder" },
				"east": { "uv": [ 0, 0, 1, 6 ], "texture": "#light_gray_concrete_powder" }
			}
		},
		{
			"from": [ 10, 7.1, 7.2 ],
			"to": [ 11, 11.1, 8.2 ],
			"rotation": { "origin": [ 8, 8, 8 ], "axis": "x", "angle": -22.5 },
			"faces": {
				"down": { "uv": [ 0, 0, 1, 1 ], "texture": "#light_gray_concrete_powder" },
				"up": { "uv": [ 0, 0, 1, 1 ], "texture": "#light_gray_concrete_powder" },
				"north": { "uv": [ 0, 0, 1, 4 ], "texture": "#light_gray_concrete_powder" },
				"south": { "uv": [ 0, 0, 1, 4 ], "texture": "#light_gray_concrete_powder" },
				"west": { "uv": [ 0, 0, 1, 4 ], "texture": "#light_gray_concrete_powder" },
				"east": { "uv": [ 0, 0, 1, 4 ], "texture": "#light_gray_concrete_powder" }
			}
		},
		{
			"from": [ 4.25, 7.1, 6.6 ],
			"to": [ 4.75, 10.1, 7.6 ],
			"rotation": { "origin": [ 8, 8, 8 ], "axis": "x", "angle": -22.5 },
			"faces": {
				"down": { "uv": [ 0, 0, 0.5, 1 ], "texture": "#light_gray_concrete_powder" },
				"up": { "uv": [ 0, 0, 0.5, 1 ], "texture": "#light_gray_concrete_powder" },
				"north": { "uv": [ 0, 0, 0.5, 3 ], "texture": "#light_gray_concrete_powder" },
				"south": { "uv": [ 0, 0, 0.5, 3 ], "texture": "#light_gray_concrete_powder" },
				"west": { "uv": [ 0, 0, 1, 3 ], "texture": "#light_gray_concrete_powder" },
				"east": { "uv": [ 0, 0, 1, 3 ], "texture": "#light_gray_concrete_powder" }
			}
		},
		{
			"from": [ 11.25, 7.1, 6.6 ],
			"to": [ 11.75, 10.1, 7.6 ],
			"rotation": { "origin": [ 8, 8, 8 ], "axis": "x", "angle": -22.5 },
			"faces": {
				"down": { "uv": [ 0, 0, 0.5, 1 ], "texture": "#light_gray_concrete_powder" },
				"up": { "uv": [ 0, 0, 0.5, 1 ], "texture": "#light_gray_concrete_powder" },
				"north": { "uv": [ 0, 0, 0.5, 3 ], "texture": "#light_gray_concrete_powder" },
				"south": { "uv": [ 0, 0, 0.5, 3 ], "texture": "#light_gray_concrete_powder" },
				"west": { "uv": [ 0, 0, 1, 3 ], "texture": "#light_gray_concrete_powder" },
				"east": { "uv": [ 0, 0, 1, 3 ], "texture": "#light_gray_concrete_powder" }
			}
		},
		{
			"from": [ 4.5, 6, 7.5 ],
			"to": [ 6.5, 7, 8.5 ],
			"faces": {
				"down": { "uv": [ 0, 0, 2, 1 ], "texture": "#orange_wool" },
				"up": { "uv": [ 0, 0, 2, 1 ], "texture": "#orange_wool" },
				"north": { "uv": [ 0, 0, 2, 1 ], "texture": "#orange_wool" },
				"south": { "uv": [ 0, 0, 2, 1 ], "texture": "#orange_wool" },
				"west": { "uv": [ 0, 0, 1, 1 ], "texture": "#orange_wool" },
				"east": { "uv": [ 0, 0, 1, 1 ], "texture": "#orange_wool" }
			}
		},
		{
			"from": [ 9.5, 6, 7.5 ],
			"to": [ 11.5, 7, 8.5 ],
			"faces": {
				"down": { "uv": [ 0, 0, 2, 1 ], "texture": "#orange_wool" },
				"up": { "uv": [ 0, 0, 2, 1 ], "texture": "#orange_wool" },
				"north": { "uv": [ 0, 0, 2, 1 ], "texture": "#orange_wool" },
				"south": { "uv": [ 0, 0, 2, 1 ], "texture": "#orange_wool" },
				"west": { "uv": [ 0, 0, 1, 1 ], "texture": "#orange_wool" },
				"east": { "uv": [ 0, 0, 1, 1 ], "texture": "#orange_wool" }
			}
		},
		{
			"from": [ 8, 5, 7.5 ],
			"to": [ 11, 6, 8.5 ],
			"faces": {
				"down": { "uv": [ 0, 0, 3, 1 ], "texture": "#orange_wool" },
				"up": { "uv": [ 0, 0, 3, 1 ], "texture": "#orange_wool" },
				"north": { "uv": [ 0, 0, 3, 1 ], "texture": "#orange_wool" },
				"south": { "uv": [ 0, 0, 3, 1 ], "texture": "#orange_wool" },
				"east": { "uv": [ 0, 0, 1, 1 ], "texture": "#orange_wool" }
			}
		},
		{
			"from": [ 7.5, 8.099999, 7.25 ],
			"to": [ 8.5, 10.1, 8.25 ],
			"rotation": { "origin": [ 8, 8, 8 ], "axis": "x", "angle": -22.5 },
			"faces": {
				"down": { "uv": [ 0, 0, 1, 1 ], "texture": "#black_concrete" },
				"up": { "uv": [ 0, 0, 1, 1 ], "texture": "#black_concrete" },
				"north": { "uv": [ 0, 0, 1, 2 ], "texture": "#black_concrete" },
				"south": { "uv": [ 0, 0, 1, 2 ], "texture": "#black_concrete" },
				"west": { "uv": [ 0, 0, 1, 2 ], "texture": "#black_concrete" },
				"east": { "uv": [ 0, 0, 1, 2 ], "texture": "#black_concrete" }
			}
		},
		{
			"from": [ 8.5, 9.099999, 7.25 ],
			"to": [ 9.5, 11.1, 8.25 ],
			"rotation": { "origin": [ 8, 8, 8 ], "axis": "x", "angle": -22.5 },
			"faces": {
				"down": { "uv": [ 0, 0, 1, 1 ], "texture": "#black_concrete" },
				"up": { "uv": [ 0, 0, 1, 1 ], "texture": "#black_concrete" },
				"north": { "uv": [ 0, 0, 1, 2 ], "texture": "#black_concrete" },
				"south": { "uv": [ 0, 0, 1, 2 ], "texture": "#black_concrete" },
				"west": { "uv": [ 0, 0, 1, 2 ], "texture": "#black_concrete" },
				"east": { "uv": [ 0, 0, 1, 2 ], "texture": "#black_concrete" }
			}
		},
		{
			"from": [ 6.5, 9.099999, 7.25 ],
			"to": [ 7.5, 11.1, 8.25 ],
			"rotation": { "origin": [ 8, 8, 8 ], "axis": "x", "angle": -22.5 },
			"faces": {
				"down": { "uv": [ 0, 0, 1, 1 ], "texture": "#black_concrete" },
				"up": { "uv": [ 0, 0, 1, 1 ], "texture": "#black_concrete" },
				"north": { "uv": [ 0, 0, 1, 2 ], "texture": "#black_concrete" },
				"south": { "uv": [ 0, 0, 1, 2 ], "texture": "#black_concrete" },
				"west": { "uv": [ 0, 0, 1, 2 ], "texture": "#black_concrete" },
				"east": { "uv": [ 0, 0, 1, 2 ], "texture": "#black_concrete" }
			}
		},
		{
			"from": [ 7.5, 9.75, 8 ],
			"to": [ 8.5, 11.75, 9 ],
			"rotation": { "origin": [ 8, 8, 8 ], "axis": "x", "angle": -45 },
			"faces": {
				"down": { "uv": [ 0, 0, 1, 1 ], "texture": "#black_concrete" },
				"up": { "uv": [ 0, 0, 1, 1 ], "texture": "#black_concrete" },
				"north": { "uv": [ 0, 0, 1, 2 ], "texture": "#black_concrete" },
				"south": { "uv": [ 0, 0, 1, 2 ], "texture": "#black_concrete" },
				"west": { "uv": [ 0, 0, 1, 2 ], "texture": "#black_concrete" },
				"east": { "uv": [ 0, 0, 1, 2 ], "texture": "#black_concrete" }
			}
		},
		{
			"from": [ 9, 9.75, 8 ],
			"to": [ 10, 11.75, 9 ],
			"rotation": { "origin": [ 8, 8, 8 ], "axis": "x", "angle": -45 },
			"faces": {
				"down": { "uv": [ 0, 0, 1, 1 ], "texture": "#black_concrete" },
				"up": { "uv": [ 0, 0, 1, 1 ], "texture": "#black_concrete" },
				"north": { "uv": [ 0, 0, 1, 2 ], "texture": "#black_concrete" },
				"south": { "uv": [ 0, 0, 1, 2 ], "texture": "#black_concrete" },
				"west": { "uv": [ 0, 0, 1, 2 ], "texture": "#black_concrete" },
				"east": { "uv": [ 0, 0, 1, 2 ], "texture": "#black_concrete" }
			}
		},
		{
			"from": [ 6, 9.75, 8 ],
			"to": [ 7, 11.75, 9 ],
			"rotation": { "origin": [ 8, 8, 8 ], "axis": "x", "angle": -45 },
			"faces": {
				"down": { "uv": [ 0, 0, 1, 1 ], "texture": "#black_concrete" },
				"up": { "uv": [ 0, 0, 1, 1 ], "texture": "#black_concrete" },
				"north": { "uv": [ 0, 0, 1, 2 ], "texture": "#black_concrete" },
				"south": { "uv": [ 0, 0, 1, 2 ], "texture": "#black_concrete" },
				"west": { "uv": [ 0, 0, 1, 2 ], "texture": "#black_concrete" },
				"east": { "uv": [ 0, 0, 1, 2 ], "texture": "#black_concrete" }
			}
		},
		{
			"from": [ 7, 10.75, 8 ],
			"to": [ 8, 12.75, 9 ],
			"rotation": { "origin": [ 8, 8, 8 ], "axis": "x", "angle": -45 },
			"faces": {
				"down": { "uv": [ 0, 0, 1, 1 ], "texture": "#black_concrete" },
				"up": { "uv": [ 0, 0, 1, 1 ], "texture": "#black_concrete" },
				"north": { "uv": [ 0, 0, 1, 2 ], "texture": "#black_concrete" },
				"south": { "uv": [ 0, 0, 1, 2 ], "texture": "#black_concrete" },
				"west": { "uv": [ 0, 0, 1, 2 ], "texture": "#black_concrete" },
				"east": { "uv": [ 0, 0, 1, 2 ], "texture": "#black_concrete" }
			}
		},
		{
			"from": [ 8, 10.75, 8 ],
			"to": [ 9, 12.75, 9 ],
			"rotation": { "origin": [ 8, 8, 8 ], "axis": "x", "angle": -45 },
			"faces": {
				"down": { "uv": [ 0, 0, 1, 1 ], "texture": "#black_concrete" },
				"up": { "uv": [ 0, 0, 1, 1 ], "texture": "#black_concrete" },
				"north": { "uv": [ 0, 0, 1, 2 ], "texture": "#black_concrete" },
				"south": { "uv": [ 0, 0, 1, 2 ], "texture": "#black_concrete" },
				"west": { "uv": [ 0, 0, 1, 2 ], "texture": "#black_concrete" },
				"east": { "uv": [ 0, 0, 1, 2 ], "texture": "#black_concrete" }
			}
		},
		{
			"from": [ 9, 9.349999, 3 ],
			"to": [ 10, 10.35, 5 ],
			"rotation": { "origin": [ 7, 8, 8 ], "axis": "x", "angle": 22.5 },
			"faces": {
				"down": { "uv": [ 0, 0, 1, 2 ], "texture": "#black_concrete" },
				"up": { "uv": [ 0, 0, 1, 2 ], "texture": "#black_concrete" },
				"north": { "uv": [ 0, 0, 1, 1 ], "texture": "#black_concrete" },
				"south": { "uv": [ 0, 0, 1, 1 ], "texture": "#black_concrete" },
				"west": { "uv": [ 0, 0, 2, 1 ], "texture": "#black_concrete" },
				"east": { "uv": [ 0, 0, 2, 1 ], "texture": "#black_concrete" }
			}
		},
		{
			"from": [ 6, 9.349999, 3 ],
			"to": [ 7, 10.35, 5 ],
			"rotation": { "origin": [ 7, 8, 8 ], "axis": "x", "angle": 22.5 },
			"faces": {
				"down": { "uv": [ 0, 0, 1, 2 ], "texture": "#black_concrete" },
				"up": { "uv": [ 0, 0, 1, 2 ], "texture": "#black_concrete" },
				"north": { "uv": [ 0, 0, 1, 1 ], "texture": "#black_concrete" },
				"south": { "uv": [ 0, 0, 1, 1 ], "texture": "#black_concrete" },
				"west": { "uv": [ 0, 0, 2, 1 ], "texture": "#black_concrete" },
				"east": { "uv": [ 0, 0, 2, 1 ], "texture": "#black_concrete" }
			}
		},
		{
			"from": [ 5.81, 9.349999, 3 ],
			"to": [ 6.01, 10.35, 6 ],
			"rotation": { "origin": [ 7, 8, 8 ], "axis": "x", "angle": 22.5 },
			"faces": {
				"down": { "uv": [ 0, 0, 0.2, 3 ], "texture": "#black_concrete" },
				"up": { "uv": [ 0, 0, 0.2, 3 ], "texture": "#black_concrete" },
				"north": { "uv": [ 0, 0, 0.2, 1 ], "texture": "#black_concrete" },
				"south": { "uv": [ 0, 0, 0.2, 1 ], "texture": "#black_concrete" },
				"west": { "uv": [ 0, 0, 3, 1 ], "texture": "#black_concrete" },
				"east": { "uv": [ 0, 0, 3, 1 ], "texture": "#black_concrete" }
			}
		},
		{
			"from": [ 10.01, 9.349999, 3 ],
			"to": [ 10.21, 10.35, 6 ],
			"rotation": { "origin": [ 7, 8, 8 ], "axis": "x", "angle": 22.5 },
			"faces": {
				"down": { "uv": [ 0, 0, 0.2, 3 ], "texture": "#black_concrete" },
				"up": { "uv": [ 0, 0, 0.2, 3 ], "texture": "#black_concrete" },
				"north": { "uv": [ 0, 0, 0.2, 1 ], "texture": "#black_concrete" },
				"south": { "uv": [ 0, 0, 0.2, 1 ], "texture": "#black_concrete" },
				"west": { "uv": [ 0, 0, 3, 1 ], "texture": "#black_concrete" },
				"east": { "uv": [ 0, 0, 3, 1 ], "texture": "#black_concrete" }
			}
		},
		{
			"from": [ 6, 11.2, 2.3 ],
			"to": [ 7, 12.2, 4.3 ],
			"faces": {
				"down": { "uv": [ 0, 0, 1, 2 ], "texture": "#black_concrete" },
				"up": { "uv": [ 0, 0, 1, 2 ], "texture": "#black_concrete" },
				"north": { "uv": [ 0, 0, 1, 1 ], "texture": "#black_concrete" },
				"south": { "uv": [ 0, 0, 1, 1 ], "texture": "#black_concrete" },
				"west": { "uv": [ 0, 0, 2, 1 ], "texture": "#black_concrete" },
				"east": { "uv": [ 0, 0, 2, 1 ], "texture": "#black_concrete" }
			}
		},
		{
			"from": [ 9, 11.2, 2.3 ],
			"to": [ 10, 12.2, 4.3 ],
			"faces": {
				"down": { "uv": [ 0, 0, 1, 2 ], "texture": "#black_concrete" },
				"up": { "uv": [ 0, 0, 1, 2 ], "texture": "#black_concrete" },
				"north": { "uv": [ 0, 0, 1, 1 ], "texture": "#black_concrete" },
				"south": { "uv": [ 0, 0, 1, 1 ], "texture": "#black_concrete" },
				"west": { "uv": [ 0, 0, 2, 1 ], "texture": "#black_concrete" },
				"east": { "uv": [ 0, 0, 2, 1 ], "texture": "#black_concrete" }
			}
		},
		{
			"from": [ 7, 11.1, 1.3 ],
			"to": [ 9, 12.1, 5.3 ],
			"faces": {
				"down": { "uv": [ 0, 0, 2, 4 ], "texture": "#black_concrete" },
				"up": { "uv": [ 0, 0, 2, 4 ], "texture": "#black_concrete" },
				"north": { "uv": [ 0, 0, 2, 1 ], "texture": "#black_concrete" },
				"south": { "uv": [ 0, 0, 2, 1 ], "texture": "#black_concrete" },
				"west": { "uv": [ 0, 0, 4, 1 ], "texture": "#black_concrete" },
				"east": { "uv": [ 0, 0, 4, 1 ], "texture": "#black_concrete" }
			}
		},
		{
			"from": [ 7, 13.35, 0.85 ],
			"to": [ 9, 14.35, 3.35 ],
			"rotation": { "origin": [ 7, 8, 8 ], "axis": "x", "angle": -22.5 },
			"faces": {
				"down": { "uv": [ 0, 0, 2, 2.5 ], "texture": "#black_concrete" },
				"up": { "uv": [ 0, 0, 2, 2.5 ], "texture": "#black_concrete" },
				"north": { "uv": [ 0, 0, 2, 1 ], "texture": "#black_concrete" },
				"south": { "uv": [ 0, 0, 2, 1 ], "texture": "#black_concrete" },
				"west": { "uv": [ 0, 0, 2.5, 1 ], "texture": "#black_concrete" },
				"east": { "uv": [ 0, 0, 2.5, 1 ], "texture": "#black_concrete" }
			}
		},
		{
			"from": [ 9, 13, 0.85 ],
			"to": [ 10, 14, 4.35 ],
			"rotation": { "origin": [ 7, 8, 8 ], "axis": "x", "angle": -22.5 },
			"faces": {
				"down": { "uv": [ 0, 0, 1, 3.5 ], "texture": "#black_concrete" },
				"up": { "uv": [ 0, 0, 1, 3.5 ], "texture": "#black_concrete" },
				"north": { "uv": [ 0, 0, 1, 1 ], "texture": "#black_concrete" },
				"south": { "uv": [ 0, 0, 1, 1 ], "texture": "#black_concrete" },
				"west": { "uv": [ 0, 0, 3.5, 1 ], "texture": "#black_concrete" },
				"east": { "uv": [ 0, 0, 3.5, 1 ], "texture": "#black_concrete" }
			}
		},
		{
			"from": [ 6, 13, 0.85 ],
			"to": [ 7, 14, 4.35 ],
			"rotation": { "origin": [ 7, 8, 8 ], "axis": "x", "angle": -22.5 },
			"faces": {
				"down": { "uv": [ 0, 0, 1, 3.5 ], "texture": "#black_concrete" },
				"up": { "uv": [ 0, 0, 1, 3.5 ], "texture": "#black_concrete" },
				"north": { "uv": [ 0, 0, 1, 1 ], "texture": "#black_concrete" },
				"south": { "uv": [ 0, 0, 1, 1 ], "texture": "#black_concrete" },
				"west": { "uv": [ 0, 0, 3.5, 1 ], "texture": "#black_concrete" },
				"east": { "uv": [ 0, 0, 3.5, 1 ], "texture": "#black_concrete" }
			}
		},
		{
			"from": [ 10, 10.5, 2.3 ],
			"to": [ 11, 11.5, 5.3 ],
			"faces": {
				"down": { "uv": [ 0, 0, 1, 3 ], "texture": "#black_concrete" },
				"up": { "uv": [ 0, 0, 1, 3 ], "texture": "#black_concrete" },
				"north": { "uv": [ 0, 0, 1, 1 ], "texture": "#black_concrete" },
				"south": { "uv": [ 0, 0, 1, 1 ], "texture": "#black_concrete" },
				"west": { "uv": [ 0, 0, 3, 1 ], "texture": "#black_concrete" },
				"east": { "uv": [ 0, 0, 3, 1 ], "texture": "#black_concrete" }
			}
		},
		{
			"from": [ 5, 10.5, 2.3 ],
			"to": [ 6, 11.5, 5.3 ],
			"faces": {
				"down": { "uv": [ 0, 0, 1, 3 ], "texture": "#black_concrete" },
				"up": { "uv": [ 0, 0, 1, 3 ], "texture": "#black_concrete" },
				"north": { "uv": [ 0, 0, 1, 1 ], "texture": "#black_concrete" },
				"south": { "uv": [ 0, 0, 1, 1 ], "texture": "#black_concrete" },
				"west": { "uv": [ 0, 0, 3, 1 ], "texture": "#black_concrete" },
				"east": { "uv": [ 0, 0, 3, 1 ], "texture": "#black_concrete" }
			}
		},
		{
			"from": [ 5, 12.5, 1.3 ],
			"to": [ 6, 13.5, 4.3 ],
			"rotation": { "origin": [ 7, 8, 8 ], "axis": "x", "angle": -22.5 },
			"faces": {
				"down": { "uv": [ 0, 0, 1, 3 ], "texture": "#black_concrete" },
				"up": { "uv": [ 0, 0, 1, 3 ], "texture": "#black_concrete" },
				"north": { "uv": [ 0, 0, 1, 1 ], "texture": "#black_concrete" },
				"south": { "uv": [ 0, 0, 1, 1 ], "texture": "#black_concrete" },
				"west": { "uv": [ 0, 0, 3, 1 ], "texture": "#black_concrete" },
				"east": { "uv": [ 0, 0, 3, 1 ], "texture": "#black_concrete" }
			}
		},
		{
			"from": [ 10, 12.5, 1.3 ],
			"to": [ 11, 13.5, 4.3 ],
			"rotation": { "origin": [ 7, 8, 8 ], "axis": "x", "angle": -22.5 },
			"faces": {
				"down": { "uv": [ 0, 0, 1, 3 ], "texture": "#black_concrete" },
				"up": { "uv": [ 0, 0, 1, 3 ], "texture": "#black_concrete" },
				"north": { "uv": [ 0, 0, 1, 1 ], "texture": "#black_concrete" },
				"south": { "uv": [ 0, 0, 1, 1 ], "texture": "#black_concrete" },
				"west": { "uv": [ 0, 0, 3, 1 ], "texture": "#black_concrete" },
				"east": { "uv": [ 0, 0, 3, 1 ], "texture": "#black_concrete" }
			}
		},
		{
			"from": [ 11, 11.5, 1.3 ],
			"to": [ 12, 12.5, 4.3 ],
			"rotation": { "origin": [ 7, 8, 8 ], "axis": "x", "angle": -22.5 },
			"faces": {
				"down": { "uv": [ 0, 0, 1, 3 ], "texture": "#black_concrete" },
				"up": { "uv": [ 0, 0, 1, 3 ], "texture": "#black_concrete" },
				"north": { "uv": [ 0, 0, 1, 1 ], "texture": "#black_concrete" },
				"south": { "uv": [ 0, 0, 1, 1 ], "texture": "#black_concrete" },
				"west": { "uv": [ 0, 0, 3, 1 ], "texture": "#black_concrete" },
				"east": { "uv": [ 0, 0, 3, 1 ], "texture": "#black_concrete" }
			}
		},
		{
			"from": [ 4, 11.5, 1.3 ],
			"to": [ 5, 12.5, 4.3 ],
			"rotation": { "origin": [ 7, 8, 8 ], "axis": "x", "angle": -22.5 },
			"faces": {
				"down": { "uv": [ 0, 0, 1, 3 ], "texture": "#black_concrete" },
				"up": { "uv": [ 0, 0, 1, 3 ], "texture": "#black_concrete" },
				"north": { "uv": [ 0, 0, 1, 1 ], "texture": "#black_concrete" },
				"south": { "uv": [ 0, 0, 1, 1 ], "texture": "#black_concrete" },
				"west": { "uv": [ 0, 0, 3, 1 ], "texture": "#black_concrete" },
				"east": { "uv": [ 0, 0, 3, 1 ], "texture": "#black_concrete" }
			}
		},
		{
			"from": [ 4, 9.5, 3 ],
			"to": [ 5, 10.5, 5 ],
			"faces": {
				"down": { "uv": [ 0, 0, 1, 2 ], "texture": "#black_concrete" },
				"up": { "uv": [ 0, 0, 1, 2 ], "texture": "#black_concrete" },
				"north": { "uv": [ 0, 0, 1, 1 ], "texture": "#black_concrete" },
				"south": { "uv": [ 0, 0, 1, 1 ], "texture": "#black_concrete" },
				"west": { "uv": [ 0, 0, 2, 1 ], "texture": "#black_concrete" },
				"east": { "uv": [ 0, 0, 2, 1 ], "texture": "#black_concrete" }
			}
		},
		{
			"from": [ 11, 9.5, 3 ],
			"to": [ 12, 10.5, 5 ],
			"faces": {
				"down": { "uv": [ 0, 0, 1, 2 ], "texture": "#black_concrete" },
				"up": { "uv": [ 0, 0, 1, 2 ], "texture": "#black_concrete" },
				"north": { "uv": [ 0, 0, 1, 1 ], "texture": "#black_concrete" },
				"south": { "uv": [ 0, 0, 1, 1 ], "texture": "#black_concrete" },
				"west": { "uv": [ 0, 0, 2, 1 ], "texture": "#black_concrete" },
				"east": { "uv": [ 0, 0, 2, 1 ], "texture": "#black_concrete" }
			}
		},
		{
			"from": [ 11, 10, 7 ],
			"to": [ 12, 12, 8 ],
			"rotation": { "origin": [ 7, 8, 8 ], "axis": "x", "angle": -45 },
			"faces": {
				"down": { "uv": [ 0, 0, 1, 1 ], "texture": "#black_concrete" },
				"up": { "uv": [ 0, 0, 1, 1 ], "texture": "#black_concrete" },
				"north": { "uv": [ 0, 0, 1, 2 ], "texture": "#black_concrete" },
				"south": { "uv": [ 0, 0, 1, 2 ], "texture": "#black_concrete" },
				"west": { "uv": [ 0, 0, 1, 2 ], "texture": "#black_concrete" },
				"east": { "uv": [ 0, 0, 1, 2 ], "texture": "#black_concrete" }
			}
		},
		{
			"from": [ 4, 10, 7 ],
			"to": [ 5, 12, 8 ],
			"rotation": { "origin": [ 7, 8, 8 ], "axis": "x", "angle": -45 },
			"faces": {
				"down": { "uv": [ 0, 0, 1, 1 ], "texture": "#black_concrete" },
				"up": { "uv": [ 0, 0, 1, 1 ], "texture": "#black_concrete" },
				"north": { "uv": [ 0, 0, 1, 2 ], "texture": "#black_concrete" },
				"south": { "uv": [ 0, 0, 1, 2 ], "texture": "#black_concrete" },
				"west": { "uv": [ 0, 0, 1, 2 ], "texture": "#black_concrete" },
				"east": { "uv": [ 0, 0, 1, 2 ], "texture": "#black_concrete" }
			}
		},
		{
			"from": [ 3, 7, 4.7 ],
			"to": [ 4, 12, 6.7 ],
			"rotation": { "origin": [ 7, 8, 8 ], "axis": "x", "angle": -45 },
			"faces": {
				"down": { "uv": [ 0, 0, 1, 2 ], "texture": "#black_concrete" },
				"up": { "uv": [ 0, 0, 1, 2 ], "texture": "#black_concrete" },
				"north": { "uv": [ 0, 0, 1, 5 ], "texture": "#black_concrete" },
				"south": { "uv": [ 0, 0, 1, 5 ], "texture": "#black_concrete" },
				"west": { "uv": [ 0, 0, 2, 5 ], "texture": "#black_concrete" },
				"east": { "uv": [ 0, 0, 2, 5 ], "texture": "#black_concrete" }
			}
		},
		{
			"from": [ 12, 7, 4.7 ],
			"to": [ 13, 12, 6.7 ],
			"rotation": { "origin": [ 7, 8, 8 ], "axis": "x", "angle": -45 },
			"faces": {
				"down": { "uv": [ 0, 0, 1, 2 ], "texture": "#black_concrete" },
				"up": { "uv": [ 0, 0, 1, 2 ], "texture": "#black_concrete" },
				"north": { "uv": [ 0, 0, 1, 5 ], "texture": "#black_concrete" },
				"south": { "uv": [ 0, 0, 1, 5 ], "texture": "#black_concrete" },
				"west": { "uv": [ 0, 0, 2, 5 ], "texture": "#black_concrete" },
				"east": { "uv": [ 0, 0, 2, 5 ], "texture": "#black_concrete" }
			}
		},
		{
			"from": [ 11, 9, 5.5 ],
			"to": [ 12, 11, 7.5 ],
			"rotation": { "origin": [ 7, 8, 8 ], "axis": "x", "angle": -45 },
			"faces": {
				"down": { "uv": [ 0, 0, 1, 2 ], "texture": "#black_concrete" },
				"up": { "uv": [ 0, 0, 1, 2 ], "texture": "#black_concrete" },
				"north": { "uv": [ 0, 0, 1, 2 ], "texture": "#black_concrete" },
				"south": { "uv": [ 0, 0, 1, 2 ], "texture": "#black_concrete" },
				"west": { "uv": [ 0, 0, 2, 2 ], "texture": "#black_concrete" },
				"east": { "uv": [ 0, 0, 2, 2 ], "texture": "#black_concrete" }
			}
		},
		{
			"from": [ 4, 9, 5.5 ],
			"to": [ 5, 11, 7.5 ],
			"rotation": { "origin": [ 7, 8, 8 ], "axis": "x", "angle": -45 },
			"faces": {
				"down": { "uv": [ 0, 0, 1, 2 ], "texture": "#black_concrete" },
				"up": { "uv": [ 0, 0, 1, 2 ], "texture": "#black_concrete" },
				"north": { "uv": [ 0, 0, 1, 2 ], "texture": "#black_concrete" },
				"south": { "uv": [ 0, 0, 1, 2 ], "texture": "#black_concrete" },
				"west": { "uv": [ 0, 0, 2, 2 ], "texture": "#black_concrete" },
				"east": { "uv": [ 0, 0, 2, 2 ], "texture": "#black_concrete" }
			}
		},
		{
			"from": [ 4, 6, 5.5 ],
			"to": [ 5, 8, 7.5 ],
			"faces": {
				"down": { "uv": [ 0, 0, 1, 2 ], "texture": "#black_concrete" },
				"up": { "uv": [ 0, 0, 1, 2 ], "texture": "#black_concrete" },
				"north": { "uv": [ 0, 0, 1, 2 ], "texture": "#black_concrete" },
				"south": { "uv": [ 0, 0, 1, 2 ], "texture": "#black_concrete" },
				"west": { "uv": [ 0, 0, 2, 2 ], "texture": "#black_concrete" },
				"east": { "uv": [ 0, 0, 2, 2 ], "texture": "#black_concrete" }
			}
		},
		{
			"from": [ 11, 6, 5.5 ],
			"to": [ 12, 8, 7.5 ],
			"faces": {
				"down": { "uv": [ 0, 0, 1, 2 ], "texture": "#black_concrete" },
				"up": { "uv": [ 0, 0, 1, 2 ], "texture": "#black_concrete" },
				"north": { "uv": [ 0, 0, 1, 2 ], "texture": "#black_concrete" },
				"south": { "uv": [ 0, 0, 1, 2 ], "texture": "#black_concrete" },
				"west": { "uv": [ 0, 0, 2, 2 ], "texture": "#black_concrete" },
				"east": { "uv": [ 0, 0, 2, 2 ], "texture": "#black_concrete" }
			}
		}
	],
	"display": {
		"thirdperson_righthand": {
			"rotation":  [ 99, 180, 0 ],
			"translation":  [ 0.6973, 0.4135, 2.0869 ],
			"scale":  [ 0.375, 0.375, 0.375 ]
		},
		"thirdperson_lefthand": {
			"rotation":  [ 99, 180, 0 ],
			"translation":  [ 0.6973, 0.4135, 2.0869 ],
			"scale":  [ 0.375, 0.375, 0.375 ]
		},
		"firstperson_righthand": {
			"rotation":  [ 0, 315, 0 ],
			"translation":  [ 0, 5, 0 ]
		},
		"firstperson_lefthand": {
			"rotation":  [ 0, 315, 0 ],
			"translation":  [ 0, 5, 0 ]
		},
		"gui": {
			"rotation":  [ 30, 45, 0 ],
			"translation":  [ 2.7826, 1.3913, 0 ]
		},
		"head": {
			"rotation":  [ 0, 180, 0 ],
			"translation":  [ 0, 6.2608, -8.5 ],
			"scale":  [ 2, 2, 1.75 ]
		},
		"ground": {
			"translation":  [ 0, 3, 0 ]
		},
		"fixed": {
			"rotation":  [ 0, 180, 0 ],
			"translation":  [ 0, 2, -3 ],
			"scale":  [ 2, 2, 1 ]
		}
	}
}