{
    "__comment": "Model generated using MrCrayfish's Model Creator (https://mrcrayfish.com/tools?id=mc)",
    "textures": {
        "red_concrete": "minecraft:block/red_concrete",
        "gray_concrete": "minecraft:block/gray_concrete",
        "black_concrete": "minecraft:block/black_concrete",
        "light_gray_concrete": "minecraft:block/light_gray_concrete"
    },
    "display": {
        "gui": {
            "rotation": [ 30, 45, 0 ],
            "translation": [ 0, 0, 0 ],
            "scale": [ 0.625, 0.625, 0.625 ]
        },
        "ground": {
            "rotation": [ 0, 0, 0 ],
            "translation": [ 0, 3, 0 ],
            "scale": [ 0.25, 0.25, 0.25 ]
        },
        "fixed": {
            "rotation": [ 0, 180, 0 ],
            "translation": [ 0, 0, 0 ],
            "scale": [ 1, 1, 1 ]
        },
        "head": {
            "rotation": [ 0, 180, 0 ],
            "translation": [ 0, 0, 0 ],
            "scale": [ 1, 1, 1 ]
        },
        "firstperson_righthand": {
            "rotation": [ 0, 315, 0 ],
            "translation": [ 0, 2.5, 0 ],
            "scale": [ 0.4, 0.4, 0.4 ]
        },
        "thirdperson_righthand": {
            "rotation": [ 75, 315, 0 ],
            "translation": [ 0, 2.5, 0 ],
            "scale": [ 0.375, 0.375, 0.375 ]
        }
    },
    "elements": [
        {
            "name": "Cube",
            "from": [ 4, 0, 0 ], 
            "to": [ 13, 6, 1 ], 
            "faces": {
                "north": { "texture": "#black_concrete", "uv": [ 0, 0, 9, 6 ] },
                "east": { "texture": "#black_concrete", "uv": [ 0, 0, 1, 6 ] },
                "south": { "texture": "#black_concrete", "uv": [ 0, 0, 9, 6 ] },
                "west": { "texture": "#black_concrete", "uv": [ 0, 0, 1, 6 ] },
                "up": { "texture": "#black_concrete", "uv": [ 0, 0, 9, 1 ] },
                "down": { "texture": "#black_concrete", "uv": [ 0, 0, 9, 1 ] }
            }
        },
        {
            "name": "Cube",
            "from": [ 4.5, 0.5, 0.01 ], 
            "to": [ 12.5, 5.5, 1.01 ], 
            "faces": {
                "east": { "texture": "#light_gray_concrete", "uv": [ 0, 0, 1, 5 ] },
                "south": { "texture": "#light_gray_concrete", "uv": [ 0, 0, 8, 5 ] },
                "west": { "texture": "#light_gray_concrete", "uv": [ 0, 0, 1, 5 ] },
                "up": { "texture": "#light_gray_concrete", "uv": [ 0, 0, 8, 1 ] },
                "down": { "texture": "#light_gray_concrete", "uv": [ 0, 0, 8, 1 ] }
            }
        },
        {
            "name": "Cube",
            "from": [ 4.75, 0.75, 0.02 ], 
            "to": [ 12.25, 5.25, 1.02 ], 
            "faces": {
                "east": { "texture": "#gray_concrete", "uv": [ 0, 0, 1, 4.5 ] },
                "south": { "texture": "#gray_concrete", "uv": [ 0, 0, 7.5, 4.5 ] },
                "west": { "texture": "#gray_concrete", "uv": [ 0, 0, 1, 4.5 ] },
                "up": { "texture": "#gray_concrete", "uv": [ 0, 0, 7.5, 1 ] },
                "down": { "texture": "#gray_concrete", "uv": [ 0, 0, 7.5, 1 ] }
            }
        },
        {
            "name": "Cube",
            "from": [ 11.25, 0.5, 0.03 ], 
            "to": [ 12, 1.25, 1.03 ], 
            "faces": {
                "east": { "texture": "#red_concrete", "uv": [ 0, 0, 1, 0.75 ] },
                "south": { "texture": "#red_concrete", "uv": [ 0, 0, 0.75, 0.75 ] },
                "west": { "texture": "#red_concrete", "uv": [ 0, 0, 1, 0.75 ] },
                "up": { "texture": "#red_concrete", "uv": [ 0, 0, 0.75, 1 ] },
                "down": { "texture": "#red_concrete", "uv": [ 0, 0, 0.75, 1 ] }
            }
        },
        {
            "name": "Cube",
            "from": [ 8.115, 1.5, 0.04 ], 
            "to": [ 8.615, 2, 1.04 ], 
            "faces": {
                "east": { "texture": "#light_gray_concrete", "uv": [ 0, 0, 1, 0.5 ] },
                "south": { "texture": "#light_gray_concrete", "uv": [ 0, 0, 0.5, 0.5 ] },
                "west": { "texture": "#light_gray_concrete", "uv": [ 0, 0, 1, 0.5 ] },
                "up": { "texture": "#light_gray_concrete", "uv": [ 0, 0, 0.5, 1 ] },
                "down": { "texture": "#light_gray_concrete", "uv": [ 0, 0, 0.5, 1 ] }
            }
        },
        {
            "name": "Cube",
            "from": [ 3.5, 4, 0.04 ], 
            "to": [ 4.25, 4.5, 1.04 ], 
            "rotation": { "origin": [ 8, 8, 8 ], "axis": "z", "angle": 45.0 },
            "faces": {
                "north": { "texture": "#light_gray_concrete", "uv": [ 0, 0, 0.75, 0.5 ] },
                "east": { "texture": "#light_gray_concrete", "uv": [ 0, 0, 1, 0.5 ] },
                "south": { "texture": "#light_gray_concrete", "uv": [ 0, 0, 0.75, 0.5 ] },
                "west": { "texture": "#light_gray_concrete", "uv": [ 0, 0, 1, 0.5 ] },
                "up": { "texture": "#light_gray_concrete", "uv": [ 0, 0, 0.75, 1 ] },
                "down": { "texture": "#light_gray_concrete", "uv": [ 0, 0, 0.75, 1 ] }
            }
        },
        {
            "name": "Cube",
            "from": [ 12.25, 4.5, 0.04 ], 
            "to": [ 13, 5, 1.04 ], 
            "rotation": { "origin": [ 8, 8, 8 ], "axis": "z", "angle": -45.0 },
            "faces": {
                "north": { "texture": "#light_gray_concrete", "uv": [ 0, 0, 0.75, 0.5 ] },
                "east": { "texture": "#light_gray_concrete", "uv": [ 0, 0, 1, 0.5 ] },
                "south": { "texture": "#light_gray_concrete", "uv": [ 0, 0, 0.75, 0.5 ] },
                "west": { "texture": "#light_gray_concrete", "uv": [ 0, 0, 1, 0.5 ] },
                "up": { "texture": "#light_gray_concrete", "uv": [ 0, 0, 0.75, 1 ] },
                "down": { "texture": "#light_gray_concrete", "uv": [ 0, 0, 0.75, 1 ] }
            }
        },
        {
            "name": "Cube",
            "from": [ 11.75, 5.5, 0.04 ], 
            "to": [ 13.25, 6, 1.04 ], 
            "rotation": { "origin": [ 8, 8, 8 ], "axis": "z", "angle": -45.0 },
            "faces": {
                "north": { "texture": "#light_gray_concrete", "uv": [ 0, 0, 1.5, 0.5 ] },
                "east": { "texture": "#light_gray_concrete", "uv": [ 0, 0, 1, 0.5 ] },
                "south": { "texture": "#light_gray_concrete", "uv": [ 0, 0, 1.5, 0.5 ] },
                "west": { "texture": "#light_gray_concrete", "uv": [ 0, 0, 1, 0.5 ] },
                "up": { "texture": "#light_gray_concrete", "uv": [ 0, 0, 1.5, 1 ] },
                "down": { "texture": "#light_gray_concrete", "uv": [ 0, 0, 1.5, 1 ] }
            }
        },
        {
            "name": "Cube",
            "from": [ 3.25, 5, 0.04 ], 
            "to": [ 4.75, 5.5, 1.04 ], 
            "rotation": { "origin": [ 8, 8, 8 ], "axis": "z", "angle": 45.0 },
            "faces": {
                "north": { "texture": "#light_gray_concrete", "uv": [ 0, 0, 1.5, 0.5 ] },
                "east": { "texture": "#light_gray_concrete", "uv": [ 0, 0, 1, 0.5 ] },
                "south": { "texture": "#light_gray_concrete", "uv": [ 0, 0, 1.5, 0.5 ] },
                "west": { "texture": "#light_gray_concrete", "uv": [ 0, 0, 1, 0.5 ] },
                "up": { "texture": "#light_gray_concrete", "uv": [ 0, 0, 1.5, 1 ] },
                "down": { "texture": "#light_gray_concrete", "uv": [ 0, 0, 1.5, 1 ] }
            }
        },
        {
            "name": "Cube",
            "from": [ 7.47, 3.45, 0.04 ], 
            "to": [ 9.22, 3.95, 1.04 ], 
            "faces": {
                "east": { "texture": "#light_gray_concrete", "uv": [ 0, 0, 1, 0.5 ] },
                "south": { "texture": "#light_gray_concrete", "uv": [ 0, 0, 1.75, 0.5 ] },
                "west": { "texture": "#light_gray_concrete", "uv": [ 0, 0, 1, 0.5 ] },
                "up": { "texture": "#light_gray_concrete", "uv": [ 0, 0, 1.75, 1 ] },
                "down": { "texture": "#light_gray_concrete", "uv": [ 0, 0, 1.75, 1 ] }
            }
        },
        {
            "name": "Cube",
            "from": [ 7.8, 2.35, 0.04 ], 
            "to": [ 8.9, 2.85, 1.04 ], 
            "faces": {
                "east": { "texture": "#light_gray_concrete", "uv": [ 0, 0, 1, 0.5 ] },
                "south": { "texture": "#light_gray_concrete", "uv": [ 0, 0, 1.1, 0.5 ] },
                "west": { "texture": "#light_gray_concrete", "uv": [ 0, 0, 1, 0.5 ] },
                "up": { "texture": "#light_gray_concrete", "uv": [ 0, 0, 1.1, 1 ] },
                "down": { "texture": "#light_gray_concrete", "uv": [ 0, 0, 1.1, 1 ] }
			}
		}
	],
	"display": {
		"firstperson_righthand": {
			"rotation":  [ 0, 315, 0 ],
			"translation":  [ 0, 8, 0 ],
			"scale":  [ 2, 2, 2 ]
		},
		"firstperson_lefthand": {
			"rotation":  [ 0, 315, 0 ],
			"translation":  [ 0, 8, 0 ],
			"scale":  [ 2, 2, 2 ]
		},
		"gui": {
			"rotation":  [ 30, 45, 0 ],
			"translation":  [ 7, 2, 0 ],
			"scale":  [ 1.5, 1.5, 1.5 ]
		},
		"head": {
			"rotation":  [ 0, 180, 0 ],
			"translation":  [ 0, -30, -15 ],
			"scale":  [ 2, 2, 2 ]
		},
		"ground": {
			"translation":  [ 0, 3, 0 ],
			"scale":  [ 0.5, 0.5, 0.5 ]
		},
		"fixed": {
			"rotation":  [ 0, 180, 0 ],
			"translation":  [ 2, 20, -31 ],
			"scale":  [ 4, 4, 5 ]
		}
	}
}