{
	"__comment": "Model generated using MrCrayfish's Model Creator (https://mrcrayfish.com/tools?id=mc)",
	"textures": {
		"gray_concrete": "block/gray_concrete",
		"white_concrete": "block/white_concrete",
		"black_concrete": "block/black_concrete",
		"light_gray_concrete": "block/light_gray_concrete"
	},
	"elements": [
		{
			"from": [ 0, 0.5, 7 ],
			"to": [ 16, 20.5, 10 ],
			"faces": {
				"down": { "uv": [ 0, 0, 16, 3 ], "texture": "#white_concrete" },
				"up": { "uv": [ 0, 0, 16, 3 ], "texture": "#gray_concrete" },
				"north": { "uv": [ 0, 0, 16, 16 ], "texture": "#white_concrete" },
				"south": { "uv": [ 0, 0, 16, 16 ], "texture": "#white_concrete" },
				"east": { "uv": [ 0, 0, 3, 16 ], "texture": "#white_concrete" }
			}
		},
		{
			"from": [ -0.5, 20.5, 6.5 ],
			"to": [ 16.5, 21, 7 ],
			"faces": {
				"down": { "uv": [ 0, 0, 16, 0.5 ], "texture": "#black_concrete" },
				"up": { "uv": [ 0, 0, 16, 0.5 ], "texture": "#black_concrete" },
				"north": { "uv": [ 0, 0, 16, 0.5 ], "texture": "#black_concrete" },
				"south": { "uv": [ 0, 0, 16, 0.5 ], "texture": "#black_concrete" },
				"west": { "uv": [ 0, 0, 0.5, 0.5 ], "texture": "#black_concrete" },
				"east": { "uv": [ 0, 0, 0.5, 0.5 ], "texture": "#black_concrete" }
			}
		},
		{
			"from": [ -0.5, 20.5, 10 ],
			"to": [ 16.5, 21, 10.5 ],
			"faces": {
				"down": { "uv": [ 0, 0, 16, 0.5 ], "texture": "#black_concrete" },
				"up": { "uv": [ 0, 0, 16, 0.5 ], "texture": "#black_concrete" },
				"north": { "uv": [ 0, 0, 16, 0.5 ], "texture": "#black_concrete" },
				"south": { "uv": [ 0, 0, 16, 0.5 ], "texture": "#black_concrete" },
				"west": { "uv": [ 0, 0, 0.5, 0.5 ], "texture": "#black_concrete" },
				"east": { "uv": [ 0, 0, 0.5, 0.5 ], "texture": "#black_concrete" }
			}
		},
		{
			"from": [ -0.5, 0, 10 ],
			"to": [ 16.5, 0.5, 10.5 ],
			"faces": {
				"down": { "uv": [ 0, 0, 16, 0.5 ], "texture": "#black_concrete" },
				"up": { "uv": [ 0, 0, 16, 0.5 ], "texture": "#black_concrete" },
				"north": { "uv": [ 0, 0, 16, 0.5 ], "texture": "#black_concrete" },
				"south": { "uv": [ 0, 0, 16, 0.5 ], "texture": "#black_concrete" },
				"west": { "uv": [ 0, 0, 0.5, 0.5 ], "texture": "#black_concrete" },
				"east": { "uv": [ 0, 0, 0.5, 0.5 ], "texture": "#black_concrete" }
			}
		},
		{
			"from": [ -0.5, 0, 6.5 ],
			"to": [ 16.5, 0.5, 7 ],
			"faces": {
				"down": { "uv": [ 0, 0, 16, 0.5 ], "texture": "#black_concrete" },
				"up": { "uv": [ 0, 0, 16, 0.5 ], "texture": "#black_concrete" },
				"north": { "uv": [ 0, 0, 16, 0.5 ], "texture": "#black_concrete" },
				"south": { "uv": [ 0, 0, 16, 0.5 ], "texture": "#black_concrete" },
				"west": { "uv": [ 0, 0, 0.5, 0.5 ], "texture": "#black_concrete" },
				"east": { "uv": [ 0, 0, 0.5, 0.5 ], "texture": "#black_concrete" }
			}
		},
		{
			"from": [ -0.5, 0.5, 6.5 ],
			"to": [ 0, 20.5, 7 ],
			"faces": {
				"north": { "uv": [ 0, 0, 0.5, 16 ], "texture": "#black_concrete" },
				"west": { "uv": [ 0, 0, 0.5, 16 ], "texture": "#black_concrete" },
				"east": { "uv": [ 0, 0, 0.5, 16 ], "texture": "#black_concrete" }
			}
		},
		{
			"from": [ 16, 0.5, 6.5 ],
			"to": [ 16.5, 20.5, 7 ],
			"faces": {
				"north": { "uv": [ 0, 0, 0.5, 16 ], "texture": "#black_concrete" },
				"south": { "uv": [ 0, 0, 0.5, 16 ], "texture": "#black_concrete" },
				"west": { "uv": [ 0, 0, 0.5, 16 ], "texture": "#black_concrete" },
				"east": { "uv": [ 0, 0, 0.5, 16 ], "texture": "#black_concrete" }
			}
		},
		{
			"from": [ 16, 0.5, 10 ],
			"to": [ 16.5, 20.5, 10.5 ],
			"faces": {
				"north": { "uv": [ 0, 0, 0.5, 16 ], "texture": "#black_concrete" },
				"south": { "uv": [ 0, 0, 0.5, 16 ], "texture": "#black_concrete" },
				"west": { "uv": [ 0, 0, 0.5, 16 ], "texture": "#black_concrete" },
				"east": { "uv": [ 0, 0, 0.5, 16 ], "texture": "#black_concrete" }
			}
		},
		{
			"from": [ -0.5, 0.5, 10 ],
			"to": [ 0, 20.5, 10.5 ],
			"faces": {
				"south": { "uv": [ 0, 0, 0.5, 16 ], "texture": "#black_concrete" },
				"west": { "uv": [ 0, 0, 0.5, 16 ], "texture": "#black_concrete" },
				"east": { "uv": [ 0, 0, 0.5, 16 ], "texture": "#black_concrete" }
			}
		},
		{
			"from": [ -0.5, 0, 7 ],
			"to": [ 0, 0.5, 10 ],
			"faces": {
				"down": { "uv": [ 0, 0, 0.5, 3 ], "texture": "#black_concrete" },
				"west": { "uv": [ 0, 0, 3, 0.5 ], "texture": "#black_concrete" },
				"east": { "uv": [ 0, 0, 3, 0.5 ], "texture": "#black_concrete" }
			}
		},
		{
			"from": [ 16, 0, 7 ],
			"to": [ 16.5, 0.5, 10 ],
			"faces": {
				"down": { "uv": [ 0, 0, 0.5, 3 ], "texture": "#black_concrete" },
				"up": { "uv": [ 0, 0, 0.5, 3 ], "texture": "#black_concrete" },
				"west": { "uv": [ 0, 0, 3, 0.5 ], "texture": "#black_concrete" },
				"east": { "uv": [ 0, 0, 3, 0.5 ], "texture": "#black_concrete" }
			}
		},
		{
			"from": [ 16, 20.5, 7 ],
			"to": [ 16.5, 21, 10 ],
			"faces": {
				"down": { "uv": [ 0, 0, 0.5, 3 ], "texture": "#black_concrete" },
				"up": { "uv": [ 0, 0, 0.5, 3 ], "texture": "#black_concrete" },
				"west": { "uv": [ 0, 0, 3, 0.5 ], "texture": "#black_concrete" },
				"east": { "uv": [ 0, 0, 3, 0.5 ], "texture": "#black_concrete" }
			}
		},
		{
			"from": [ -0.5, 20.5, 7 ],
			"to": [ 0, 21, 10 ],
			"faces": {
				"up": { "uv": [ 0, 0, 0.5, 3 ], "texture": "#black_concrete" },
				"west": { "uv": [ 0, 0, 3, 0.5 ], "texture": "#black_concrete" },
				"east": { "uv": [ 0, 0, 3, 0.5 ], "texture": "#black_concrete" }
			}
		},
		{
			"from": [ 0, 2.5, 6.9 ],
			"to": [ 11, 3, 10.1 ],
			"faces": {
				"down": { "uv": [ 0, 0, 11, 3.2 ], "texture": "#light_gray_concrete" },
				"up": { "uv": [ 0, 0, 11, 3.2 ], "texture": "#light_gray_concrete" },
				"north": { "uv": [ 0, 0, 11, 0.5 ], "texture": "#light_gray_concrete" },
				"south": { "uv": [ 0, 0, 11, 0.5 ], "texture": "#light_gray_concrete" },
				"west": { "uv": [ 0, 0, 3.2, 0.5 ], "texture": "#light_gray_concrete" },
				"east": { "uv": [ 0, 0, 3.2, 0.5 ], "texture": "#light_gray_concrete" }
			}
		},
		{
			"from": [ 0, 18, 6.9 ],
			"to": [ 11, 18.5, 10.1 ],
			"faces": {
				"down": { "uv": [ 0, 0, 11, 3.2 ], "texture": "#light_gray_concrete" },
				"up": { "uv": [ 0, 0, 11, 3.2 ], "texture": "#light_gray_concrete" },
				"north": { "uv": [ 0, 0, 11, 0.5 ], "texture": "#light_gray_concrete" },
				"south": { "uv": [ 0, 0, 11, 0.5 ], "texture": "#light_gray_concrete" },
				"west": { "uv": [ 0, 0, 3.2, 0.5 ], "texture": "#light_gray_concrete" },
				"east": { "uv": [ 0, 0, 3.2, 0.5 ], "texture": "#light_gray_concrete" }
			}
		},
		{
			"from": [ 14, 6, 6.9 ],
			"to": [ 14.5, 15, 10.1 ],
			"faces": {
				"down": { "uv": [ 0, 0, 0.5, 3.2 ], "texture": "#light_gray_concrete" },
				"up": { "uv": [ 0, 0, 0.5, 3.2 ], "texture": "#light_gray_concrete" },
				"north": { "uv": [ 0, 0, 0.5, 9 ], "texture": "#light_gray_concrete" },
				"south": { "uv": [ 0, 0, 0.5, 9 ], "texture": "#light_gray_concrete" },
				"west": { "uv": [ 0, 0, 3.2, 9 ], "texture": "#light_gray_concrete" },
				"east": { "uv": [ 0, 0, 3.2, 9 ], "texture": "#light_gray_concrete" }
			}
		},
		{
			"from": [ 11.87, 6.72, 6.9 ],
			"to": [ 12.37, 9.62, 10.1 ],
			"faces": {
				"down": { "uv": [ 0, 0, 0.5, 3.2 ], "texture": "#light_gray_concrete" },
				"up": { "uv": [ 0, 0, 0.5, 3.2 ], "texture": "#light_gray_concrete" },
				"north": { "uv": [ 0, 0, 0.5, 2.9 ], "texture": "#light_gray_concrete" },
				"south": { "uv": [ 0, 0, 0.5, 2.9 ], "texture": "#light_gray_concrete" },
				"west": { "uv": [ 0, 0, 3.2, 2.9 ], "texture": "#light_gray_concrete" },
				"east": { "uv": [ 0, 0, 3.2, 2.9 ], "texture": "#light_gray_concrete" }
			}
		},
		{
			"from": [ 2.7, 17.05, 6.9 ],
			"to": [ 7.639999, 17.55, 10.1 ],
			"rotation": { "origin": [ 8, 8, 8 ], "axis": "z", "angle": -45 },
			"faces": {
				"down": { "uv": [ 0, 0, 4.94, 3.2 ], "texture": "#light_gray_concrete" },
				"up": { "uv": [ 0, 0, 4.94, 3.2 ], "texture": "#light_gray_concrete" },
				"north": { "uv": [ 0, 0, 4.94, 0.5 ], "texture": "#light_gray_concrete" },
				"south": { "uv": [ 0, 0, 4.94, 0.5 ], "texture": "#light_gray_concrete" },
				"west": { "uv": [ 0, 0, 3.2, 0.5 ], "texture": "#light_gray_concrete" },
				"east": { "uv": [ 0, 0, 3.2, 0.5 ], "texture": "#light_gray_concrete" }
			}
		},
		{
			"from": [ 6.25, 2, 6.9 ],
			"to": [ 11.19, 2.5, 10.1 ],
			"rotation": { "origin": [ 8, 8, 8 ], "axis": "z", "angle": 45 },
			"faces": {
				"down": { "uv": [ 0, 0, 4.94, 3.2 ], "texture": "#light_gray_concrete" },
				"up": { "uv": [ 0, 0, 4.94, 3.2 ], "texture": "#light_gray_concrete" },
				"north": { "uv": [ 0, 0, 4.94, 0.5 ], "texture": "#light_gray_concrete" },
				"south": { "uv": [ 0, 0, 4.94, 0.5 ], "texture": "#light_gray_concrete" },
				"west": { "uv": [ 0, 0, 3.2, 0.5 ], "texture": "#light_gray_concrete" },
				"east": { "uv": [ 0, 0, 3.2, 0.5 ], "texture": "#light_gray_concrete" }
			}
		},
		{
			"from": [ 7.25, 4, 6.9 ],
			"to": [ 10.19, 4.5, 10.1 ],
			"rotation": { "origin": [ 8, 8, 8 ], "axis": "z", "angle": 45 },
			"faces": {
				"down": { "uv": [ 0, 0, 2.94, 3.2 ], "texture": "#light_gray_concrete" },
				"up": { "uv": [ 0, 0, 2.94, 3.2 ], "texture": "#light_gray_concrete" },
				"north": { "uv": [ 0, 0, 2.94, 0.5 ], "texture": "#light_gray_concrete" },
				"south": { "uv": [ 0, 0, 2.94, 0.5 ], "texture": "#light_gray_concrete" },
				"west": { "uv": [ 0, 0, 3.2, 0.5 ], "texture": "#light_gray_concrete" },
				"east": { "uv": [ 0, 0, 3.2, 0.5 ], "texture": "#light_gray_concrete" }
			}
		},
		{
			"from": [ 3.7, 15.05, 6.9 ],
			"to": [ 6.639999, 15.55, 10.1 ],
			"rotation": { "origin": [ 8, 8, 8 ], "axis": "z", "angle": -45 },
			"faces": {
				"down": { "uv": [ 0, 0, 2.94, 3.2 ], "texture": "#light_gray_concrete" },
				"up": { "uv": [ 0, 0, 2.94, 3.2 ], "texture": "#light_gray_concrete" },
				"north": { "uv": [ 0, 0, 2.94, 0.5 ], "texture": "#light_gray_concrete" },
				"south": { "uv": [ 0, 0, 2.94, 0.5 ], "texture": "#light_gray_concrete" },
				"west": { "uv": [ 0, 0, 3.2, 0.5 ], "texture": "#light_gray_concrete" },
				"east": { "uv": [ 0, 0, 3.2, 0.5 ], "texture": "#light_gray_concrete" }
			}
		},
		{
			"from": [ 1.5, 15.88, 6.9 ],
			"to": [ 10.3, 16.38, 10.1 ],
			"faces": {
				"down": { "uv": [ 0, 0, 8.8, 3.2 ], "texture": "#light_gray_concrete" },
				"up": { "uv": [ 0, 0, 8.8, 3.2 ], "texture": "#light_gray_concrete" },
				"north": { "uv": [ 0, 0, 8.8, 0.5 ], "texture": "#light_gray_concrete" },
				"south": { "uv": [ 0, 0, 8.8, 0.5 ], "texture": "#light_gray_concrete" },
				"west": { "uv": [ 0, 0, 3.2, 0.5 ], "texture": "#light_gray_concrete" },
				"east": { "uv": [ 0, 0, 3.2, 0.5 ], "texture": "#light_gray_concrete" }
			}
		},
		{
			"from": [ 1.5, 4.64, 6.9 ],
			"to": [ 10.3, 5.14, 10.1 ],
			"faces": {
				"down": { "uv": [ 0, 0, 8.8, 3.2 ], "texture": "#light_gray_concrete" },
				"up": { "uv": [ 0, 0, 8.8, 3.2 ], "texture": "#light_gray_concrete" },
				"north": { "uv": [ 0, 0, 8.8, 0.5 ], "texture": "#light_gray_concrete" },
				"south": { "uv": [ 0, 0, 8.8, 0.5 ], "texture": "#light_gray_concrete" },
				"west": { "uv": [ 0, 0, 3.2, 0.5 ], "texture": "#light_gray_concrete" },
				"east": { "uv": [ 0, 0, 3.2, 0.5 ], "texture": "#light_gray_concrete" }
			}
		},
		{
			"from": [ 11.87, 11.42, 6.9 ],
			"to": [ 12.37, 14.32, 10.1 ],
			"faces": {
				"down": { "uv": [ 0, 0, 0.5, 3.2 ], "texture": "#light_gray_concrete" },
				"up": { "uv": [ 0, 0, 0.5, 3.2 ], "texture": "#light_gray_concrete" },
				"north": { "uv": [ 0, 0, 0.5, 2.9 ], "texture": "#light_gray_concrete" },
				"south": { "uv": [ 0, 0, 0.5, 2.9 ], "texture": "#light_gray_concrete" },
				"west": { "uv": [ 0, 0, 3.2, 2.9 ], "texture": "#light_gray_concrete" },
				"east": { "uv": [ 0, 0, 3.2, 2.9 ], "texture": "#light_gray_concrete" }
			}
		},
		{
			"from": [ 4, 11.38, 6.9 ],
			"to": [ 12.3, 11.88, 10.1 ],
			"faces": {
				"down": { "uv": [ 0, 0, 8.3, 3.2 ], "texture": "#light_gray_concrete" },
				"up": { "uv": [ 0, 0, 8.3, 3.2 ], "texture": "#light_gray_concrete" },
				"north": { "uv": [ 0, 0, 8.3, 0.5 ], "texture": "#light_gray_concrete" },
				"south": { "uv": [ 0, 0, 8.3, 0.5 ], "texture": "#light_gray_concrete" },
				"west": { "uv": [ 0, 0, 3.2, 0.5 ], "texture": "#light_gray_concrete" },
				"east": { "uv": [ 0, 0, 3.2, 0.5 ], "texture": "#light_gray_concrete" }
			}
		},
		{
			"from": [ 3.85, 9.099999, 6.9 ],
			"to": [ 12.15, 9.599999, 10.1 ],
			"faces": {
				"down": { "uv": [ 0, 0, 8.3, 3.2 ], "texture": "#light_gray_concrete" },
				"up": { "uv": [ 0, 0, 8.3, 3.2 ], "texture": "#light_gray_concrete" },
				"north": { "uv": [ 0, 0, 8.3, 0.5 ], "texture": "#light_gray_concrete" },
				"south": { "uv": [ 0, 0, 8.3, 0.5 ], "texture": "#light_gray_concrete" },
				"west": { "uv": [ 0, 0, 3.2, 0.5 ], "texture": "#light_gray_concrete" }
			}
		},
		{
			"from": [ 1.5, 13.87, 6.9 ],
			"to": [ 2, 15.97, 10.1 ],
			"faces": {
				"down": { "uv": [ 0, 0, 0.5, 3.2 ], "texture": "#light_gray_concrete" },
				"north": { "uv": [ 0, 0, 0.5, 2.1 ], "texture": "#light_gray_concrete" },
				"south": { "uv": [ 0, 0, 0.5, 2.1 ], "texture": "#light_gray_concrete" },
				"west": { "uv": [ 0, 0, 3.2, 2.1 ], "texture": "#light_gray_concrete" },
				"east": { "uv": [ 0, 0, 3.2, 2.1 ], "texture": "#light_gray_concrete" }
			}
		},
		{
			"from": [ -0.75, 7.56, 6.9 ],
			"to": [ 2.71, 8.06, 10.1 ],
			"rotation": { "origin": [ 8, 8, 8 ], "axis": "z", "angle": -45 },
			"faces": {
				"down": { "uv": [ 0, 0, 3.46, 3.2 ], "texture": "#light_gray_concrete" },
				"up": { "uv": [ 0, 0, 3.46, 3.2 ], "texture": "#light_gray_concrete" },
				"north": { "uv": [ 0, 0, 3.46, 0.5 ], "texture": "#light_gray_concrete" },
				"south": { "uv": [ 0, 0, 3.46, 0.5 ], "texture": "#light_gray_concrete" },
				"west": { "uv": [ 0, 0, 3.2, 0.5 ], "texture": "#light_gray_concrete" },
				"east": { "uv": [ 0, 0, 3.2, 0.5 ], "texture": "#light_gray_concrete" }
			}
		},
		{
			"from": [ 1.5, 5.15, 6.9 ],
			"to": [ 2, 7.25, 10.1 ],
			"faces": {
				"down": { "uv": [ 0, 0, 0.5, 3.2 ], "texture": "#light_gray_concrete" },
				"up": { "uv": [ 0, 0, 0.5, 3.2 ], "texture": "#light_gray_concrete" },
				"north": { "uv": [ 0, 0, 0.5, 2.1 ], "texture": "#light_gray_concrete" },
				"south": { "uv": [ 0, 0, 0.5, 2.1 ], "texture": "#light_gray_concrete" },
				"west": { "uv": [ 0, 0, 3.2, 2.1 ], "texture": "#light_gray_concrete" },
				"east": { "uv": [ 0, 0, 3.2, 2.1 ], "texture": "#light_gray_concrete" }
			}
		},
		{
			"from": [ 2.9, 11.56, 6.9 ],
			"to": [ 6.2, 12.06, 10.1 ],
			"rotation": { "origin": [ 8, 8, 8 ], "axis": "z", "angle": 45 },
			"faces": {
				"down": { "uv": [ 0, 0, 3.3, 3.2 ], "texture": "#light_gray_concrete" },
				"up": { "uv": [ 0, 0, 3.3, 3.2 ], "texture": "#light_gray_concrete" },
				"north": { "uv": [ 0, 0, 3.3, 0.5 ], "texture": "#light_gray_concrete" },
				"south": { "uv": [ 0, 0, 3.3, 0.5 ], "texture": "#light_gray_concrete" },
				"west": { "uv": [ 0, 0, 3.2, 0.5 ], "texture": "#light_gray_concrete" },
				"east": { "uv": [ 0, 0, 3.2, 0.5 ], "texture": "#light_gray_concrete" }
			}
		},
		{
			"from": [ -1.55, 5.56, 6.9 ],
			"to": [ 0.55, 6.06, 10.1 ],
			"rotation": { "origin": [ 8, 8, 8 ], "axis": "z", "angle": -45 },
			"faces": {
				"down": { "uv": [ 0, 0, 2.1, 3.2 ], "texture": "#light_gray_concrete" },
				"up": { "uv": [ 0, 0, 2.1, 3.2 ], "texture": "#light_gray_concrete" },
				"north": { "uv": [ 0, 0, 2.1, 0.5 ], "texture": "#light_gray_concrete" },
				"south": { "uv": [ 0, 0, 2.1, 0.5 ], "texture": "#light_gray_concrete" },
				"west": { "uv": [ 0, 0, 3.2, 0.5 ], "texture": "#light_gray_concrete" },
				"east": { "uv": [ 0, 0, 3.2, 0.5 ], "texture": "#light_gray_concrete" }
			}
		},
		{
			"from": [ 1.9, 13.56, 6.9 ],
			"to": [ 4.2, 14.06, 10.1 ],
			"rotation": { "origin": [ 8, 8, 8 ], "axis": "z", "angle": 45 },
			"faces": {
				"down": { "uv": [ 0, 0, 2.3, 3.2 ], "texture": "#light_gray_concrete" },
				"up": { "uv": [ 0, 0, 2.3, 3.2 ], "texture": "#light_gray_concrete" },
				"north": { "uv": [ 0, 0, 2.3, 0.5 ], "texture": "#light_gray_concrete" },
				"south": { "uv": [ 0, 0, 2.3, 0.5 ], "texture": "#light_gray_concrete" },
				"west": { "uv": [ 0, 0, 3.2, 0.5 ], "texture": "#light_gray_concrete" },
				"east": { "uv": [ 0, 0, 3.2, 0.5 ], "texture": "#light_gray_concrete" }
			}
		},
		{
			"from": [ 0.87, 9.25, 6.9 ],
			"to": [ 1.37, 11.89, 10.1 ],
			"faces": {
				"down": { "uv": [ 0, 0, 0.5, 3.2 ], "texture": "#light_gray_concrete" },
				"up": { "uv": [ 0, 0, 0.5, 3.2 ], "texture": "#light_gray_concrete" },
				"north": { "uv": [ 0, 0, 0.5, 2.64 ], "texture": "#light_gray_concrete" },
				"south": { "uv": [ 0, 0, 0.5, 2.64 ], "texture": "#light_gray_concrete" },
				"west": { "uv": [ 0, 0, 3.2, 2.64 ], "texture": "#light_gray_concrete" },
				"east": { "uv": [ 0, 0, 3.2, 2.64 ], "texture": "#light_gray_concrete" }
			}
		},
		{
			"from": [ -0.5, 0.5, 7 ],
			"to": [ 0, 20.5, 10 ],
			"faces": {
				"west": { "uv": [ 0, 0, 3, 16 ], "texture": "#gray_concrete" }
			}
		}
	],
	"display": {
		"firstperson_righthand": {
			"rotation":  [ 0, 315, 0 ],
			"translation":  [ 0, 2.5, 0 ],
			"scale":  [ 0.4, 0.4, 0.4 ]
		},
		"firstperson_lefthand": {
			"rotation":  [ 0, 315, 0 ],
			"translation":  [ 0, 2.5, 0 ],
			"scale":  [ 0.4, 0.4, 0.4 ]
		},
		"gui": {
			"rotation":  [ 30, 45, 0 ],
			"translation":  [ 0, -2, 0 ],
			"scale":  [ 0.625, 0.625, 0.625 ]
		},
		"head": {
			"rotation":  [ 0, 180, 0 ],
			"translation":  [ 0, -2, 0 ],
			"scale":  [ 5.5, 5.5, 5.5 ]
		},
		"ground": {
			"translation":  [ 0, 5, 0 ]
		},
		"fixed": {
			"rotation":  [ 0, 180, 0 ],
			"scale":  [ 4, 4, 4 ]
		}
	}
}