{
	"__comment": "Model generated using MrCrayfish's Model Creator (https://mrcrayfish.com/tools?id=mc)",
	"textures": {
		"red_concrete": "block/red_concrete",
		"white_terracotta": "block/white_terracotta",
		"white_concrete": "block/white_concrete",
		"black_concrete": "block/black_concrete",
		"light_gray_concrete": "block/light_gray_concrete",
		"red_concrete_powder": "block/red_concrete_powder"
	},
	"elements": [
		{
			"from": [ 1, 3, 1 ],
			"to": [ 15, 4, 15 ],
			"faces": {
				"down": { "uv": [ 0, 0, 14, 14 ], "texture": "#white_concrete" },
				"up": { "uv": [ 0, 0, 14, 14 ], "texture": "#white_concrete" },
				"north": { "uv": [ 0, 0, 14, 1 ], "texture": "#white_concrete" },
				"south": { "uv": [ 0, 0, 14, 1 ], "texture": "#white_concrete" },
				"west": { "uv": [ 0, 0, 14, 1 ], "texture": "#white_concrete" },
				"east": { "uv": [ 0, 0, 14, 1 ], "texture": "#white_concrete" }
			}
		},
		{
			"from": [ 3, 0, 3 ],
			"to": [ 4, 2, 5 ],
			"faces": {
				"down": { "uv": [ 0, 0, 1, 2 ], "texture": "#light_gray_concrete" },
				"up": { "uv": [ 0, 0, 1, 2 ], "texture": "#light_gray_concrete" },
				"north": { "uv": [ 0, 0, 1, 2 ], "texture": "#light_gray_concrete" },
				"south": { "uv": [ 0, 0, 1, 2 ], "texture": "#light_gray_concrete" },
				"west": { "uv": [ 0, 0, 2, 2 ], "texture": "#light_gray_concrete" },
				"east": { "uv": [ 0, 0, 2, 2 ], "texture": "#light_gray_concrete" }
			}
		},
		{
			"from": [ 3, 0, 13 ],
			"to": [ 4, 2, 15 ],
			"faces": {
				"down": { "uv": [ 0, 0, 1, 2 ], "texture": "#light_gray_concrete" },
				"up": { "uv": [ 0, 0, 1, 2 ], "texture": "#light_gray_concrete" },
				"north": { "uv": [ 0, 0, 1, 2 ], "texture": "#light_gray_concrete" },
				"south": { "uv": [ 0, 0, 1, 2 ], "texture": "#light_gray_concrete" },
				"west": { "uv": [ 0, 0, 2, 2 ], "texture": "#light_gray_concrete" },
				"east": { "uv": [ 0, 0, 2, 2 ], "texture": "#light_gray_concrete" }
			}
		},
		{
			"from": [ 12, 0, 13 ],
			"to": [ 13, 2, 15 ],
			"faces": {
				"down": { "uv": [ 0, 0, 1, 2 ], "texture": "#light_gray_concrete" },
				"up": { "uv": [ 0, 0, 1, 2 ], "texture": "#light_gray_concrete" },
				"north": { "uv": [ 0, 0, 1, 2 ], "texture": "#light_gray_concrete" },
				"south": { "uv": [ 0, 0, 1, 2 ], "texture": "#light_gray_concrete" },
				"west": { "uv": [ 0, 0, 2, 2 ], "texture": "#light_gray_concrete" },
				"east": { "uv": [ 0, 0, 2, 2 ], "texture": "#light_gray_concrete" }
			}
		},
		{
			"from": [ 12, 0, 3 ],
			"to": [ 13, 2, 5 ],
			"faces": {
				"down": { "uv": [ 0, 0, 1, 2 ], "texture": "#light_gray_concrete" },
				"up": { "uv": [ 0, 0, 1, 2 ], "texture": "#light_gray_concrete" },
				"north": { "uv": [ 0, 0, 1, 2 ], "texture": "#light_gray_concrete" },
				"south": { "uv": [ 0, 0, 1, 2 ], "texture": "#light_gray_concrete" },
				"west": { "uv": [ 0, 0, 2, 2 ], "texture": "#light_gray_concrete" },
				"east": { "uv": [ 0, 0, 2, 2 ], "texture": "#light_gray_concrete" }
			}
		},
		{
			"from": [ 2.9, 0.2, 2.5 ],
			"to": [ 4.099999, 1.7, 6 ],
			"rotation": { "origin": [ 8, 3, 5 ], "axis": "x", "angle": 45 },
			"faces": {
				"down": { "uv": [ 0, 0, 1.2, 3.5 ], "texture": "#white_concrete" },
				"up": { "uv": [ 0, 0, 1.2, 3.5 ], "texture": "#white_concrete" },
				"north": { "uv": [ 0, 0, 1.2, 1.5 ], "texture": "#white_concrete" },
				"south": { "uv": [ 0, 0, 1.2, 1.5 ], "texture": "#white_concrete" },
				"west": { "uv": [ 0, 0, 3.5, 1.5 ], "texture": "#white_concrete" },
				"east": { "uv": [ 0, 0, 3.5, 1.5 ], "texture": "#white_concrete" }
			}
		},
		{
			"from": [ 11.9, 0.2, 2.5 ],
			"to": [ 13.1, 1.7, 6 ],
			"rotation": { "origin": [ 8, 3, 5 ], "axis": "x", "angle": 45 },
			"faces": {
				"down": { "uv": [ 0, 0, 1.2, 3.5 ], "texture": "#white_concrete" },
				"up": { "uv": [ 0, 0, 1.2, 3.5 ], "texture": "#white_concrete" },
				"north": { "uv": [ 0, 0, 1.2, 1.5 ], "texture": "#white_concrete" },
				"south": { "uv": [ 0, 0, 1.2, 1.5 ], "texture": "#white_concrete" },
				"west": { "uv": [ 0, 0, 3.5, 1.5 ], "texture": "#white_concrete" },
				"east": { "uv": [ 0, 0, 3.5, 1.5 ], "texture": "#white_concrete" }
			}
		},
		{
			"from": [ 11.9, 2.8, 1.25 ],
			"to": [ 13.1, 3.3, 1.75 ],
			"faces": {
				"down": { "uv": [ 0, 0, 1.2, 0.5 ], "texture": "#white_concrete" },
				"north": { "uv": [ 0, 0, 1.2, 0.5 ], "texture": "#white_concrete" },
				"south": { "uv": [ 0, 0, 1.2, 0.5 ], "texture": "#white_concrete" },
				"west": { "uv": [ 0, 0, 0.5, 0.5 ], "texture": "#white_concrete" },
				"east": { "uv": [ 0, 0, 0.5, 0.5 ], "texture": "#white_concrete" }
			}
		},
		{
			"from": [ 2.9, 2.8, 1.25 ],
			"to": [ 4.099999, 3.3, 1.75 ],
			"faces": {
				"down": { "uv": [ 0, 0, 1.2, 0.5 ], "texture": "#white_concrete" },
				"north": { "uv": [ 0, 0, 1.2, 0.5 ], "texture": "#white_concrete" },
				"south": { "uv": [ 0, 0, 1.2, 0.5 ], "texture": "#white_concrete" },
				"west": { "uv": [ 0, 0, 0.5, 0.5 ], "texture": "#white_concrete" },
				"east": { "uv": [ 0, 0, 0.5, 0.5 ], "texture": "#white_concrete" }
			}
		},
		{
			"from": [ 11.9, 7.2, 9.5 ],
			"to": [ 13.1, 8.7, 13 ],
			"rotation": { "origin": [ 8, 3, 5 ], "axis": "x", "angle": 45 },
			"faces": {
				"down": { "uv": [ 0, 0, 1.2, 3.5 ], "texture": "#white_concrete" },
				"up": { "uv": [ 0, 0, 1.2, 3.5 ], "texture": "#white_concrete" },
				"north": { "uv": [ 0, 0, 1.2, 1.5 ], "texture": "#white_concrete" },
				"south": { "uv": [ 0, 0, 1.2, 1.5 ], "texture": "#white_concrete" },
				"west": { "uv": [ 0, 0, 3.5, 1.5 ], "texture": "#white_concrete" },
				"east": { "uv": [ 0, 0, 3.5, 1.5 ], "texture": "#white_concrete" }
			}
		},
		{
			"from": [ 2.9, 7.2, 9.5 ],
			"to": [ 4.099999, 8.7, 13 ],
			"rotation": { "origin": [ 8, 3, 5 ], "axis": "x", "angle": 45 },
			"faces": {
				"down": { "uv": [ 0, 0, 1.2, 3.5 ], "texture": "#white_concrete" },
				"up": { "uv": [ 0, 0, 1.2, 3.5 ], "texture": "#white_concrete" },
				"north": { "uv": [ 0, 0, 1.2, 1.5 ], "texture": "#white_concrete" },
				"south": { "uv": [ 0, 0, 1.2, 1.5 ], "texture": "#white_concrete" },
				"west": { "uv": [ 0, 0, 3.5, 1.5 ], "texture": "#white_concrete" },
				"east": { "uv": [ 0, 0, 3.5, 1.5 ], "texture": "#white_concrete" }
			}
		},
		{
			"from": [ 2.9, 2.8, 11.15 ],
			"to": [ 4.099999, 3.8, 12.15 ],
			"faces": {
				"down": { "uv": [ 0, 0, 1.2, 1 ], "texture": "#white_concrete" },
				"north": { "uv": [ 0, 0, 1.2, 1 ], "texture": "#white_concrete" },
				"south": { "uv": [ 0, 0, 1.2, 1 ], "texture": "#white_concrete" },
				"west": { "uv": [ 0, 0, 1, 1 ], "texture": "#white_concrete" },
				"east": { "uv": [ 0, 0, 1, 1 ], "texture": "#white_concrete" }
			}
		},
		{
			"from": [ 11.9, 2.8, 11.15 ],
			"to": [ 13.1, 3.8, 12.15 ],
			"faces": {
				"down": { "uv": [ 0, 0, 1.2, 1 ], "texture": "#white_concrete" },
				"north": { "uv": [ 0, 0, 1.2, 1 ], "texture": "#white_concrete" },
				"south": { "uv": [ 0, 0, 1.2, 1 ], "texture": "#white_concrete" },
				"west": { "uv": [ 0, 0, 1, 1 ], "texture": "#white_concrete" },
				"east": { "uv": [ 0, 0, 1, 1 ], "texture": "#white_concrete" }
			}
		},
		{
			"from": [ 2, 4, 2 ],
			"to": [ 14, 18, 14 ],
			"faces": {
				"north": { "uv": [ 0, 0, 12, 14 ], "texture": "#red_concrete" },
				"south": { "uv": [ 0, 0, 12, 14 ], "texture": "#red_concrete" },
				"west": { "uv": [ 0, 0, 12, 14 ], "texture": "#red_concrete" },
				"east": { "uv": [ 0, 0, 12, 14 ], "texture": "#red_concrete" }
			}
		},
		{
			"from": [ 2.5, 4.5, 13.2 ],
			"to": [ 13.5, 17.5, 14.2 ],
			"faces": {
				"down": { "uv": [ 0, 0, 11, 1 ], "texture": "#light_gray_concrete" },
				"up": { "uv": [ 0, 0, 11, 1 ], "texture": "#light_gray_concrete" },
				"south": { "uv": [ 0, 0, 11, 13 ], "texture": "#light_gray_concrete" },
				"west": { "uv": [ 0, 0, 1, 13 ], "texture": "#light_gray_concrete" },
				"east": { "uv": [ 0, 0, 1, 13 ], "texture": "#light_gray_concrete" }
			}
		},
		{
			"from": [ 3, 4.7, 13.21 ],
			"to": [ 13, 7.7, 14.21 ],
			"faces": {
				"down": { "uv": [ 0, 0, 10, 1 ], "texture": "#red_concrete_powder" },
				"up": { "uv": [ 0, 0, 10, 1 ], "texture": "#red_concrete_powder" },
				"south": { "uv": [ 0, 0, 10, 3 ], "texture": "#red_concrete_powder" },
				"west": { "uv": [ 0, 0, 1, 3 ], "texture": "#red_concrete_powder" },
				"east": { "uv": [ 0, 0, 1, 3 ], "texture": "#red_concrete_powder" }
			}
		},
		{
			"from": [ 3, 8, 13.21 ],
			"to": [ 13, 11, 14.21 ],
			"faces": {
				"down": { "uv": [ 0, 0, 10, 1 ], "texture": "#red_concrete_powder" },
				"up": { "uv": [ 0, 0, 10, 1 ], "texture": "#red_concrete_powder" },
				"south": { "uv": [ 0, 0, 10, 3 ], "texture": "#red_concrete_powder" },
				"west": { "uv": [ 0, 0, 1, 3 ], "texture": "#red_concrete_powder" },
				"east": { "uv": [ 0, 0, 1, 3 ], "texture": "#red_concrete_powder" }
			}
		},
		{
			"from": [ 3, 11.2, 13.21 ],
			"to": [ 13, 13.2, 14.21 ],
			"faces": {
				"down": { "uv": [ 0, 0, 10, 1 ], "texture": "#red_concrete_powder" },
				"up": { "uv": [ 0, 0, 10, 1 ], "texture": "#red_concrete_powder" },
				"south": { "uv": [ 0, 0, 10, 2 ], "texture": "#red_concrete_powder" },
				"west": { "uv": [ 0, 0, 1, 2 ], "texture": "#red_concrete_powder" },
				"east": { "uv": [ 0, 0, 1, 2 ], "texture": "#red_concrete_powder" }
			}
		},
		{
			"from": [ 3, 13.4, 13.21 ],
			"to": [ 13, 15.4, 14.21 ],
			"faces": {
				"down": { "uv": [ 0, 0, 10, 1 ], "texture": "#red_concrete_powder" },
				"up": { "uv": [ 0, 0, 10, 1 ], "texture": "#red_concrete_powder" },
				"south": { "uv": [ 0, 0, 10, 2 ], "texture": "#red_concrete_powder" },
				"west": { "uv": [ 0, 0, 1, 2 ], "texture": "#red_concrete_powder" },
				"east": { "uv": [ 0, 0, 1, 2 ], "texture": "#red_concrete_powder" }
			}
		},
		{
			"from": [ 3, 15.6, 13.21 ],
			"to": [ 13, 17.2, 14.21 ],
			"faces": {
				"down": { "uv": [ 0, 0, 10, 1 ], "texture": "#red_concrete_powder" },
				"up": { "uv": [ 0, 0, 10, 1 ], "texture": "#red_concrete_powder" },
				"south": { "uv": [ 0, 0, 10, 1.6 ], "texture": "#red_concrete_powder" },
				"west": { "uv": [ 0, 0, 1, 1.6 ], "texture": "#red_concrete_powder" },
				"east": { "uv": [ 0, 0, 1, 1.6 ], "texture": "#red_concrete_powder" }
			}
		},
		{
			"from": [ 6, 6, 15 ],
			"to": [ 10, 6.5, 15.5 ],
			"faces": {
				"down": { "uv": [ 0, 0, 4, 0.5 ], "texture": "#light_gray_concrete" },
				"up": { "uv": [ 0, 0, 4, 0.5 ], "texture": "#light_gray_concrete" },
				"north": { "uv": [ 0, 0, 4, 0.5 ], "texture": "#light_gray_concrete" },
				"south": { "uv": [ 0, 0, 4, 0.5 ], "texture": "#light_gray_concrete" },
				"west": { "uv": [ 0, 0, 0.5, 0.5 ], "texture": "#light_gray_concrete" },
				"east": { "uv": [ 0, 0, 0.5, 0.5 ], "texture": "#light_gray_concrete" }
			}
		},
		{
			"from": [ 6, 6, 13.5 ],
			"to": [ 6.5, 6.5, 15 ],
			"faces": {
				"down": { "uv": [ 0, 0, 0.5, 1.5 ], "texture": "#light_gray_concrete" },
				"up": { "uv": [ 0, 0, 0.5, 1.5 ], "texture": "#light_gray_concrete" },
				"west": { "uv": [ 0, 0, 1.5, 0.5 ], "texture": "#light_gray_concrete" },
				"east": { "uv": [ 0, 0, 1.5, 0.5 ], "texture": "#light_gray_concrete" }
			}
		},
		{
			"from": [ 9.5, 6, 13.5 ],
			"to": [ 10, 6.5, 15 ],
			"faces": {
				"down": { "uv": [ 0, 0, 0.5, 1.5 ], "texture": "#light_gray_concrete" },
				"up": { "uv": [ 0, 0, 0.5, 1.5 ], "texture": "#light_gray_concrete" },
				"west": { "uv": [ 0, 0, 1.5, 0.5 ], "texture": "#light_gray_concrete" },
				"east": { "uv": [ 0, 0, 1.5, 0.5 ], "texture": "#light_gray_concrete" }
			}
		},
		{
			"from": [ 9.5, 9, 13.5 ],
			"to": [ 10, 9.5, 15 ],
			"faces": {
				"down": { "uv": [ 0, 0, 0.5, 1.5 ], "texture": "#light_gray_concrete" },
				"up": { "uv": [ 0, 0, 0.5, 1.5 ], "texture": "#light_gray_concrete" },
				"west": { "uv": [ 0, 0, 1.5, 0.5 ], "texture": "#light_gray_concrete" },
				"east": { "uv": [ 0, 0, 1.5, 0.5 ], "texture": "#light_gray_concrete" }
			}
		},
		{
			"from": [ 6, 9, 15 ],
			"to": [ 10, 9.5, 15.5 ],
			"faces": {
				"down": { "uv": [ 0, 0, 4, 0.5 ], "texture": "#light_gray_concrete" },
				"up": { "uv": [ 0, 0, 4, 0.5 ], "texture": "#light_gray_concrete" },
				"north": { "uv": [ 0, 0, 4, 0.5 ], "texture": "#light_gray_concrete" },
				"south": { "uv": [ 0, 0, 4, 0.5 ], "texture": "#light_gray_concrete" },
				"west": { "uv": [ 0, 0, 0.5, 0.5 ], "texture": "#light_gray_concrete" },
				"east": { "uv": [ 0, 0, 0.5, 0.5 ], "texture": "#light_gray_concrete" }
			}
		},
		{
			"from": [ 6, 9, 13.5 ],
			"to": [ 6.5, 9.5, 15 ],
			"faces": {
				"down": { "uv": [ 0, 0, 0.5, 1.5 ], "texture": "#light_gray_concrete" },
				"up": { "uv": [ 0, 0, 0.5, 1.5 ], "texture": "#light_gray_concrete" },
				"west": { "uv": [ 0, 0, 1.5, 0.5 ], "texture": "#light_gray_concrete" },
				"east": { "uv": [ 0, 0, 1.5, 0.5 ], "texture": "#light_gray_concrete" }
			}
		},
		{
			"from": [ 6, 12, 13.5 ],
			"to": [ 6.5, 12.5, 15 ],
			"faces": {
				"down": { "uv": [ 0, 0, 0.5, 1.5 ], "texture": "#light_gray_concrete" },
				"up": { "uv": [ 0, 0, 0.5, 1.5 ], "texture": "#light_gray_concrete" },
				"west": { "uv": [ 0, 0, 1.5, 0.5 ], "texture": "#light_gray_concrete" },
				"east": { "uv": [ 0, 0, 1.5, 0.5 ], "texture": "#light_gray_concrete" }
			}
		},
		{
			"from": [ 6, 12, 15 ],
			"to": [ 10, 12.5, 15.5 ],
			"faces": {
				"down": { "uv": [ 0, 0, 4, 0.5 ], "texture": "#light_gray_concrete" },
				"up": { "uv": [ 0, 0, 4, 0.5 ], "texture": "#light_gray_concrete" },
				"north": { "uv": [ 0, 0, 4, 0.5 ], "texture": "#light_gray_concrete" },
				"south": { "uv": [ 0, 0, 4, 0.5 ], "texture": "#light_gray_concrete" },
				"west": { "uv": [ 0, 0, 0.5, 0.5 ], "texture": "#light_gray_concrete" },
				"east": { "uv": [ 0, 0, 0.5, 0.5 ], "texture": "#light_gray_concrete" }
			}
		},
		{
			"from": [ 9.5, 12, 13.5 ],
			"to": [ 10, 12.5, 15 ],
			"faces": {
				"down": { "uv": [ 0, 0, 0.5, 1.5 ], "texture": "#light_gray_concrete" },
				"up": { "uv": [ 0, 0, 0.5, 1.5 ], "texture": "#light_gray_concrete" },
				"west": { "uv": [ 0, 0, 1.5, 0.5 ], "texture": "#light_gray_concrete" },
				"east": { "uv": [ 0, 0, 1.5, 0.5 ], "texture": "#light_gray_concrete" }
			}
		},
		{
			"from": [ 9.5, 14, 13.5 ],
			"to": [ 10, 14.5, 15 ],
			"faces": {
				"down": { "uv": [ 0, 0, 0.5, 1.5 ], "texture": "#light_gray_concrete" },
				"up": { "uv": [ 0, 0, 0.5, 1.5 ], "texture": "#light_gray_concrete" },
				"west": { "uv": [ 0, 0, 1.5, 0.5 ], "texture": "#light_gray_concrete" },
				"east": { "uv": [ 0, 0, 1.5, 0.5 ], "texture": "#light_gray_concrete" }
			}
		},
		{
			"from": [ 6, 14, 15 ],
			"to": [ 10, 14.5, 15.5 ],
			"faces": {
				"down": { "uv": [ 0, 0, 4, 0.5 ], "texture": "#light_gray_concrete" },
				"up": { "uv": [ 0, 0, 4, 0.5 ], "texture": "#light_gray_concrete" },
				"north": { "uv": [ 0, 0, 4, 0.5 ], "texture": "#light_gray_concrete" },
				"south": { "uv": [ 0, 0, 4, 0.5 ], "texture": "#light_gray_concrete" },
				"west": { "uv": [ 0, 0, 0.5, 0.5 ], "texture": "#light_gray_concrete" },
				"east": { "uv": [ 0, 0, 0.5, 0.5 ], "texture": "#light_gray_concrete" }
			}
		},
		{
			"from": [ 6, 14, 13.5 ],
			"to": [ 6.5, 14.5, 15 ],
			"faces": {
				"down": { "uv": [ 0, 0, 0.5, 1.5 ], "texture": "#light_gray_concrete" },
				"up": { "uv": [ 0, 0, 0.5, 1.5 ], "texture": "#light_gray_concrete" },
				"west": { "uv": [ 0, 0, 1.5, 0.5 ], "texture": "#light_gray_concrete" },
				"east": { "uv": [ 0, 0, 1.5, 0.5 ], "texture": "#light_gray_concrete" }
			}
		},
		{
			"from": [ 6, 16, 13.5 ],
			"to": [ 6.5, 16.5, 15 ],
			"faces": {
				"down": { "uv": [ 0, 0, 0.5, 1.5 ], "texture": "#light_gray_concrete" },
				"up": { "uv": [ 0, 0, 0.5, 1.5 ], "texture": "#light_gray_concrete" },
				"west": { "uv": [ 0, 0, 1.5, 0.5 ], "texture": "#light_gray_concrete" },
				"east": { "uv": [ 0, 0, 1.5, 0.5 ], "texture": "#light_gray_concrete" }
			}
		},
		{
			"from": [ 9.5, 16, 13.5 ],
			"to": [ 10, 16.5, 15 ],
			"faces": {
				"down": { "uv": [ 0, 0, 0.5, 1.5 ], "texture": "#light_gray_concrete" },
				"up": { "uv": [ 0, 0, 0.5, 1.5 ], "texture": "#light_gray_concrete" },
				"west": { "uv": [ 0, 0, 1.5, 0.5 ], "texture": "#light_gray_concrete" },
				"east": { "uv": [ 0, 0, 1.5, 0.5 ], "texture": "#light_gray_concrete" }
			}
		},
		{
			"from": [ 6, 16, 15 ],
			"to": [ 10, 16.5, 15.5 ],
			"faces": {
				"down": { "uv": [ 0, 0, 4, 0.5 ], "texture": "#light_gray_concrete" },
				"up": { "uv": [ 0, 0, 4, 0.5 ], "texture": "#light_gray_concrete" },
				"north": { "uv": [ 0, 0, 4, 0.5 ], "texture": "#light_gray_concrete" },
				"south": { "uv": [ 0, 0, 4, 0.5 ], "texture": "#light_gray_concrete" },
				"west": { "uv": [ 0, 0, 0.5, 0.5 ], "texture": "#light_gray_concrete" },
				"east": { "uv": [ 0, 0, 0.5, 0.5 ], "texture": "#light_gray_concrete" }
			}
		},
		{
			"from": [ 11.5, 16, 13.8 ],
			"to": [ 12.5, 17, 14.3 ],
			"faces": {
				"down": { "uv": [ 0, 0, 1, 0.5 ], "texture": "#white_concrete" },
				"up": { "uv": [ 0, 0, 1, 0.5 ], "texture": "#white_concrete" },
				"south": { "uv": [ 0, 0, 1, 1 ], "texture": "#white_concrete" },
				"west": { "uv": [ 0, 0, 0.5, 1 ], "texture": "#white_concrete" },
				"east": { "uv": [ 0, 0, 0.5, 1 ], "texture": "#white_concrete" }
			}
		},
		{
			"from": [ 11.5, 14, 13.8 ],
			"to": [ 12.5, 15, 14.3 ],
			"faces": {
				"down": { "uv": [ 0, 0, 1, 0.5 ], "texture": "#white_concrete" },
				"up": { "uv": [ 0, 0, 1, 0.5 ], "texture": "#white_concrete" },
				"south": { "uv": [ 0, 0, 1, 1 ], "texture": "#white_concrete" },
				"west": { "uv": [ 0, 0, 0.5, 1 ], "texture": "#white_concrete" },
				"east": { "uv": [ 0, 0, 0.5, 1 ], "texture": "#white_concrete" }
			}
		},
		{
			"from": [ 11.5, 11.8, 13.8 ],
			"to": [ 12.5, 12.8, 14.3 ],
			"faces": {
				"down": { "uv": [ 0, 0, 1, 0.5 ], "texture": "#white_concrete" },
				"up": { "uv": [ 0, 0, 1, 0.5 ], "texture": "#white_concrete" },
				"south": { "uv": [ 0, 0, 1, 1 ], "texture": "#white_concrete" },
				"west": { "uv": [ 0, 0, 0.5, 1 ], "texture": "#white_concrete" },
				"east": { "uv": [ 0, 0, 0.5, 1 ], "texture": "#white_concrete" }
			}
		},
		{
			"from": [ 11.5, 8.8, 13.8 ],
			"to": [ 12.5, 9.8, 14.3 ],
			"faces": {
				"down": { "uv": [ 0, 0, 1, 0.5 ], "texture": "#white_concrete" },
				"up": { "uv": [ 0, 0, 1, 0.5 ], "texture": "#white_concrete" },
				"south": { "uv": [ 0, 0, 1, 1 ], "texture": "#white_concrete" },
				"west": { "uv": [ 0, 0, 0.5, 1 ], "texture": "#white_concrete" },
				"east": { "uv": [ 0, 0, 0.5, 1 ], "texture": "#white_concrete" }
			}
		},
		{
			"from": [ 11.5, 5.8, 13.8 ],
			"to": [ 12.5, 6.8, 14.3 ],
			"faces": {
				"down": { "uv": [ 0, 0, 1, 0.5 ], "texture": "#white_concrete" },
				"up": { "uv": [ 0, 0, 1, 0.5 ], "texture": "#white_concrete" },
				"south": { "uv": [ 0, 0, 1, 1 ], "texture": "#white_concrete" },
				"west": { "uv": [ 0, 0, 0.5, 1 ], "texture": "#white_concrete" },
				"east": { "uv": [ 0, 0, 0.5, 1 ], "texture": "#white_concrete" }
			}
		},
		{
			"from": [ 1.5, 18, 1.5 ],
			"to": [ 14.5, 18.5, 14.5 ],
			"faces": {
				"down": { "uv": [ 0, 0, 13, 13 ], "texture": "#white_concrete" },
				"up": { "uv": [ 0, 0, 13, 13 ], "texture": "#white_concrete" },
				"north": { "uv": [ 0, 0, 13, 0.5 ], "texture": "#white_concrete" },
				"south": { "uv": [ 0, 0, 13, 0.5 ], "texture": "#white_concrete" },
				"west": { "uv": [ 0, 0, 13, 0.5 ], "texture": "#white_concrete" },
				"east": { "uv": [ 0, 0, 13, 0.5 ], "texture": "#white_concrete" }
			}
		},
		{
			"from": [ 7.5, 18.5, 3.5 ],
			"to": [ 13.5, 21.5, 6.5 ],
			"faces": {
				"up": { "uv": [ 0, 0, 6, 3 ], "texture": "#white_terracotta" },
				"north": { "uv": [ 0, 0, 6, 3 ], "texture": "#white_terracotta" },
				"south": { "uv": [ 0, 0, 6, 3 ], "texture": "#white_terracotta" },
				"west": { "uv": [ 0, 0, 3, 3 ], "texture": "#white_terracotta" },
				"east": { "uv": [ 0, 0, 3, 3 ], "texture": "#white_terracotta" }
			}
		},
		{
			"from": [ 8, 19, 6.2 ],
			"to": [ 11, 21, 6.7 ],
			"faces": {
				"down": { "uv": [ 0, 0, 3, 0.5 ], "texture": "#black_concrete" },
				"up": { "uv": [ 0, 0, 3, 0.5 ], "texture": "#black_concrete" },
				"south": { "uv": [ 0, 0, 3, 2 ], "texture": "#black_concrete" },
				"west": { "uv": [ 0, 0, 0.5, 2 ], "texture": "#black_concrete" },
				"east": { "uv": [ 0, 0, 0.5, 2 ], "texture": "#black_concrete" }
			}
		},
		{
			"from": [ 12, 19, 6.2 ],
			"to": [ 13, 19.4, 6.7 ],
			"faces": {
				"down": { "uv": [ 0, 0, 1, 0.5 ], "texture": "#red_concrete_powder" },
				"up": { "uv": [ 0, 0, 1, 0.5 ], "texture": "#red_concrete_powder" },
				"south": { "uv": [ 0, 0, 1, 0.3999996 ], "texture": "#red_concrete_powder" },
				"west": { "uv": [ 0, 0, 0.5, 0.3999996 ], "texture": "#red_concrete_powder" },
				"east": { "uv": [ 0, 0, 0.5, 0.3999996 ], "texture": "#red_concrete_powder" }
			}
		},
		{
			"from": [ 12, 19.75, 6.2 ],
			"to": [ 13, 20.15, 6.7 ],
			"faces": {
				"down": { "uv": [ 0, 0, 1, 0.5 ], "texture": "#red_concrete_powder" },
				"up": { "uv": [ 0, 0, 1, 0.5 ], "texture": "#red_concrete_powder" },
				"south": { "uv": [ 0, 0, 1, 0.3999996 ], "texture": "#red_concrete_powder" },
				"west": { "uv": [ 0, 0, 0.5, 0.3999996 ], "texture": "#red_concrete_powder" },
				"east": { "uv": [ 0, 0, 0.5, 0.3999996 ], "texture": "#red_concrete_powder" }
			}
		},
		{
			"from": [ 12, 20.5, 6.2 ],
			"to": [ 13, 20.9, 6.7 ],
			"faces": {
				"down": { "uv": [ 0, 0, 1, 0.5 ], "texture": "#red_concrete_powder" },
				"up": { "uv": [ 0, 0, 1, 0.5 ], "texture": "#red_concrete_powder" },
				"south": { "uv": [ 0, 0, 1, 0.3999996 ], "texture": "#red_concrete_powder" },
				"west": { "uv": [ 0, 0, 0.5, 0.3999996 ], "texture": "#red_concrete_powder" },
				"east": { "uv": [ 0, 0, 0.5, 0.3999996 ], "texture": "#red_concrete_powder" }
			}
		},
		{
			"from": [ 2.5, 18.5, 4 ],
			"to": [ 6.5, 19.25, 6 ],
			"faces": {
				"north": { "uv": [ 0, 0, 4, 0.75 ], "texture": "#red_concrete" },
				"south": { "uv": [ 0, 0, 4, 0.75 ], "texture": "#red_concrete" },
				"west": { "uv": [ 0, 0, 2, 0.75 ], "texture": "#red_concrete" },
				"east": { "uv": [ 0, 0, 2, 0.75 ], "texture": "#red_concrete" }
			}
		},
		{
			"from": [ 2.5, 19.25, 4 ],
			"to": [ 6.5, 19.5, 6 ],
			"faces": {
				"north": { "uv": [ 0, 0, 4, 0.25 ], "texture": "#black_concrete" },
				"south": { "uv": [ 0, 0, 4, 0.25 ], "texture": "#black_concrete" },
				"west": { "uv": [ 0, 0, 2, 0.25 ], "texture": "#black_concrete" },
				"east": { "uv": [ 0, 0, 2, 0.25 ], "texture": "#black_concrete" }
			}
		},
		{
			"from": [ 2.5, 19.5, 4 ],
			"to": [ 6.5, 20.25, 6 ],
			"faces": {
				"up": { "uv": [ 0, 0, 4, 2 ], "texture": "#red_concrete" },
				"north": { "uv": [ 0, 0, 4, 0.75 ], "texture": "#red_concrete" },
				"south": { "uv": [ 0, 0, 4, 0.75 ], "texture": "#red_concrete" },
				"west": { "uv": [ 0, 0, 2, 0.75 ], "texture": "#red_concrete" },
				"east": { "uv": [ 0, 0, 2, 0.75 ], "texture": "#red_concrete" }
			}
		},
		{
			"from": [ 4.3, 19.2, 5.1 ],
			"to": [ 4.699999, 19.6, 6.1 ],
			"faces": {
				"down": { "uv": [ 0, 0, 0.4, 1 ], "texture": "#black_concrete" },
				"up": { "uv": [ 0, 0, 0.4, 1 ], "texture": "#black_concrete" },
				"north": { "uv": [ 0, 0, 0.4, 0.3999996 ], "texture": "#black_concrete" },
				"south": { "uv": [ 0, 0, 0.4, 0.3999996 ], "texture": "#black_concrete" },
				"west": { "uv": [ 0, 0, 1, 0.3999996 ], "texture": "#black_concrete" },
				"east": { "uv": [ 0, 0, 1, 0.3999996 ], "texture": "#black_concrete" }
			}
		},
		{
			"from": [ 3.8, 20.2, 5.1 ],
			"to": [ 5.2, 20.5, 5.3 ],
			"faces": {
				"up": { "uv": [ 0, 0, 1.4, 0.1999998 ], "texture": "#black_concrete" },
				"north": { "uv": [ 0, 0, 1.4, 0.3000002 ], "texture": "#black_concrete" },
				"south": { "uv": [ 0, 0, 1.4, 0.3000002 ], "texture": "#black_concrete" },
				"west": { "uv": [ 0, 0, 0.2, 0.3000002 ], "texture": "#black_concrete" },
				"east": { "uv": [ 0, 0, 0.2, 0.3000002 ], "texture": "#black_concrete" }
			}
		}
	],
	"display": {
		"gui": {
			"rotation":  [ 30, 45, 0 ],
			"scale":  [ 0.625, 0.625, 0.625 ]
		},
		"head": {
			"rotation":  [ 0, 180, 0 ],
			"translation":  [ 0, -30, 0 ],
			"scale":  [ 2, 2, 2 ]
		},
		"ground": {
			"translation":  [ 0, 3, 0 ],
			"scale":  [ 0.25, 0.25, 0.25 ]
		},
		"fixed": {
			"rotation":  [ 0, 180, 0 ],
			"translation":  [ 0, 3, -15 ],
			"scale":  [ 3, 3, 3 ]
		}
	}
}