{
	"__comment": "Model generated using MrCrayfish's Model Creator (https://mrcrayfish.com/tools?id=mc)",
	"textures": {
		"cyan_concrete": "block/cyan_concrete",
		"black_concrete_powder": "block/black_concrete_powder",
		"black_concrete": "block/black_concrete",
		"light_gray_concrete": "block/light_gray_concrete"
	},
	"elements": [
		{
			"from": [ 6, 8, 7 ],
			"to": [ 10, 9, 9 ],
			"faces": {
				"down": { "uv": [ 0, 0, 4, 2 ], "texture": "#black_concrete" },
				"up": { "uv": [ 0, 0, 4, 2 ], "texture": "#black_concrete" },
				"north": { "uv": [ 0, 0, 4, 1 ], "texture": "#black_concrete" },
				"south": { "uv": [ 0, 0, 4, 1 ], "texture": "#black_concrete" },
				"west": { "uv": [ 0, 0, 2, 1 ], "texture": "#black_concrete" },
				"east": { "uv": [ 0, 0, 2, 1 ], "texture": "#black_concrete" }
			}
		},
		{
			"from": [ 3.5, 8.682, 7 ],
			"to": [ 6.53, 9.682, 9 ],
			"rotation": { "origin": [ 8, 8, 8 ], "axis": "z", "angle": 22.5 },
			"faces": {
				"down": { "uv": [ 0, 0, 3.03, 2 ], "texture": "#black_concrete" },
				"up": { "uv": [ 0, 0, 3.03, 2 ], "texture": "#black_concrete" },
				"north": { "uv": [ 0, 0, 3.03, 1 ], "texture": "#black_concrete" },
				"south": { "uv": [ 0, 0, 3.03, 1 ], "texture": "#black_concrete" },
				"west": { "uv": [ 0, 0, 2, 1 ], "texture": "#black_concrete" },
				"east": { "uv": [ 0, 0, 2, 1 ], "texture": "#black_concrete" }
			}
		},
		{
			"from": [ 3.5, 8.7, 7 ],
			"to": [ 6.5, 9.7, 9 ],
			"rotation": { "origin": [ 5, -7, 6 ], "axis": "z", "angle": -22.5 },
			"faces": {
				"down": { "uv": [ 0, 0, 3, 2 ], "texture": "#black_concrete" },
				"up": { "uv": [ 0, 0, 3, 2 ], "texture": "#black_concrete" },
				"north": { "uv": [ 0, 0, 3, 1 ], "texture": "#black_concrete" },
				"south": { "uv": [ 0, 0, 3, 1 ], "texture": "#black_concrete" },
				"west": { "uv": [ 0, 0, 2, 1 ], "texture": "#black_concrete" },
				"east": { "uv": [ 0, 0, 2, 1 ], "texture": "#black_concrete" }
			}
		},
		{
			"from": [ 1.45, 10.28, 7 ],
			"to": [ 4.48, 11.28, 9 ],
			"rotation": { "origin": [ 8, 8, 8 ], "axis": "z", "angle": 45 },
			"faces": {
				"down": { "uv": [ 0, 0, 3.03, 2 ], "texture": "#black_concrete" },
				"up": { "uv": [ 0, 0, 3.03, 2 ], "texture": "#black_concrete" },
				"north": { "uv": [ 0, 0, 3.03, 1 ], "texture": "#black_concrete" },
				"south": { "uv": [ 0, 0, 3.03, 1 ], "texture": "#black_concrete" },
				"west": { "uv": [ 0, 0, 2, 1 ], "texture": "#black_concrete" },
				"east": { "uv": [ 0, 0, 2, 1 ], "texture": "#black_concrete" }
			}
		},
		{
			"from": [ 1.45, 10.28, 7 ],
			"to": [ 4.48, 11.28, 9 ],
			"rotation": { "origin": [ 3, -4, 8 ], "axis": "z", "angle": -45 },
			"faces": {
				"down": { "uv": [ 0, 0, 3.03, 2 ], "texture": "#black_concrete" },
				"up": { "uv": [ 0, 0, 3.03, 2 ], "texture": "#black_concrete" },
				"north": { "uv": [ 0, 0, 3.03, 1 ], "texture": "#black_concrete" },
				"south": { "uv": [ 0, 0, 3.03, 1 ], "texture": "#black_concrete" },
				"west": { "uv": [ 0, 0, 2, 1 ], "texture": "#black_concrete" },
				"east": { "uv": [ 0, 0, 2, 1 ], "texture": "#black_concrete" }
			}
		},
		{
			"from": [ 1.05, 3, 7.01 ],
			"to": [ 2.05, 5.68, 7.76 ],
			"faces": {
				"down": { "uv": [ 0, 0, 1, 0.75 ], "texture": "#light_gray_concrete" },
				"up": { "uv": [ 0, 0, 1, 0.75 ], "texture": "#light_gray_concrete" },
				"north": { "uv": [ 0, 0, 1, 2.68 ], "texture": "#light_gray_concrete" },
				"south": { "uv": [ 0, 0, 1, 2.68 ], "texture": "#light_gray_concrete" },
				"west": { "uv": [ 0, 0, 0.75, 2.68 ], "texture": "#light_gray_concrete" },
				"east": { "uv": [ 0, 0, 0.75, 2.68 ], "texture": "#light_gray_concrete" }
			}
		},
		{
			"from": [ 13.85, 3, 7.01 ],
			"to": [ 14.85, 5.76, 7.76 ],
			"faces": {
				"down": { "uv": [ 0, 0, 1, 0.75 ], "texture": "#light_gray_concrete" },
				"up": { "uv": [ 0, 0, 1, 0.75 ], "texture": "#light_gray_concrete" },
				"north": { "uv": [ 0, 0, 1, 2.76 ], "texture": "#light_gray_concrete" },
				"south": { "uv": [ 0, 0, 1, 2.76 ], "texture": "#light_gray_concrete" },
				"west": { "uv": [ 0, 0, 0.75, 2.76 ], "texture": "#light_gray_concrete" },
				"east": { "uv": [ 0, 0, 0.75, 2.76 ], "texture": "#light_gray_concrete" }
			}
		},
		{
			"from": [ 13.35, -1.5, 7 ],
			"to": [ 14.35, 3, 9 ],
			"faces": {
				"down": { "uv": [ 0, 0, 1, 2 ], "texture": "#cyan_concrete" },
				"up": { "uv": [ 0, 0, 1, 2 ], "texture": "#cyan_concrete" },
				"north": { "uv": [ 0, 0, 1, 4.5 ], "texture": "#cyan_concrete" },
				"south": { "uv": [ 0, 0, 1, 4.5 ], "texture": "#cyan_concrete" },
				"west": { "uv": [ 0, 0, 2, 4.5 ], "texture": "#cyan_concrete" },
				"east": { "uv": [ 0, 0, 2, 4.5 ], "texture": "#cyan_concrete" }
			}
		},
		{
			"from": [ 1.55, -1.5, 7 ],
			"to": [ 2.55, 3, 9 ],
			"faces": {
				"down": { "uv": [ 0, 0, 1, 2 ], "texture": "#cyan_concrete" },
				"up": { "uv": [ 0, 0, 1, 2 ], "texture": "#cyan_concrete" },
				"north": { "uv": [ 0, 0, 1, 4.5 ], "texture": "#cyan_concrete" },
				"south": { "uv": [ 0, 0, 1, 4.5 ], "texture": "#cyan_concrete" },
				"west": { "uv": [ 0, 0, 2, 4.5 ], "texture": "#cyan_concrete" },
				"east": { "uv": [ 0, 0, 2, 4.5 ], "texture": "#cyan_concrete" }
			}
		},
		{
			"from": [ 1.55, -1, 6.5 ],
			"to": [ 2.55, 2.5, 9.5 ],
			"faces": {
				"down": { "uv": [ 0, 0, 1, 3 ], "texture": "#cyan_concrete" },
				"up": { "uv": [ 0, 0, 1, 3 ], "texture": "#cyan_concrete" },
				"north": { "uv": [ 0, 0, 1, 3.5 ], "texture": "#cyan_concrete" },
				"south": { "uv": [ 0, 0, 1, 3.5 ], "texture": "#cyan_concrete" },
				"west": { "uv": [ 0, 0, 3, 3.5 ], "texture": "#cyan_concrete" },
				"east": { "uv": [ 0, 0, 3, 3.5 ], "texture": "#cyan_concrete" }
			}
		},
		{
			"from": [ 13.35, -1, 6.5 ],
			"to": [ 14.35, 2.5, 9.5 ],
			"faces": {
				"down": { "uv": [ 0, 0, 1, 3 ], "texture": "#cyan_concrete" },
				"up": { "uv": [ 0, 0, 1, 3 ], "texture": "#cyan_concrete" },
				"north": { "uv": [ 0, 0, 1, 3.5 ], "texture": "#cyan_concrete" },
				"south": { "uv": [ 0, 0, 1, 3.5 ], "texture": "#cyan_concrete" },
				"west": { "uv": [ 0, 0, 3, 3.5 ], "texture": "#cyan_concrete" },
				"east": { "uv": [ 0, 0, 3, 3.5 ], "texture": "#cyan_concrete" }
			}
		},
		{
			"from": [ 14.35, -1, 7 ],
			"to": [ 14.85, 2, 9 ],
			"faces": {
				"down": { "uv": [ 0, 0, 0.5, 2 ], "texture": "#cyan_concrete" },
				"up": { "uv": [ 0, 0, 0.5, 2 ], "texture": "#cyan_concrete" },
				"north": { "uv": [ 0, 0, 0.5, 3 ], "texture": "#cyan_concrete" },
				"south": { "uv": [ 0, 0, 0.5, 3 ], "texture": "#cyan_concrete" },
				"east": { "uv": [ 0, 0, 2, 3 ], "texture": "#cyan_concrete" }
			}
		},
		{
			"from": [ 1.05, -1, 7 ],
			"to": [ 1.55, 2, 9 ],
			"faces": {
				"down": { "uv": [ 0, 0, 0.5, 2 ], "texture": "#cyan_concrete" },
				"up": { "uv": [ 0, 0, 0.5, 2 ], "texture": "#cyan_concrete" },
				"north": { "uv": [ 0, 0, 0.5, 3 ], "texture": "#cyan_concrete" },
				"south": { "uv": [ 0, 0, 0.5, 3 ], "texture": "#cyan_concrete" },
				"west": { "uv": [ 0, 0, 2, 3 ], "texture": "#cyan_concrete" }
			}
		},
		{
			"from": [ 1.05, 0, 8 ],
			"to": [ 1.55, 0.5, 11 ],
			"rotation": { "origin": [ 3, -4, 8 ], "axis": "y", "angle": 22.5 },
			"faces": {
				"down": { "uv": [ 0, 0, 0.5, 3 ], "texture": "#black_concrete" },
				"up": { "uv": [ 0, 0, 0.5, 3 ], "texture": "#black_concrete" },
				"north": { "uv": [ 0, 0, 0.5, 0.5 ], "texture": "#black_concrete" },
				"south": { "uv": [ 0, 0, 0.5, 0.5 ], "texture": "#black_concrete" },
				"west": { "uv": [ 0, 0, 3, 0.5 ], "texture": "#black_concrete" },
				"east": { "uv": [ 0, 0, 3, 0.5 ], "texture": "#black_concrete" }
			}
		},
		{
			"from": [ 0.05, 0, 10 ],
			"to": [ 0.55, 0.5, 13 ],
			"rotation": { "origin": [ 3, -4, 8 ], "axis": "y", "angle": 45 },
			"faces": {
				"down": { "uv": [ 0, 0, 0.5, 3 ], "texture": "#black_concrete" },
				"up": { "uv": [ 0, 0, 0.5, 3 ], "texture": "#black_concrete" },
				"north": { "uv": [ 0, 0, 0.5, 0.5 ], "texture": "#black_concrete" },
				"south": { "uv": [ 0, 0, 0.5, 0.5 ], "texture": "#black_concrete" },
				"west": { "uv": [ 0, 0, 3, 0.5 ], "texture": "#black_concrete" },
				"east": { "uv": [ 0, 0, 3, 0.5 ], "texture": "#black_concrete" }
			}
		},
		{
			"from": [ -0.2, -0.25, 12 ],
			"to": [ 0.8, 0.75, 13.5 ],
			"rotation": { "origin": [ 3, -4, 8 ], "axis": "y", "angle": 45 },
			"faces": {
				"down": { "uv": [ 0, 0, 1, 1.5 ], "texture": "#black_concrete_powder" },
				"up": { "uv": [ 0, 0, 1, 1.5 ], "texture": "#black_concrete_powder" },
				"north": { "uv": [ 0, 0, 1, 1 ], "texture": "#black_concrete_powder" },
				"south": { "uv": [ 0, 0, 1, 1 ], "texture": "#black_concrete_powder" },
				"west": { "uv": [ 0, 0, 1.5, 1 ], "texture": "#black_concrete_powder" },
				"east": { "uv": [ 0, 0, 1.5, 1 ], "texture": "#black_concrete_powder" }
			}
		},
		{
			"from": [ 2.5, 0, 7.75 ],
			"to": [ 3, 2, 8.25 ],
			"rotation": { "origin": [ 3, -4, 8 ], "axis": "z", "angle": 22.5 },
			"faces": {
				"down": { "uv": [ 0, 0, 0.5, 0.5 ], "texture": "#black_concrete_powder" },
				"up": { "uv": [ 0, 0, 0.5, 0.5 ], "texture": "#black_concrete_powder" },
				"north": { "uv": [ 0, 0, 0.5, 2 ], "texture": "#black_concrete_powder" },
				"south": { "uv": [ 0, 0, 0.5, 2 ], "texture": "#black_concrete_powder" },
				"west": { "uv": [ 0, 0, 0.5, 2 ], "texture": "#black_concrete_powder" },
				"east": { "uv": [ 0, 0, 0.5, 2 ], "texture": "#black_concrete_powder" }
			}
		},
		{
			"from": [ -1.6, -0.09999999, 7.75 ],
			"to": [ -1.1, 1.9, 8.25 ],
			"rotation": { "origin": [ 3, -4, 8 ], "axis": "z", "angle": -22.5 },
			"faces": {
				"down": { "uv": [ 0, 0, 0.5, 0.5 ], "texture": "#black_concrete_powder" },
				"up": { "uv": [ 0, 0, 0.5, 0.5 ], "texture": "#black_concrete_powder" },
				"north": { "uv": [ 0, 0, 0.5, 2 ], "texture": "#black_concrete_powder" },
				"south": { "uv": [ 0, 0, 0.5, 2 ], "texture": "#black_concrete_powder" },
				"west": { "uv": [ 0, 0, 0.5, 2 ], "texture": "#black_concrete_powder" },
				"east": { "uv": [ 0, 0, 0.5, 2 ], "texture": "#black_concrete_powder" }
			}
		},
		{
			"from": [ 13, -1, 6.5 ],
			"to": [ 13.35, 2.5, 7.25 ],
			"faces": {
				"down": { "uv": [ 0, 0, 0.35, 0.75 ], "texture": "#black_concrete_powder" },
				"up": { "uv": [ 0, 0, 0.35, 0.75 ], "texture": "#black_concrete_powder" },
				"north": { "uv": [ 0, 0, 0.35, 3.5 ], "texture": "#black_concrete_powder" },
				"south": { "uv": [ 0, 0, 0.35, 3.5 ], "texture": "#black_concrete_powder" },
				"west": { "uv": [ 0, 0, 0.75, 3.5 ], "texture": "#black_concrete_powder" }
			}
		},
		{
			"from": [ 13, -1, 8.75 ],
			"to": [ 13.35, 2.5, 9.5 ],
			"faces": {
				"down": { "uv": [ 0, 0, 0.35, 0.75 ], "texture": "#black_concrete_powder" },
				"up": { "uv": [ 0, 0, 0.35, 0.75 ], "texture": "#black_concrete_powder" },
				"north": { "uv": [ 0, 0, 0.35, 3.5 ], "texture": "#black_concrete_powder" },
				"south": { "uv": [ 0, 0, 0.35, 3.5 ], "texture": "#black_concrete_powder" },
				"west": { "uv": [ 0, 0, 0.75, 3.5 ], "texture": "#black_concrete_powder" }
			}
		},
		{
			"from": [ 13, -1.5, 7 ],
			"to": [ 13.35, -1, 9 ],
			"faces": {
				"down": { "uv": [ 0, 0, 0.35, 2 ], "texture": "#black_concrete_powder" },
				"up": { "uv": [ 0, 0, 0.35, 2 ], "texture": "#black_concrete_powder" },
				"north": { "uv": [ 0, 0, 0.35, 0.5 ], "texture": "#black_concrete_powder" },
				"south": { "uv": [ 0, 0, 0.35, 0.5 ], "texture": "#black_concrete_powder" },
				"west": { "uv": [ 0, 0, 2, 0.5 ], "texture": "#black_concrete_powder" }
			}
		},
		{
			"from": [ 13, 2.5, 7 ],
			"to": [ 13.35, 3, 9 ],
			"faces": {
				"down": { "uv": [ 0, 0, 0.35, 2 ], "texture": "#black_concrete_powder" },
				"up": { "uv": [ 0, 0, 0.35, 2 ], "texture": "#black_concrete_powder" },
				"north": { "uv": [ 0, 0, 0.35, 0.5 ], "texture": "#black_concrete_powder" },
				"south": { "uv": [ 0, 0, 0.35, 0.5 ], "texture": "#black_concrete_powder" },
				"west": { "uv": [ 0, 0, 2, 0.5 ], "texture": "#black_concrete_powder" }
			}
		},
		{
			"from": [ 2.5, -1, 6.5 ],
			"to": [ 2.85, 2.5, 7.25 ],
			"faces": {
				"down": { "uv": [ 0, 0, 0.35, 0.75 ], "texture": "#black_concrete_powder" },
				"up": { "uv": [ 0, 0, 0.35, 0.75 ], "texture": "#black_concrete_powder" },
				"north": { "uv": [ 0, 0, 0.35, 3.5 ], "texture": "#black_concrete_powder" },
				"south": { "uv": [ 0, 0, 0.35, 3.5 ], "texture": "#black_concrete_powder" },
				"east": { "uv": [ 0, 0, 0.75, 3.5 ], "texture": "#black_concrete_powder" }
			}
		},
		{
			"from": [ 2.5, -1.5, 7 ],
			"to": [ 2.85, -1, 9 ],
			"faces": {
				"down": { "uv": [ 0, 0, 0.35, 2 ], "texture": "#black_concrete_powder" },
				"up": { "uv": [ 0, 0, 0.35, 2 ], "texture": "#black_concrete_powder" },
				"north": { "uv": [ 0, 0, 0.35, 0.5 ], "texture": "#black_concrete_powder" },
				"south": { "uv": [ 0, 0, 0.35, 0.5 ], "texture": "#black_concrete_powder" },
				"east": { "uv": [ 0, 0, 2, 0.5 ], "texture": "#black_concrete_powder" }
			}
		},
		{
			"from": [ 2.5, 2.5, 7 ],
			"to": [ 2.85, 3, 9 ],
			"faces": {
				"down": { "uv": [ 0, 0, 0.35, 2 ], "texture": "#black_concrete_powder" },
				"up": { "uv": [ 0, 0, 0.35, 2 ], "texture": "#black_concrete_powder" },
				"north": { "uv": [ 0, 0, 0.35, 0.5 ], "texture": "#black_concrete_powder" },
				"south": { "uv": [ 0, 0, 0.35, 0.5 ], "texture": "#black_concrete_powder" },
				"east": { "uv": [ 0, 0, 2, 0.5 ], "texture": "#black_concrete_powder" }
			}
		},
		{
			"from": [ 2.5, -1, 8.75 ],
			"to": [ 2.85, 2.5, 9.5 ],
			"faces": {
				"down": { "uv": [ 0, 0, 0.35, 0.75 ], "texture": "#black_concrete_powder" },
				"up": { "uv": [ 0, 0, 0.35, 0.75 ], "texture": "#black_concrete_powder" },
				"north": { "uv": [ 0, 0, 0.35, 3.5 ], "texture": "#black_concrete_powder" },
				"south": { "uv": [ 0, 0, 0.35, 3.5 ], "texture": "#black_concrete_powder" },
				"east": { "uv": [ 0, 0, 0.75, 3.5 ], "texture": "#black_concrete_powder" }
			}
		},
		{
			"from": [ 1.5, 3, 6.5 ],
			"to": [ 2, 3.5, 7 ],
			"faces": {
				"down": { "uv": [ 0, 0, 0.5, 0.5 ], "texture": "#light_gray_concrete" },
				"up": { "uv": [ 0, 0, 0.5, 0.5 ], "texture": "#light_gray_concrete" },
				"north": { "uv": [ 0, 0, 0.5, 0.5 ], "texture": "#light_gray_concrete" },
				"south": { "uv": [ 0, 0, 0.5, 0.5 ], "texture": "#light_gray_concrete" },
				"west": { "uv": [ 0, 0, 0.5, 0.5 ], "texture": "#light_gray_concrete" },
				"east": { "uv": [ 0, 0, 0.5, 0.5 ], "texture": "#light_gray_concrete" }
			}
		},
		{
			"from": [ 1.5, 3.08, 6.6 ],
			"to": [ 2, 3.58, 7.1 ],
			"rotation": { "origin": [ 5, 2, 7 ], "axis": "x", "angle": -22.5 },
			"faces": {
				"down": { "uv": [ 0, 0, 0.5, 0.5 ], "texture": "#light_gray_concrete" },
				"up": { "uv": [ 0, 0, 0.5, 0.5 ], "texture": "#light_gray_concrete" },
				"north": { "uv": [ 0, 0, 0.5, 0.5 ], "texture": "#light_gray_concrete" },
				"south": { "uv": [ 0, 0, 0.5, 0.5 ], "texture": "#light_gray_concrete" },
				"west": { "uv": [ 0, 0, 0.5, 0.5 ], "texture": "#light_gray_concrete" },
				"east": { "uv": [ 0, 0, 0.5, 0.5 ], "texture": "#light_gray_concrete" }
			}
		},
		{
			"from": [ 1.5, 3.11, 6.727 ],
			"to": [ 2, 3.61, 7.227 ],
			"rotation": { "origin": [ 5, 2, 7 ], "axis": "x", "angle": -45 },
			"faces": {
				"down": { "uv": [ 0, 0, 0.5, 0.5 ], "texture": "#light_gray_concrete" },
				"up": { "uv": [ 0, 0, 0.5, 0.5 ], "texture": "#light_gray_concrete" },
				"north": { "uv": [ 0, 0, 0.5, 0.5 ], "texture": "#light_gray_concrete" },
				"south": { "uv": [ 0, 0, 0.5, 0.5 ], "texture": "#light_gray_concrete" },
				"west": { "uv": [ 0, 0, 0.5, 0.5 ], "texture": "#light_gray_concrete" },
				"east": { "uv": [ 0, 0, 0.5, 0.5 ], "texture": "#light_gray_concrete" }
			}
		},
		{
			"from": [ 1.5, 1.45, 5.67 ],
			"to": [ 2, 2.95, 6.17 ],
			"faces": {
				"down": { "uv": [ 0, 0, 0.5, 0.5 ], "texture": "#light_gray_concrete" },
				"up": { "uv": [ 0, 0, 0.5, 0.5 ], "texture": "#light_gray_concrete" },
				"north": { "uv": [ 0, 0, 0.5, 1.5 ], "texture": "#light_gray_concrete" },
				"south": { "uv": [ 0, 0, 0.5, 1.5 ], "texture": "#light_gray_concrete" },
				"west": { "uv": [ 0, 0, 0.5, 1.5 ], "texture": "#light_gray_concrete" },
				"east": { "uv": [ 0, 0, 0.5, 1.5 ], "texture": "#light_gray_concrete" }
			}
		},
		{
			"from": [ 1.5, 0.95, 5.67 ],
			"to": [ 2, 1.45, 6.67 ],
			"rotation": { "origin": [ 5, 1, 6 ], "axis": "x", "angle": 22.5 },
			"faces": {
				"down": { "uv": [ 0, 0, 0.5, 1 ], "texture": "#light_gray_concrete" },
				"up": { "uv": [ 0, 0, 0.5, 1 ], "texture": "#light_gray_concrete" },
				"north": { "uv": [ 0, 0, 0.5, 0.5 ], "texture": "#light_gray_concrete" },
				"south": { "uv": [ 0, 0, 0.5, 0.5 ], "texture": "#light_gray_concrete" },
				"west": { "uv": [ 0, 0, 1, 0.5 ], "texture": "#light_gray_concrete" },
				"east": { "uv": [ 0, 0, 1, 0.5 ], "texture": "#light_gray_concrete" }
			}
		},
		{
			"from": [ 1.5, 1.45, 9.815 ],
			"to": [ 2, 2.95, 10.315 ],
			"faces": {
				"down": { "uv": [ 0, 0, 0.5, 0.5 ], "texture": "#light_gray_concrete" },
				"up": { "uv": [ 0, 0, 0.5, 0.5 ], "texture": "#light_gray_concrete" },
				"north": { "uv": [ 0, 0, 0.5, 1.5 ], "texture": "#light_gray_concrete" },
				"south": { "uv": [ 0, 0, 0.5, 1.5 ], "texture": "#light_gray_concrete" },
				"west": { "uv": [ 0, 0, 0.5, 1.5 ], "texture": "#light_gray_concrete" },
				"east": { "uv": [ 0, 0, 0.5, 1.5 ], "texture": "#light_gray_concrete" }
			}
		},
		{
			"from": [ 1.5, 0.95, 5.67 ],
			"to": [ 2, 1.45, 6.67 ],
			"rotation": { "origin": [ 6, 10, 8 ], "axis": "x", "angle": -22.5 },
			"faces": {
				"down": { "uv": [ 0, 0, 0.5, 1 ], "texture": "#light_gray_concrete" },
				"up": { "uv": [ 0, 0, 0.5, 1 ], "texture": "#light_gray_concrete" },
				"north": { "uv": [ 0, 0, 0.5, 0.5 ], "texture": "#light_gray_concrete" },
				"south": { "uv": [ 0, 0, 0.5, 0.5 ], "texture": "#light_gray_concrete" },
				"west": { "uv": [ 0, 0, 1, 0.5 ], "texture": "#light_gray_concrete" },
				"east": { "uv": [ 0, 0, 1, 0.5 ], "texture": "#light_gray_concrete" }
			}
		},
		{
			"from": [ 1.5, 3.225, 7.05 ],
			"to": [ 2, 3.725, 7.55 ],
			"rotation": { "origin": [ 5, 0, 8 ], "axis": "x", "angle": 45 },
			"faces": {
				"down": { "uv": [ 0, 0, 0.5, 0.5 ], "texture": "#light_gray_concrete" },
				"up": { "uv": [ 0, 0, 0.5, 0.5 ], "texture": "#light_gray_concrete" },
				"north": { "uv": [ 0, 0, 0.5, 0.5 ], "texture": "#light_gray_concrete" },
				"south": { "uv": [ 0, 0, 0.5, 0.5 ], "texture": "#light_gray_concrete" },
				"west": { "uv": [ 0, 0, 0.5, 0.5 ], "texture": "#light_gray_concrete" },
				"east": { "uv": [ 0, 0, 0.5, 0.5 ], "texture": "#light_gray_concrete" }
			}
		},
		{
			"from": [ 1.5, 3, 9 ],
			"to": [ 2, 3.5, 9.5 ],
			"faces": {
				"down": { "uv": [ 0, 0, 0.5, 0.5 ], "texture": "#light_gray_concrete" },
				"up": { "uv": [ 0, 0, 0.5, 0.5 ], "texture": "#light_gray_concrete" },
				"north": { "uv": [ 0, 0, 0.5, 0.5 ], "texture": "#light_gray_concrete" },
				"south": { "uv": [ 0, 0, 0.5, 0.5 ], "texture": "#light_gray_concrete" },
				"west": { "uv": [ 0, 0, 0.5, 0.5 ], "texture": "#light_gray_concrete" },
				"east": { "uv": [ 0, 0, 0.5, 0.5 ], "texture": "#light_gray_concrete" }
			}
		},
		{
			"from": [ 1.5, 3.84, 8.74 ],
			"to": [ 2, 4.34, 9.24 ],
			"rotation": { "origin": [ 5, 2, 7 ], "axis": "x", "angle": 22.5 },
			"faces": {
				"down": { "uv": [ 0, 0, 0.5, 0.5 ], "texture": "#light_gray_concrete" },
				"up": { "uv": [ 0, 0, 0.5, 0.5 ], "texture": "#light_gray_concrete" },
				"north": { "uv": [ 0, 0, 0.5, 0.5 ], "texture": "#light_gray_concrete" },
				"south": { "uv": [ 0, 0, 0.5, 0.5 ], "texture": "#light_gray_concrete" },
				"west": { "uv": [ 0, 0, 0.5, 0.5 ], "texture": "#light_gray_concrete" },
				"east": { "uv": [ 0, 0, 0.5, 0.5 ], "texture": "#light_gray_concrete" }
			}
		},
		{
			"from": [ 13.85, 3.84, 8.74 ],
			"to": [ 14.35, 4.34, 9.24 ],
			"rotation": { "origin": [ 5, 2, 7 ], "axis": "x", "angle": 22.5 },
			"faces": {
				"down": { "uv": [ 0, 0, 0.5, 0.5 ], "texture": "#light_gray_concrete" },
				"up": { "uv": [ 0, 0, 0.5, 0.5 ], "texture": "#light_gray_concrete" },
				"north": { "uv": [ 0, 0, 0.5, 0.5 ], "texture": "#light_gray_concrete" },
				"south": { "uv": [ 0, 0, 0.5, 0.5 ], "texture": "#light_gray_concrete" },
				"west": { "uv": [ 0, 0, 0.5, 0.5 ], "texture": "#light_gray_concrete" },
				"east": { "uv": [ 0, 0, 0.5, 0.5 ], "texture": "#light_gray_concrete" }
			}
		},
		{
			"from": [ 13.85, 3.225, 7.05 ],
			"to": [ 14.35, 3.725, 7.55 ],
			"rotation": { "origin": [ 5, 0, 8 ], "axis": "x", "angle": 45 },
			"faces": {
				"down": { "uv": [ 0, 0, 0.5, 0.5 ], "texture": "#light_gray_concrete" },
				"up": { "uv": [ 0, 0, 0.5, 0.5 ], "texture": "#light_gray_concrete" },
				"north": { "uv": [ 0, 0, 0.5, 0.5 ], "texture": "#light_gray_concrete" },
				"south": { "uv": [ 0, 0, 0.5, 0.5 ], "texture": "#light_gray_concrete" },
				"west": { "uv": [ 0, 0, 0.5, 0.5 ], "texture": "#light_gray_concrete" },
				"east": { "uv": [ 0, 0, 0.5, 0.5 ], "texture": "#light_gray_concrete" }
			}
		},
		{
			"from": [ 13.85, 3, 9 ],
			"to": [ 14.35, 3.5, 9.5 ],
			"faces": {
				"down": { "uv": [ 0, 0, 0.5, 0.5 ], "texture": "#light_gray_concrete" },
				"up": { "uv": [ 0, 0, 0.5, 0.5 ], "texture": "#light_gray_concrete" },
				"north": { "uv": [ 0, 0, 0.5, 0.5 ], "texture": "#light_gray_concrete" },
				"south": { "uv": [ 0, 0, 0.5, 0.5 ], "texture": "#light_gray_concrete" },
				"west": { "uv": [ 0, 0, 0.5, 0.5 ], "texture": "#light_gray_concrete" },
				"east": { "uv": [ 0, 0, 0.5, 0.5 ], "texture": "#light_gray_concrete" }
			}
		},
		{
			"from": [ 13.85, 1.45, 9.815 ],
			"to": [ 14.35, 2.95, 10.315 ],
			"faces": {
				"down": { "uv": [ 0, 0, 0.5, 0.5 ], "texture": "#light_gray_concrete" },
				"up": { "uv": [ 0, 0, 0.5, 0.5 ], "texture": "#light_gray_concrete" },
				"north": { "uv": [ 0, 0, 0.5, 1.5 ], "texture": "#light_gray_concrete" },
				"south": { "uv": [ 0, 0, 0.5, 1.5 ], "texture": "#light_gray_concrete" },
				"west": { "uv": [ 0, 0, 0.5, 1.5 ], "texture": "#light_gray_concrete" },
				"east": { "uv": [ 0, 0, 0.5, 1.5 ], "texture": "#light_gray_concrete" }
			}
		},
		{
			"from": [ 13.85, 0.95, 5.67 ],
			"to": [ 14.35, 1.45, 6.67 ],
			"rotation": { "origin": [ 6, 10, 8 ], "axis": "x", "angle": -22.5 },
			"faces": {
				"down": { "uv": [ 0, 0, 0.5, 1 ], "texture": "#light_gray_concrete" },
				"up": { "uv": [ 0, 0, 0.5, 1 ], "texture": "#light_gray_concrete" },
				"north": { "uv": [ 0, 0, 0.5, 0.5 ], "texture": "#light_gray_concrete" },
				"south": { "uv": [ 0, 0, 0.5, 0.5 ], "texture": "#light_gray_concrete" },
				"west": { "uv": [ 0, 0, 1, 0.5 ], "texture": "#light_gray_concrete" },
				"east": { "uv": [ 0, 0, 1, 0.5 ], "texture": "#light_gray_concrete" }
			}
		},
		{
			"from": [ 13.85, 3, 6.5 ],
			"to": [ 14.35, 3.5, 7 ],
			"faces": {
				"down": { "uv": [ 0, 0, 0.5, 0.5 ], "texture": "#light_gray_concrete" },
				"up": { "uv": [ 0, 0, 0.5, 0.5 ], "texture": "#light_gray_concrete" },
				"north": { "uv": [ 0, 0, 0.5, 0.5 ], "texture": "#light_gray_concrete" },
				"south": { "uv": [ 0, 0, 0.5, 0.5 ], "texture": "#light_gray_concrete" },
				"west": { "uv": [ 0, 0, 0.5, 0.5 ], "texture": "#light_gray_concrete" },
				"east": { "uv": [ 0, 0, 0.5, 0.5 ], "texture": "#light_gray_concrete" }
			}
		},
		{
			"from": [ 13.85, 0.95, 5.67 ],
			"to": [ 14.35, 1.45, 6.67 ],
			"rotation": { "origin": [ 5, 1, 6 ], "axis": "x", "angle": 22.5 },
			"faces": {
				"down": { "uv": [ 0, 0, 0.5, 1 ], "texture": "#light_gray_concrete" },
				"up": { "uv": [ 0, 0, 0.5, 1 ], "texture": "#light_gray_concrete" },
				"north": { "uv": [ 0, 0, 0.5, 0.5 ], "texture": "#light_gray_concrete" },
				"south": { "uv": [ 0, 0, 0.5, 0.5 ], "texture": "#light_gray_concrete" },
				"west": { "uv": [ 0, 0, 1, 0.5 ], "texture": "#light_gray_concrete" },
				"east": { "uv": [ 0, 0, 1, 0.5 ], "texture": "#light_gray_concrete" }
			}
		},
		{
			"from": [ 13.85, 1.45, 5.67 ],
			"to": [ 14.35, 2.95, 6.17 ],
			"faces": {
				"down": { "uv": [ 0, 0, 0.5, 0.5 ], "texture": "#light_gray_concrete" },
				"up": { "uv": [ 0, 0, 0.5, 0.5 ], "texture": "#light_gray_concrete" },
				"north": { "uv": [ 0, 0, 0.5, 1.5 ], "texture": "#light_gray_concrete" },
				"south": { "uv": [ 0, 0, 0.5, 1.5 ], "texture": "#light_gray_concrete" },
				"west": { "uv": [ 0, 0, 0.5, 1.5 ], "texture": "#light_gray_concrete" },
				"east": { "uv": [ 0, 0, 0.5, 1.5 ], "texture": "#light_gray_concrete" }
			}
		},
		{
			"from": [ 13.85, 3.11, 6.727 ],
			"to": [ 14.35, 3.61, 7.227 ],
			"rotation": { "origin": [ 5, 2, 7 ], "axis": "x", "angle": -45 },
			"faces": {
				"down": { "uv": [ 0, 0, 0.5, 0.5 ], "texture": "#light_gray_concrete" },
				"up": { "uv": [ 0, 0, 0.5, 0.5 ], "texture": "#light_gray_concrete" },
				"north": { "uv": [ 0, 0, 0.5, 0.5 ], "texture": "#light_gray_concrete" },
				"south": { "uv": [ 0, 0, 0.5, 0.5 ], "texture": "#light_gray_concrete" },
				"west": { "uv": [ 0, 0, 0.5, 0.5 ], "texture": "#light_gray_concrete" },
				"east": { "uv": [ 0, 0, 0.5, 0.5 ], "texture": "#light_gray_concrete" }
			}
		},
		{
			"from": [ 13.85, 3.08, 6.6 ],
			"to": [ 14.35, 3.58, 7.1 ],
			"rotation": { "origin": [ 5, 2, 7 ], "axis": "x", "angle": -22.5 },
			"faces": {
				"down": { "uv": [ 0, 0, 0.5, 0.5 ], "texture": "#light_gray_concrete" },
				"up": { "uv": [ 0, 0, 0.5, 0.5 ], "texture": "#light_gray_concrete" },
				"north": { "uv": [ 0, 0, 0.5, 0.5 ], "texture": "#light_gray_concrete" },
				"south": { "uv": [ 0, 0, 0.5, 0.5 ], "texture": "#light_gray_concrete" },
				"west": { "uv": [ 0, 0, 0.5, 0.5 ], "texture": "#light_gray_concrete" },
				"east": { "uv": [ 0, 0, 0.5, 0.5 ], "texture": "#light_gray_concrete" }
			}
		},
		{
			"from": [ 1.05, 3, 8.249 ],
			"to": [ 2.05, 5.68, 8.999 ],
			"faces": {
				"down": { "uv": [ 0, 0, 1, 0.75 ], "texture": "#light_gray_concrete" },
				"up": { "uv": [ 0, 0, 1, 0.75 ], "texture": "#light_gray_concrete" },
				"north": { "uv": [ 0, 0, 1, 2.68 ], "texture": "#light_gray_concrete" },
				"south": { "uv": [ 0, 0, 1, 2.68 ], "texture": "#light_gray_concrete" },
				"west": { "uv": [ 0, 0, 0.75, 2.68 ], "texture": "#light_gray_concrete" },
				"east": { "uv": [ 0, 0, 0.75, 2.68 ], "texture": "#light_gray_concrete" }
			}
		},
		{
			"from": [ 1.05, 3, 7.75 ],
			"to": [ 2.05, 3.5, 8.25 ],
			"faces": {
				"down": { "uv": [ 0, 0, 1, 0.5 ], "texture": "#light_gray_concrete" },
				"up": { "uv": [ 0, 0, 1, 0.5 ], "texture": "#light_gray_concrete" },
				"north": { "uv": [ 0, 0, 1, 0.5 ], "texture": "#light_gray_concrete" },
				"west": { "uv": [ 0, 0, 0.5, 0.5 ], "texture": "#light_gray_concrete" },
				"east": { "uv": [ 0, 0, 0.5, 0.5 ], "texture": "#light_gray_concrete" }
			}
		},
		{
			"from": [ 13.85, 3, 8.249 ],
			"to": [ 14.85, 5.76, 8.999 ],
			"faces": {
				"down": { "uv": [ 0, 0, 1, 0.75 ], "texture": "#light_gray_concrete" },
				"up": { "uv": [ 0, 0, 1, 0.75 ], "texture": "#light_gray_concrete" },
				"north": { "uv": [ 0, 0, 1, 2.76 ], "texture": "#light_gray_concrete" },
				"south": { "uv": [ 0, 0, 1, 2.76 ], "texture": "#light_gray_concrete" },
				"west": { "uv": [ 0, 0, 0.75, 2.76 ], "texture": "#light_gray_concrete" },
				"east": { "uv": [ 0, 0, 0.75, 2.76 ], "texture": "#light_gray_concrete" }
			}
		},
		{
			"from": [ 13.85, 3, 7.75 ],
			"to": [ 14.85, 3.5, 8.25 ],
			"faces": {
				"down": { "uv": [ 0, 0, 1, 0.5 ], "texture": "#light_gray_concrete" },
				"up": { "uv": [ 0, 0, 1, 0.5 ], "texture": "#light_gray_concrete" },
				"west": { "uv": [ 0, 0, 0.5, 0.5 ], "texture": "#light_gray_concrete" },
				"east": { "uv": [ 0, 0, 0.5, 0.5 ], "texture": "#light_gray_concrete" }
			}
		}
	],
	"display": {
		"firstperson_righthand": {
			"rotation":  [ 0, 315, 0 ],
			"translation":  [ 0, 7, -3 ],
			"scale":  [ 0.75, 0.75, 0.75 ]
		},
		"firstperson_lefthand": {
			"rotation":  [ 0, 315, 0 ],
			"translation":  [ 0, 7, -3 ],
			"scale":  [ 0.75, 0.75, 0.75 ]
		},
		"gui": {
			"rotation":  [ 30, 45, 0 ],
			"translation":  [ 0, 5, 0 ]
		},
		"head": {
			"rotation":  [ 0, 180, 0 ],
			"translation":  [ 0, 9.5, -2 ],
			"scale":  [ 1.45, 1.5, 1.5 ]
		},
		"ground": {
			"translation":  [ 0, 4, 0 ],
			"scale":  [ 0.5, 0.5, 0.5 ]
		},
		"fixed": {
			"rotation":  [ 0, 180, 0 ],
			"translation":  [ 0, 5, 0 ]
		}
	}
}