{
	"__comment": "Model generated using MrCrayfish's Model Creator (https://mrcrayfish.com/tools?id=mc)",
	"textures": {
		"water_bucket": "item/water_bucket",
		"red_concrete": "block/red_concrete",
		"glass": "block/glass",
		"cookie": "item/cookie",
		"slime_block": "block/slime_block",
		"pigscene": "painting/pigscene",
		"anvil_top": "block/anvil_top",
		"smithing_table_top": "block/smithing_table_top",
		"black_concrete": "block/black_concrete"
	},
	"elements": [
		{
			"from": [ 0, 0, 0 ],
			"to": [ 1, 1, 1 ],
			"faces": {
				"down": { "uv": [ 0, 0, 1, 1 ], "texture": "#red_concrete" },
				"north": { "uv": [ 0, 0, 1, 1 ], "texture": "#red_concrete" },
				"south": { "uv": [ 0, 0, 1, 1 ], "texture": "#red_concrete" },
				"west": { "uv": [ 0, 0, 1, 1 ], "texture": "#red_concrete" },
				"east": { "uv": [ 0, 0, 1, 1 ], "texture": "#red_concrete" }
			}
		},
		{
			"from": [ 15, 0, 0 ],
			"to": [ 16, 1, 1 ],
			"faces": {
				"down": { "uv": [ 0, 0, 1, 1 ], "texture": "#red_concrete" },
				"north": { "uv": [ 0, 0, 1, 1 ], "texture": "#red_concrete" },
				"south": { "uv": [ 0, 0, 1, 1 ], "texture": "#red_concrete" },
				"west": { "uv": [ 0, 0, 1, 1 ], "texture": "#red_concrete" },
				"east": { "uv": [ 0, 0, 1, 1 ], "texture": "#red_concrete" }
			}
		},
		{
			"from": [ 15, 0, 15 ],
			"to": [ 16, 1, 16 ],
			"faces": {
				"down": { "uv": [ 0, 0, 1, 1 ], "texture": "#red_concrete" },
				"north": { "uv": [ 0, 0, 1, 1 ], "texture": "#red_concrete" },
				"south": { "uv": [ 3, 1, 4, 2 ], "texture": "#anvil_top" },
				"west": { "uv": [ 0, 0, 1, 1 ], "texture": "#red_concrete" },
				"east": { "uv": [ 0, 0, 1, 1 ], "texture": "#red_concrete" }
			}
		},
		{
			"from": [ 0, 0, 15 ],
			"to": [ 1, 1, 16 ],
			"faces": {
				"down": { "uv": [ 3, 1, 4, 2 ], "texture": "#anvil_top" },
				"north": { "uv": [ 3, 0, 4, 1 ], "texture": "#anvil_top" },
				"south": { "uv": [ 3, 0, 4, 1 ], "texture": "#anvil_top" },
				"west": { "uv": [ 3, 1, 4, 2 ], "texture": "#red_concrete" },
				"east": { "uv": [ 3, 1, 4, 2 ], "texture": "#anvil_top" }
			}
		},
		{
			"from": [ 0, 1, 0 ],
			"to": [ 16, 2, 16 ],
			"faces": {
				"down": { "uv": [ 0, 0, 16, 16 ], "texture": "#red_concrete" },
				"up": { "uv": [ 0, 0, 16, 16 ], "texture": "#red_concrete" },
				"north": { "uv": [ 0, 0, 16, 1 ], "texture": "#red_concrete" },
				"south": { "uv": [ 3, 15, 13, 16 ], "texture": "#anvil_top" },
				"west": { "uv": [ 0, 0, 16, 1 ], "texture": "#red_concrete" },
				"east": { "uv": [ 0, 0, 16, 1 ], "texture": "#red_concrete" }
			}
		},
		{
			"from": [ 1, 2, 0 ],
			"to": [ 15, 31, 6 ],
			"faces": {
				"up": { "uv": [ 4, 11, 12, 16 ], "texture": "#red_concrete" },
				"north": { "uv": [ 0, 0, 14, 16 ], "texture": "#red_concrete" },
				"south": { "uv": [ 3, 0, 13, 16 ], "texture": "#anvil_top" }
			}
		},
		{
			"from": [ 0, 2, 0 ],
			"to": [ 1, 31, 16 ],
			"faces": {
				"up": { "uv": [ 3, 0, 4, 16 ], "texture": "#red_concrete" },
				"north": { "uv": [ 0, 0, 1, 16 ], "texture": "#red_concrete" },
				"south": { "uv": [ 3, 0, 4, 16 ], "texture": "#anvil_top" },
				"west": { "uv": [ 0, 0, 16, 16 ], "texture": "#red_concrete" },
				"east": { "uv": [ 0, 0, 16, 16 ], "texture": "#red_concrete" }
			}
		},
		{
			"from": [ 15, 2, 0 ],
			"to": [ 16, 31, 16 ],
			"faces": {
				"up": { "uv": [ 3, 0, 4, 16 ], "texture": "#red_concrete" },
				"north": { "uv": [ 0, 0, 1, 16 ], "texture": "#red_concrete" },
				"south": { "uv": [ 3, 0, 4, 16 ], "texture": "#anvil_top" },
				"west": { "uv": [ 0, 0, 16, 16 ], "texture": "#red_concrete" },
				"east": { "uv": [ 0, 0, 16, 16 ], "texture": "#red_concrete" }
			}
		},
		{
			"from": [ 1, 2, 15 ],
			"to": [ 15, 10, 16 ],
			"faces": {
				"up": { "uv": [ 3, 0, 13, 1 ], "texture": "#anvil_top" },
				"north": { "uv": [ 3, 0, 13, 16 ], "texture": "#anvil_top" },
				"south": { "uv": [ 4, 10, 12, 16 ], "texture": "#anvil_top" }
			}
		},
		{
			"from": [ 1, 29, 15 ],
			"to": [ 15, 31, 16 ],
			"faces": {
				"down": { "uv": [ 0, 0, 14, 1 ], "texture": "#anvil_top" },
				"up": { "uv": [ 3, 0, 13, 1 ], "texture": "#red_concrete" },
				"north": { "uv": [ 0, 0, 14, 2 ], "texture": "#anvil_top" },
				"south": { "uv": [ 4, 0, 12, 2 ], "texture": "#anvil_top" }
			}
		},
		{
			"from": [ 11, 2, 6 ],
			"to": [ 15, 31, 15 ],
			"faces": {
				"up": { "uv": [ 8, 6, 12, 15 ], "texture": "#red_concrete" },
				"south": { "uv": [ 0, 0, 4, 16 ], "texture": "#red_concrete" },
				"west": { "uv": [ 0, 0, 9, 16 ], "texture": "#red_concrete" }
			}
		},
		{
			"from": [ 11, 10, 15 ],
			"to": [ 15, 29, 16 ],
			"faces": {
				"south": { "uv": [ 8, 0, 12, 16 ], "texture": "#anvil_top" }
			}
		},
		{
			"from": [ 1, 7, 6 ],
			"to": [ 11, 8, 14 ],
			"rotation": { "origin": [ 8, 8, 8 ], "axis": "x", "angle": 22.5 },
			"faces": {
				"down": { "uv": [ 3, 0, 13, 8 ], "texture": "#anvil_top" },
				"up": { "uv": [ 3, 0, 13, 8 ], "texture": "#anvil_top" },
				"north": { "uv": [ 3, 0, 13, 1 ], "texture": "#anvil_top" },
				"south": { "uv": [ 3, 0, 13, 1 ], "texture": "#anvil_top" },
				"west": { "uv": [ 4, 0, 12, 1 ], "texture": "#anvil_top" },
				"east": { "uv": [ 4, 0, 12, 1 ], "texture": "#anvil_top" }
			}
		},
		{
			"from": [ 1, 11, 6 ],
			"to": [ 11, 12, 13 ],
			"faces": {
				"down": { "uv": [ 0, 0, 10, 7 ], "texture": "#smithing_table_top" },
				"up": { "uv": [ 3, 1, 13, 8 ], "texture": "#smithing_table_top" },
				"south": { "uv": [ 3, 12, 13, 13 ], "texture": "#smithing_table_top" }
			}
		},
		{
			"from": [ 1, 15, 6 ],
			"to": [ 11, 16, 13 ],
			"faces": {
				"down": { "uv": [ 0, 0, 10, 7 ], "texture": "#smithing_table_top" },
				"up": { "uv": [ 3, 3, 13, 10 ], "texture": "#smithing_table_top" },
				"south": { "uv": [ 3, 15, 13, 16 ], "texture": "#smithing_table_top" }
			}
		},
		{
			"from": [ 1, 19, 6 ],
			"to": [ 11, 20, 13 ],
			"faces": {
				"down": { "uv": [ 0, 0, 10, 7 ], "texture": "#smithing_table_top" },
				"up": { "uv": [ 3, 8, 13, 15 ], "texture": "#smithing_table_top" },
				"south": { "uv": [ 3, 12, 13, 13 ], "texture": "#smithing_table_top" }
			}
		},
		{
			"from": [ 1, 23, 6 ],
			"to": [ 11, 24, 13 ],
			"faces": {
				"down": { "uv": [ 0, 0, 10, 7 ], "texture": "#smithing_table_top" },
				"up": { "uv": [ 3, 3, 13, 10 ], "texture": "#smithing_table_top" },
				"south": { "uv": [ 4, 5, 14, 6 ], "texture": "#smithing_table_top" }
			}
		},
		{
			"from": [ 1, 26, 6 ],
			"to": [ 11, 27, 13 ],
			"faces": {
				"down": { "uv": [ 0, 0, 10, 7 ], "texture": "#smithing_table_top" },
				"up": { "uv": [ 3, 4, 13, 11 ], "texture": "#smithing_table_top" },
				"south": { "uv": [ 3, 4, 13, 5 ], "texture": "#smithing_table_top" }
			}
		},
		{
			"from": [ 1, 30, 6 ],
			"to": [ 11, 31, 15 ],
			"faces": {
				"down": { "uv": [ 0, 0, 10, 9 ], "texture": "#red_concrete" },
				"up": { "uv": [ 4, 0, 12, 9 ], "texture": "#red_concrete" }
			}
		},
		{
			"from": [ 5.5, 12, 6 ],
			"to": [ 6.5, 13, 13 ],
			"faces": {
				"up": { "uv": [ 0, 0, 1, 7 ], "texture": "#smithing_table_top" },
				"south": { "uv": [ 0, 0, 1, 1 ], "texture": "#smithing_table_top" },
				"west": { "uv": [ 0, 0, 7, 1 ], "texture": "#smithing_table_top" },
				"east": { "uv": [ 0, 0, 7, 1 ], "texture": "#smithing_table_top" }
			}
		},
		{
			"from": [ 5.5, 16, 6 ],
			"to": [ 6.5, 17, 13 ],
			"faces": {
				"up": { "uv": [ 0, 0, 1, 7 ], "texture": "#smithing_table_top" },
				"south": { "uv": [ 0, 0, 1, 1 ], "texture": "#smithing_table_top" },
				"west": { "uv": [ 0, 0, 7, 1 ], "texture": "#smithing_table_top" },
				"east": { "uv": [ 0, 0, 7, 1 ], "texture": "#smithing_table_top" }
			}
		},
		{
			"from": [ 5.5, 20, 6 ],
			"to": [ 6.5, 21, 13 ],
			"faces": {
				"up": { "uv": [ 0, 0, 1, 7 ], "texture": "#smithing_table_top" },
				"south": { "uv": [ 0, 0, 1, 1 ], "texture": "#smithing_table_top" },
				"west": { "uv": [ 0, 0, 7, 1 ], "texture": "#smithing_table_top" },
				"east": { "uv": [ 0, 0, 7, 1 ], "texture": "#smithing_table_top" }
			}
		},
		{
			"from": [ 5.5, 24, 6 ],
			"to": [ 6.5, 25, 13 ],
			"faces": {
				"up": { "uv": [ 0, 0, 1, 7 ], "texture": "#smithing_table_top" },
				"south": { "uv": [ 0, 0, 1, 1 ], "texture": "#smithing_table_top" },
				"west": { "uv": [ 0, 0, 7, 1 ], "texture": "#smithing_table_top" },
				"east": { "uv": [ 0, 0, 7, 1 ], "texture": "#smithing_table_top" }
			}
		},
		{
			"from": [ 5.5, 27, 6 ],
			"to": [ 6.5, 28, 13 ],
			"faces": {
				"up": { "uv": [ 0, 0, 1, 7 ], "texture": "#smithing_table_top" },
				"south": { "uv": [ 0, 0, 1, 1 ], "texture": "#smithing_table_top" },
				"west": { "uv": [ 0, 0, 7, 1 ], "texture": "#smithing_table_top" },
				"east": { "uv": [ 0, 0, 7, 1 ], "texture": "#smithing_table_top" }
			}
		},
		{
			"from": [ 1, 3, 15.2 ],
			"to": [ 13, 7, 16.2 ],
			"faces": {
				"down": { "uv": [ 0, 0, 12, 1 ], "texture": "#smithing_table_top" },
				"up": { "uv": [ 0, 0, 12, 1 ], "texture": "#smithing_table_top" },
				"south": { "uv": [ 2, 4, 14, 8 ], "texture": "#smithing_table_top" },
				"west": { "uv": [ 0, 0, 1, 4 ], "texture": "#smithing_table_top" },
				"east": { "uv": [ 0, 3, 1, 7 ], "texture": "#smithing_table_top" }
			}
		},
		{
			"from": [ 12, 16, 15.2 ],
			"to": [ 15, 23, 16.2 ],
			"faces": {
				"down": { "uv": [ 7, 6, 10, 7 ], "texture": "#smithing_table_top" },
				"up": { "uv": [ 4, 2, 7, 3 ], "texture": "#smithing_table_top" },
				"south": { "uv": [ 6, 2, 10, 9 ], "texture": "#smithing_table_top" },
				"west": { "uv": [ 10, 4, 11, 11 ], "texture": "#smithing_table_top" },
				"east": { "uv": [ 9, 4, 10, 11 ], "texture": "#smithing_table_top" }
			}
		},
		{
			"from": [ 12, 21.4, 16.2 ],
			"to": [ 15, 22.4, 16.3 ],
			"faces": {
				"down": { "uv": [ 0, 0, 3, 0.1000004 ], "texture": "#smithing_table_top" },
				"up": { "uv": [ 0, 0, 3, 0.1000004 ], "texture": "#smithing_table_top" },
				"south": { "uv": [ 0, 0, 3, 1 ], "texture": "#smithing_table_top" },
				"west": { "uv": [ 0, 0, 0.1, 1 ], "texture": "#smithing_table_top" },
				"east": { "uv": [ 0, 0, 0.1, 1 ], "texture": "#smithing_table_top" }
			}
		},
		{
			"from": [ 12.25, 21.6, 16.2 ],
			"to": [ 14.75, 22.1, 16.31 ],
			"faces": {
				"down": { "uv": [ 0, 0, 2.5, 0.1099997 ], "texture": "#slime_block" },
				"up": { "uv": [ 0, 0, 2.5, 0.1099997 ], "texture": "#slime_block" },
				"south": { "uv": [ 6, 5, 8.5, 5.5 ], "texture": "#slime_block" },
				"west": { "uv": [ 0, 0, 0.11, 0.5 ], "texture": "#slime_block" },
				"east": { "uv": [ 0, 0, 0.11, 0.5 ], "texture": "#slime_block" }
			}
		},
		{
			"from": [ 13.25, 20.7, 16.2 ],
			"to": [ 13.75, 21.2, 16.3 ],
			"faces": {
				"down": { "uv": [ 0, 0, 0.5, 0.1000004 ], "texture": "#black_concrete" },
				"up": { "uv": [ 0, 0, 0.5, 0.1000004 ], "texture": "#black_concrete" },
				"south": { "uv": [ 0, 0, 0.5, 0.5 ], "texture": "#black_concrete" },
				"west": { "uv": [ 0, 0, 0.1, 0.5 ], "texture": "#black_concrete" },
				"east": { "uv": [ 0, 0, 0.1, 0.5 ], "texture": "#black_concrete" }
			}
		},
		{
			"from": [ 13.25, 19.7, 16.2 ],
			"to": [ 13.75, 20.2, 16.3 ],
			"faces": {
				"down": { "uv": [ 0, 0, 0.5, 0.1000004 ], "texture": "#black_concrete" },
				"up": { "uv": [ 0, 0, 0.5, 0.1000004 ], "texture": "#black_concrete" },
				"south": { "uv": [ 0, 0, 0.5, 0.5 ], "texture": "#black_concrete" },
				"west": { "uv": [ 0, 0, 0.1, 0.5 ], "texture": "#black_concrete" },
				"east": { "uv": [ 0, 0, 0.1, 0.5 ], "texture": "#black_concrete" }
			}
		},
		{
			"from": [ 13.25, 18.7, 16.2 ],
			"to": [ 13.75, 19.2, 16.3 ],
			"faces": {
				"down": { "uv": [ 0, 0, 0.5, 0.1000004 ], "texture": "#black_concrete" },
				"up": { "uv": [ 0, 0, 0.5, 0.1000004 ], "texture": "#black_concrete" },
				"south": { "uv": [ 0, 0, 0.5, 0.5 ], "texture": "#black_concrete" },
				"west": { "uv": [ 0, 0, 0.1, 0.5 ], "texture": "#black_concrete" },
				"east": { "uv": [ 0, 0, 0.1, 0.5 ], "texture": "#black_concrete" }
			}
		},
		{
			"from": [ 12.25, 18.7, 16.2 ],
			"to": [ 12.75, 19.2, 16.3 ],
			"faces": {
				"down": { "uv": [ 0, 0, 0.5, 0.1000004 ], "texture": "#black_concrete" },
				"up": { "uv": [ 0, 0, 0.5, 0.1000004 ], "texture": "#black_concrete" },
				"south": { "uv": [ 0, 0, 0.5, 0.5 ], "texture": "#black_concrete" },
				"west": { "uv": [ 0, 0, 0.1, 0.5 ], "texture": "#black_concrete" },
				"east": { "uv": [ 0, 0, 0.1, 0.5 ], "texture": "#black_concrete" }
			}
		},
		{
			"from": [ 12.25, 19.7, 16.2 ],
			"to": [ 12.75, 20.2, 16.3 ],
			"faces": {
				"down": { "uv": [ 0, 0, 0.5, 0.1000004 ], "texture": "#black_concrete" },
				"up": { "uv": [ 0, 0, 0.5, 0.1000004 ], "texture": "#black_concrete" },
				"south": { "uv": [ 0, 0, 0.5, 0.5 ], "texture": "#black_concrete" },
				"west": { "uv": [ 0, 0, 0.1, 0.5 ], "texture": "#black_concrete" },
				"east": { "uv": [ 0, 0, 0.1, 0.5 ], "texture": "#black_concrete" }
			}
		},
		{
			"from": [ 12.25, 20.7, 16.2 ],
			"to": [ 12.75, 21.2, 16.3 ],
			"faces": {
				"down": { "uv": [ 0, 0, 0.5, 0.1000004 ], "texture": "#black_concrete" },
				"up": { "uv": [ 0, 0, 0.5, 0.1000004 ], "texture": "#black_concrete" },
				"south": { "uv": [ 0, 0, 0.5, 0.5 ], "texture": "#black_concrete" },
				"west": { "uv": [ 0, 0, 0.1, 0.5 ], "texture": "#black_concrete" },
				"east": { "uv": [ 0, 0, 0.1, 0.5 ], "texture": "#black_concrete" }
			}
		},
		{
			"from": [ 14.25, 20.7, 16.2 ],
			"to": [ 14.75, 21.2, 16.3 ],
			"faces": {
				"down": { "uv": [ 0, 0, 0.5, 0.1000004 ], "texture": "#black_concrete" },
				"up": { "uv": [ 0, 0, 0.5, 0.1000004 ], "texture": "#black_concrete" },
				"south": { "uv": [ 0, 0, 0.5, 0.5 ], "texture": "#black_concrete" },
				"west": { "uv": [ 0, 0, 0.1, 0.5 ], "texture": "#black_concrete" },
				"east": { "uv": [ 0, 0, 0.1, 0.5 ], "texture": "#black_concrete" }
			}
		},
		{
			"from": [ 14.25, 19.7, 16.2 ],
			"to": [ 14.75, 20.2, 16.3 ],
			"faces": {
				"down": { "uv": [ 0, 0, 0.5, 0.1000004 ], "texture": "#black_concrete" },
				"up": { "uv": [ 0, 0, 0.5, 0.1000004 ], "texture": "#black_concrete" },
				"south": { "uv": [ 0, 0, 0.5, 0.5 ], "texture": "#black_concrete" },
				"west": { "uv": [ 0, 0, 0.1, 0.5 ], "texture": "#black_concrete" },
				"east": { "uv": [ 0, 0, 0.1, 0.5 ], "texture": "#black_concrete" }
			}
		},
		{
			"from": [ 14.25, 18.7, 16.2 ],
			"to": [ 14.75, 19.2, 16.3 ],
			"faces": {
				"down": { "uv": [ 0, 0, 0.5, 0.1000004 ], "texture": "#black_concrete" },
				"up": { "uv": [ 0, 0, 0.5, 0.1000004 ], "texture": "#black_concrete" },
				"south": { "uv": [ 0, 0, 0.5, 0.5 ], "texture": "#black_concrete" },
				"west": { "uv": [ 0, 0, 0.1, 0.5 ], "texture": "#black_concrete" },
				"east": { "uv": [ 0, 0, 0.1, 0.5 ], "texture": "#black_concrete" }
			}
		},
		{
			"from": [ 12.25, 16.6, 16.2 ],
			"to": [ 14.75, 17.1, 16.31 ],
			"faces": {
				"down": { "uv": [ 0, 0, 2.5, 0.1099997 ], "texture": "#smithing_table_top" },
				"up": { "uv": [ 0, 0, 2.5, 0.1099997 ], "texture": "#smithing_table_top" },
				"south": { "uv": [ 0, 0, 13.5, 1.5 ], "texture": "#smithing_table_top" },
				"west": { "uv": [ 0, 0, 0.11, 0.5 ], "texture": "#smithing_table_top" },
				"east": { "uv": [ 0, 0, 0.11, 0.5 ], "texture": "#smithing_table_top" }
			}
		},
		{
			"from": [ 14, 17.4, 16.2 ],
			"to": [ 14.75, 18.15, 16.3 ],
			"faces": {
				"down": { "uv": [ 0, 0, 0.75, 0.1000004 ], "texture": "#smithing_table_top" },
				"up": { "uv": [ 0, 0, 0.75, 0.1000004 ], "texture": "#smithing_table_top" },
				"south": { "uv": [ 0, 0, 0.75, 0.75 ], "texture": "#smithing_table_top" },
				"west": { "uv": [ 0, 0, 0.1, 0.75 ], "texture": "#smithing_table_top" },
				"east": { "uv": [ 0, 0, 0.1, 0.75 ], "texture": "#smithing_table_top" }
			}
		},
		{
			"from": [ 12.25, 17.4, 16.2 ],
			"to": [ 13, 18.15, 16.3 ],
			"faces": {
				"down": { "uv": [ 0, 0, 0.75, 0.1000004 ], "texture": "#red_concrete" },
				"up": { "uv": [ 0, 0, 0.75, 0.1000004 ], "texture": "#red_concrete" },
				"south": { "uv": [ 0, 0, 0.75, 0.75 ], "texture": "#red_concrete" },
				"west": { "uv": [ 0, 0, 0.1, 0.75 ], "texture": "#red_concrete" },
				"east": { "uv": [ 0, 0, 0.1, 0.75 ], "texture": "#red_concrete" }
			}
		},
		{
			"from": [ 1, 10, 15 ],
			"to": [ 2, 29, 16 ],
			"faces": {
				"north": { "uv": [ 0, 0, 1, 16 ], "texture": "#glass" },
				"south": { "uv": [ 0, 0, 1, 16 ], "texture": "#glass" },
				"east": { "uv": [ 0, 0, 1, 16 ], "texture": "#glass" }
			}
		},
		{
			"from": [ 2, 12, 12 ],
			"to": [ 5, 15, 13 ],
			"faces": {
				"north": { "uv": [ 0, 0, 3, 3 ], "texture": "#cookie" },
				"south": { "uv": [ 0, 0, 16, 16 ], "texture": "#cookie" },
				"west": { "uv": [ 0, 0, 1, 3 ], "texture": "#cookie" },
				"east": { "uv": [ 0, 0, 1, 0 ], "texture": "#cookie" }
			}
		},
		{
			"from": [ 2, 16, 12 ],
			"to": [ 5, 19, 13 ],
			"faces": {
				"north": { "uv": [ 0, 0, 3, 3 ], "texture": "#cookie" },
				"south": { "uv": [ 0, 0, 16, 16 ], "texture": "#cookie" },
				"west": { "uv": [ 0, 0, 1, 3 ], "texture": "#cookie" },
				"east": { "uv": [ 0, 0, 1, 3 ], "texture": "#cookie" }
			}
		},
		{
			"from": [ 2, 20, 12 ],
			"to": [ 5, 23, 13 ],
			"faces": {
				"north": { "uv": [ 0, 0, 3, 3 ], "texture": "#cookie" },
				"south": { "uv": [ 0, 0, 16, 16 ], "texture": "#cookie" },
				"west": { "uv": [ 0, 0, 1, 3 ], "texture": "#cookie" },
				"east": { "uv": [ 0, 0, 1, 3 ], "texture": "#cookie" }
			}
		},
		{
			"from": [ 2, 24, 12 ],
			"to": [ 5, 26, 13 ],
			"faces": {
				"north": { "uv": [ 0, 0, 3, 2 ], "texture": "#cookie" },
				"south": { "uv": [ 0, 0, 16, 16 ], "texture": "#cookie" },
				"west": { "uv": [ 0, 0, 1, 2 ], "texture": "#cookie" },
				"east": { "uv": [ 0, 0, 1, 2 ], "texture": "#cookie" }
			}
		},
		{
			"from": [ 7, 24, 12 ],
			"to": [ 10, 26, 13 ],
			"faces": {
				"north": { "uv": [ 0, 0, 3, 2 ], "texture": "#water_bucket" },
				"south": { "uv": [ 0, 0, 16, 16 ], "texture": "#water_bucket" },
				"west": { "uv": [ 0, 0, 1, 2 ], "texture": "#water_bucket" },
				"east": { "uv": [ 0, 0, 1, 2 ], "texture": "#water_bucket" }
			}
		},
		{
			"from": [ 7, 20, 12 ],
			"to": [ 10, 23, 13 ],
			"faces": {
				"north": { "uv": [ 0, 0, 3, 3 ], "texture": "#water_bucket" },
				"south": { "uv": [ 0, 0, 16, 16 ], "texture": "#water_bucket" },
				"west": { "uv": [ 0, 0, 1, 3 ], "texture": "#water_bucket" },
				"east": { "uv": [ 0, 0, 1, 3 ], "texture": "#water_bucket" }
			}
		},
		{
			"from": [ 7, 16, 12 ],
			"to": [ 10, 19, 13 ],
			"faces": {
				"north": { "uv": [ 0, 0, 3, 3 ], "texture": "#water_bucket" },
				"south": { "uv": [ 0, 0, 16, 16 ], "texture": "#water_bucket" },
				"west": { "uv": [ 0, 0, 1, 3 ], "texture": "#water_bucket" },
				"east": { "uv": [ 0, 0, 1, 3 ], "texture": "#water_bucket" }
			}
		},
		{
			"from": [ 7, 12, 12 ],
			"to": [ 10, 15, 13 ],
			"faces": {
				"north": { "uv": [ 0, 0, 3, 3 ], "texture": "#water_bucket" },
				"south": { "uv": [ 0, 0, 16, 16 ], "texture": "#water_bucket" },
				"west": { "uv": [ 0, 0, 1, 3 ], "texture": "#water_bucket" },
				"east": { "uv": [ 0, 0, 16, 16 ], "texture": "#water_bucket" }
			}
		},
		{
			"from": [ 10, 10, 15 ],
			"to": [ 11, 29, 16 ],
			"faces": {
				"north": { "uv": [ 0, 0, 1, 16 ], "texture": "#glass" },
				"south": { "uv": [ 0, 0, 1, 16 ], "texture": "#glass" },
				"west": { "uv": [ 0, 0, 1, 16 ], "texture": "#glass" }
			}
		},
		{
			"from": [ 2, 10, 15 ],
			"to": [ 10, 11, 16 ],
			"faces": {
				"up": { "uv": [ 0, 0, 8, 1 ], "texture": "#glass" },
				"north": { "uv": [ 0, 0, 8, 1 ], "texture": "#glass" },
				"south": { "uv": [ 6, 15, 14, 16 ], "texture": "#glass" }
			}
		},
		{
			"from": [ 2, 28, 15 ],
			"to": [ 10, 29, 16 ],
			"faces": {
				"down": { "uv": [ 0, 0, 8, 1 ], "texture": "#glass" },
				"north": { "uv": [ 0, 0, 8, 1 ], "texture": "#glass" },
				"south": { "uv": [ 3, 0, 11, 1 ], "texture": "#glass" }
			}
		},
		{
			"from": [ 7, 12, 15 ],
			"to": [ 8, 13, 16 ],
			"faces": {
				"down": { "uv": [ 0, 0, 1, 1 ], "texture": "#glass" },
				"up": { "uv": [ 0, 0, 1, 1 ], "texture": "#glass" },
				"north": { "uv": [ 0, 0, 1, 1 ], "texture": "#glass" },
				"south": { "uv": [ 0, 0, 1, 1 ], "texture": "#glass" },
				"west": { "uv": [ 0, 0, 1, 1 ], "texture": "#glass" },
				"east": { "uv": [ 0, 0, 1, 1 ], "texture": "#glass" }
			}
		},
		{
			"from": [ 8, 13, 15 ],
			"to": [ 9, 14, 16 ],
			"faces": {
				"down": { "uv": [ 0, 0, 1, 1 ], "texture": "#glass" },
				"up": { "uv": [ 0, 0, 1, 1 ], "texture": "#glass" },
				"north": { "uv": [ 0, 0, 1, 1 ], "texture": "#glass" },
				"south": { "uv": [ 0, 0, 1, 1 ], "texture": "#glass" },
				"west": { "uv": [ 0, 0, 1, 1 ], "texture": "#glass" },
				"east": { "uv": [ 0, 0, 1, 1 ], "texture": "#glass" }
			}
		},
		{
			"from": [ 4, 26, 15 ],
			"to": [ 5, 27, 16 ],
			"faces": {
				"down": { "uv": [ 0, 0, 1, 1 ], "texture": "#glass" },
				"up": { "uv": [ 0, 0, 1, 1 ], "texture": "#glass" },
				"north": { "uv": [ 0, 0, 1, 1 ], "texture": "#glass" },
				"south": { "uv": [ 0, 0, 1, 1 ], "texture": "#glass" },
				"west": { "uv": [ 0, 0, 1, 1 ], "texture": "#glass" },
				"east": { "uv": [ 0, 0, 1, 1 ], "texture": "#glass" }
			}
		},
		{
			"from": [ 3, 25, 15 ],
			"to": [ 4, 26, 16 ],
			"faces": {
				"down": { "uv": [ 0, 0, 1, 1 ], "texture": "#glass" },
				"up": { "uv": [ 0, 0, 1, 1 ], "texture": "#glass" },
				"north": { "uv": [ 0, 0, 1, 1 ], "texture": "#glass" },
				"south": { "uv": [ 0, 0, 1, 1 ], "texture": "#glass" },
				"west": { "uv": [ 0, 0, 1, 1 ], "texture": "#glass" },
				"east": { "uv": [ 0, 0, 1, 1 ], "texture": "#glass" }
			}
		},
		{
			"from": [ 15.91, 15, 7 ],
			"to": [ 16.01, 21, 13 ],
			"faces": {
				"down": { "uv": [ 15.91, 3, 16, 9 ], "texture": "#black_concrete" },
				"up": { "uv": [ 15.91, 7, 16, 13 ], "texture": "#black_concrete" },
				"north": { "uv": [ 0, 0, 0.09000015, 1 ], "texture": "#black_concrete" },
				"south": { "uv": [ 15.91, 0, 16, 1 ], "texture": "#black_concrete" },
				"east": { "uv": [ 0, 0, 16, 16 ], "texture": "#pigscene" }
			}
		},
		{
			"from": [ 15.92, 15, 1 ],
			"to": [ 16.02, 18, 4 ],
			"rotation": { "origin": [ 8, 8, 8 ], "axis": "x", "angle": 22.5 },
			"faces": {
				"east": { "uv": [ 0, 0, 16, 16 ], "texture": "#water_bucket" }
			}
		},
		{
			"from": [ -0.09, 15, 7 ],
			"to": [ 0.01000001, 21, 13 ],
			"faces": {
				"down": { "uv": [ 0, 0, 0.1, 6 ], "texture": "#black_concrete" },
				"up": { "uv": [ 3, 0, 3.1, 6 ], "texture": "#black_concrete" },
				"north": { "uv": [ 0, 0, 0.1, 6 ], "texture": "#black_concrete" },
				"south": { "uv": [ 3, 0, 6.1, 6 ], "texture": "#black_concrete" },
				"west": { "uv": [ 16, 0, 0, 16 ], "texture": "#pigscene" }
			}
		},
		{
			"from": [ -0.09999999, 15, 1 ],
			"to": [ 7.450581E-09, 18, 4 ],
			"rotation": { "origin": [ 8, 8, 8 ], "axis": "x", "angle": 22.5 },
			"faces": {
				"west": { "uv": [ 0, 0, 16, 16 ], "texture": "#water_bucket" }
			}
		}
	],
	"display": {
		"thirdperson_righthand": {
			"rotation":  [ 75, 315, 0 ],
			"translation":  [ 0, 2.5, 0 ],
			"scale":  [ 0.375, 0.375, 0.375 ]
		},
		"thirdperson_lefthand": {
			"rotation":  [ 75, 315, 0 ],
			"translation":  [ 0, 2.5, 0 ],
			"scale":  [ 0.375, 0.375, 0.375 ]
		},
		"firstperson_righthand": {
			"rotation":  [ 0, 315, 0 ],
			"translation":  [ 0, 2.5, 0 ],
			"scale":  [ 0.4, 0.4, 0.4 ]
		},
		"firstperson_lefthand": {
			"rotation":  [ 0, 315, 0 ],
			"translation":  [ 0, 2.5, 0 ],
			"scale":  [ 0.4, 0.4, 0.4 ]
		},
		"gui": {
			"rotation":  [ 30, 45, 0 ],
			"translation":  [ 0, -3, 0 ],
			"scale":  [ 0.5, 0.5, 0.5 ]
		},
		"head": {
			"rotation":  [ 0, 180, 0 ],
			"translation":  [ 0, -29, 0 ],
			"scale":  [ 2, 2, 2 ]
		},
		"ground": {
			"translation":  [ 0, 3, 0 ],
			"scale":  [ 0.25, 0.25, 0.25 ]
		},
		"fixed": {
			"rotation":  [ 0, 180, 0 ],
			"translation":  [ 0, 6, -20 ],
			"scale":  [ 3, 3, 3 ]
		}
	}
}