{
	"__comment": "Model generated using MrCrayfish's Model Creator (https://mrcrayfish.com/tools?id=mc)",
	"textures": {
		"gray_concrete": "block/cyan_concrete",
		"black_concrete": "block/black_concrete",
		"light_gray_concrete": "block/cyan_wool"
	},
	"elements": [
		{
			"from": [ 4, 0, 0 ],
			"to": [ 13, 6, 1 ],
			"faces": {
				"down": { "uv": [ 0, 0, 9, 1 ], "texture": "#black_concrete" },
				"up": { "uv": [ 0, 0, 9, 1 ], "texture": "#black_concrete" },
				"north": { "uv": [ 0, 0, 9, 6 ], "texture": "#black_concrete" },
				"south": { "uv": [ 0, 0, 9, 6 ], "texture": "#black_concrete" },
				"west": { "uv": [ 0, 0, 1, 6 ], "texture": "#black_concrete" },
				"east": { "uv": [ 0, 0, 1, 6 ], "texture": "#black_concrete" }
			}
		},
		{
			"from": [ 4.5, 0.5, 0.01 ],
			"to": [ 12.5, 5.5, 1.01 ],
			"faces": {
				"down": { "uv": [ 1.5, 3, 13.5, 4 ], "texture": "#light_gray_concrete" },
				"up": { "uv": [ 2, 6, 14, 5 ], "texture": "#light_gray_concrete" },
				"south": { "uv": [ 2, 1, 3, 2 ], "texture": "#light_gray_concrete" },
				"west": { "uv": [ 2, 5, 3, 7 ], "texture": "#light_gray_concrete" },
				"east": { "uv": [ 14, 5, 13, 7 ], "texture": "#light_gray_concrete" }
			}
		},
		{
			"from": [ 5, 1, 0.02 ],
			"to": [ 5.5, 1.5, 1.02 ],
			"faces": {
				"down": { "uv": [ 0, 0, 0.5, 1 ], "texture": "#gray_concrete" },
				"up": { "uv": [ 0, 0, 0.5, 1 ], "texture": "#gray_concrete" },
				"south": { "uv": [ 2, 5, 14, 7 ], "texture": "#gray_concrete" },
				"west": { "uv": [ 0, 0, 1, 0.5 ], "texture": "#gray_concrete" },
				"east": { "uv": [ 0, 0, 1, 0.5 ], "texture": "#gray_concrete" }
			}
		},
		{
			"from": [ 5, 4.5, 0.02 ],
			"to": [ 5.5, 5, 1.02 ],
			"faces": {
				"down": { "uv": [ 0, 0, 0.5, 1 ], "texture": "#gray_concrete" },
				"up": { "uv": [ 0, 0, 0.5, 1 ], "texture": "#gray_concrete" },
				"south": { "uv": [ 2, 5, 14, 7 ], "texture": "#gray_concrete" },
				"west": { "uv": [ 0, 0, 1, 0.5 ], "texture": "#gray_concrete" },
				"east": { "uv": [ 0, 0, 1, 0.5 ], "texture": "#gray_concrete" }
			}
		},
		{
			"from": [ 11.5, 4.5, 0.02 ],
			"to": [ 12, 5, 1.02 ],
			"faces": {
				"down": { "uv": [ 0, 0, 0.5, 1 ], "texture": "#gray_concrete" },
				"up": { "uv": [ 0, 0, 0.5, 1 ], "texture": "#gray_concrete" },
				"south": { "uv": [ 2, 5, 14, 7 ], "texture": "#gray_concrete" },
				"west": { "uv": [ 0, 0, 1, 0.5 ], "texture": "#gray_concrete" },
				"east": { "uv": [ 0, 0, 1, 0.5 ], "texture": "#gray_concrete" }
			}
		},
		{
			"from": [ 11.5, 1, 0.02 ],
			"to": [ 12, 1.5, 1.02 ],
			"faces": {
				"down": { "uv": [ 0, 0, 0.5, 1 ], "texture": "#gray_concrete" },
				"up": { "uv": [ 0, 0, 0.5, 1 ], "texture": "#gray_concrete" },
				"south": { "uv": [ 2, 5, 14, 7 ], "texture": "#gray_concrete" },
				"west": { "uv": [ 0, 0, 1, 0.5 ], "texture": "#gray_concrete" },
				"east": { "uv": [ 0, 0, 1, 0.5 ], "texture": "#gray_concrete" }
			}
		},
		{
			"from": [ 10.5, 1.5, 0.02 ],
			"to": [ 11, 3.3, 1.02 ],
			"rotation": { "origin": [ 8, 8, 8 ], "axis": "z", "angle": -22.5 },
			"faces": {
				"down": { "uv": [ 0, 0, 0.5, 1 ], "texture": "#gray_concrete" },
				"up": { "uv": [ 0, 0, 0.5, 1 ], "texture": "#gray_concrete" },
				"north": { "uv": [ 1, 6, 4, 7 ], "texture": "#gray_concrete" },
				"south": { "uv": [ 2, 5, 14, 7 ], "texture": "#gray_concrete" },
				"west": { "uv": [ 0, 0, 1, 1.8 ], "texture": "#gray_concrete" },
				"east": { "uv": [ 0, 0, 1, 1.8 ], "texture": "#gray_concrete" }
			}
		},
		{
			"from": [ 9.5, 3.2, 0.02 ],
			"to": [ 10, 5.2, 1.02 ],
			"rotation": { "origin": [ 8, 8, 8 ], "axis": "z", "angle": -22.5 },
			"faces": {
				"down": { "uv": [ 0, 0, 0.5, 1 ], "texture": "#gray_concrete" },
				"up": { "uv": [ 0, 0, 0.5, 1 ], "texture": "#gray_concrete" },
				"north": { "uv": [ 1, 6, 4, 7 ], "texture": "#gray_concrete" },
				"south": { "uv": [ 2, 5, 14, 7 ], "texture": "#gray_concrete" },
				"west": { "uv": [ 0, 0, 1, 2 ], "texture": "#gray_concrete" },
				"east": { "uv": [ 0, 0, 1, 2 ], "texture": "#gray_concrete" }
			}
		},
		{
			"from": [ 7.5, 2.5, 0.02 ],
			"to": [ 9, 3, 1.02 ],
			"faces": {
				"down": { "uv": [ 0, 0, 1.5, 1 ], "texture": "#gray_concrete" },
				"up": { "uv": [ 0, 0, 1.5, 1 ], "texture": "#gray_concrete" },
				"south": { "uv": [ 2, 5, 14, 7 ], "texture": "#gray_concrete" },
				"west": { "uv": [ 0, 0, 1, 0.5 ], "texture": "#gray_concrete" },
				"east": { "uv": [ 0, 0, 1, 0.5 ], "texture": "#gray_concrete" }
			}
		},
		{
			"from": [ 8.25, 2, 0.02 ],
			"to": [ 8.75, 2.75, 1.02 ],
			"faces": {
				"down": { "uv": [ 0, 0, 0.5, 1 ], "texture": "#gray_concrete" },
				"south": { "uv": [ 2, 5, 14, 7 ], "texture": "#gray_concrete" },
				"west": { "uv": [ 0, 0, 1, 0.75 ], "texture": "#gray_concrete" },
				"east": { "uv": [ 0, 0, 1, 0.75 ], "texture": "#gray_concrete" }
			}
		},
		{
			"from": [ 8, 3, 0.02 ],
			"to": [ 8.5, 3.95, 1.02 ],
			"faces": {
				"up": { "uv": [ 0, 0, 0.5, 1 ], "texture": "#gray_concrete" },
				"south": { "uv": [ 2, 5, 14, 7 ], "texture": "#gray_concrete" },
				"west": { "uv": [ 0, 0, 1, 0.9499998 ], "texture": "#gray_concrete" },
				"east": { "uv": [ 0, 0, 1, 0.9499998 ], "texture": "#gray_concrete" }
			}
		}
	],
	"display": {
		"firstperson_righthand": {
			"rotation":  [ 0, 315, 0 ],
			"translation":  [ 0, 8, 0 ],
			"scale":  [ 2, 2, 2 ]
		},
		"firstperson_lefthand": {
			"rotation":  [ 0, 315, 0 ],
			"translation":  [ 0, 8, 0 ],
			"scale":  [ 2, 2, 2 ]
		},
		"gui": {
			"rotation":  [ 30, 45, 0 ],
			"translation":  [ 7, 2, 0 ],
			"scale":  [ 1.5, 1.5, 1.5 ]
		},
		"head": {
			"rotation":  [ 0, 180, 0 ],
			"translation":  [ 0, -30, -15 ],
			"scale":  [ 2, 2, 2 ]
		},
		"ground": {
			"translation":  [ 0, 3, 0 ],
			"scale":  [ 0.5, 0.5, 0.5 ]
		},
		"fixed": {
			"rotation":  [ 0, 180, 0 ],
			"translation":  [ 2, 20, -31 ],
			"scale":  [ 4, 4, 5 ]
		}
	}
}