{
    "__comment": "Model generated using MrCrayfish's Model Creator (https://mrcrayfish.com/tools?id=mc)",
    "textures": {
        "gray_concrete": "minecraft:block/gray_concrete",
        "black_concrete": "minecraft:block/black_concrete",
        "light_gray_concrete": "minecraft:block/light_gray_concrete"
    },
    "display": {
        "gui": {
            "rotation": [ 30, 45, 0 ],
            "translation": [ 0, 0, 0 ],
            "scale": [ 0.625, 0.625, 0.625 ]
        },
        "ground": {
            "rotation": [ 0, 0, 0 ],
            "translation": [ 0, 3, 0 ],
            "scale": [ 0.25, 0.25, 0.25 ]
        },
        "fixed": {
            "rotation": [ 0, 180, 0 ],
            "translation": [ 0, 0, 0 ],
            "scale": [ 1, 1, 1 ]
        },
        "head": {
            "rotation": [ 0, 180, 0 ],
            "translation": [ 0, 0, 0 ],
            "scale": [ 1, 1, 1 ]
        },
        "firstperson_righthand": {
            "rotation": [ 0, 315, 0 ],
            "translation": [ 0, 2.5, 0 ],
            "scale": [ 0.4, 0.4, 0.4 ]
        },
        "thirdperson_righthand": {
            "rotation": [ 75, 315, 0 ],
            "translation": [ 0, 2.5, 0 ],
            "scale": [ 0.375, 0.375, 0.375 ]
        }
    },
    "elements": [
        {
            "name": "Cube",
            "from": [ 4, 0, 0 ], 
            "to": [ 13, 6, 1 ], 
            "faces": {
                "north": { "texture": "#black_concrete", "uv": [ 0, 0, 9, 6 ] },
                "east": { "texture": "#black_concrete", "uv": [ 0, 0, 1, 6 ] },
                "south": { "texture": "#black_concrete", "uv": [ 0, 0, 9, 6 ] },
                "west": { "texture": "#black_concrete", "uv": [ 0, 0, 1, 6 ] },
                "up": { "texture": "#black_concrete", "uv": [ 0, 0, 9, 1 ] },
                "down": { "texture": "#black_concrete", "uv": [ 0, 0, 9, 1 ] }
            }
        },
        {
            "name": "Cube",
            "from": [ 4.5, 0.5, 0.01 ], 
            "to": [ 12.5, 5.5, 1.01 ], 
            "faces": {
                "east": { "texture": "#light_gray_concrete", "uv": [ 0, 0, 1, 5 ] },
                "south": { "texture": "#light_gray_concrete", "uv": [ 2, 5, 14, 7 ] },
                "west": { "texture": "#light_gray_concrete", "uv": [ 0, 0, 1, 5 ] },
                "up": { "texture": "#light_gray_concrete", "uv": [ 0, 0, 8, 1 ] },
                "down": { "texture": "#light_gray_concrete", "uv": [ 0, 0, 8, 1 ] }
            }
        },
        {
            "name": "Cube",
            "from": [ 5, 1, 0.02 ], 
            "to": [ 5.5, 1.5, 1.02 ], 
            "faces": {
                "east": { "texture": "#gray_concrete", "uv": [ 0, 0, 1, 0.5 ] },
                "south": { "texture": "#gray_concrete", "uv": [ 2, 5, 14, 7 ] },
                "west": { "texture": "#gray_concrete", "uv": [ 0, 0, 1, 0.5 ] },
                "up": { "texture": "#gray_concrete", "uv": [ 0, 0, 0.5, 1 ] },
                "down": { "texture": "#gray_concrete", "uv": [ 0, 0, 0.5, 1 ] }
            }
        },
        {
            "name": "Cube",
            "from": [ 5, 4.5, 0.02 ], 
            "to": [ 5.5, 5, 1.02 ], 
            "faces": {
                "east": { "texture": "#gray_concrete", "uv": [ 0, 0, 1, 0.5 ] },
                "south": { "texture": "#gray_concrete", "uv": [ 2, 5, 14, 7 ] },
                "west": { "texture": "#gray_concrete", "uv": [ 0, 0, 1, 0.5 ] },
                "up": { "texture": "#gray_concrete", "uv": [ 0, 0, 0.5, 1 ] },
                "down": { "texture": "#gray_concrete", "uv": [ 0, 0, 0.5, 1 ] }
            }
        },
        {
            "name": "Cube",
            "from": [ 11.5, 4.5, 0.02 ], 
            "to": [ 12, 5, 1.02 ], 
            "faces": {
                "east": { "texture": "#gray_concrete", "uv": [ 0, 0, 1, 0.5 ] },
                "south": { "texture": "#gray_concrete", "uv": [ 2, 5, 14, 7 ] },
                "west": { "texture": "#gray_concrete", "uv": [ 0, 0, 1, 0.5 ] },
                "up": { "texture": "#gray_concrete", "uv": [ 0, 0, 0.5, 1 ] },
                "down": { "texture": "#gray_concrete", "uv": [ 0, 0, 0.5, 1 ] }
            }
        },
        {
            "name": "Cube",
            "from": [ 11.5, 1, 0.02 ], 
            "to": [ 12, 1.5, 1.02 ], 
            "faces": {
                "east": { "texture": "#gray_concrete", "uv": [ 0, 0, 1, 0.5 ] },
                "south": { "texture": "#gray_concrete", "uv": [ 2, 5, 14, 7 ] },
                "west": { "texture": "#gray_concrete", "uv": [ 0, 0, 1, 0.5 ] },
                "up": { "texture": "#gray_concrete", "uv": [ 0, 0, 0.5, 1 ] },
                "down": { "texture": "#gray_concrete", "uv": [ 0, 0, 0.5, 1 ] }
            }
        },
        {
            "name": "Cube",
            "from": [ 10.5, 1.5, 0.02 ], 
            "to": [ 11, 3.3, 1.02 ], 
            "rotation": { "origin": [ 8, 8, 8 ], "axis": "z", "angle": -22.5 },
            "faces": {
                "north": { "texture": "#gray_concrete", "uv": [ 1, 6, 4, 7 ] },
                "east": { "texture": "#gray_concrete", "uv": [ 0, 0, 1, 1.8 ] },
                "south": { "texture": "#gray_concrete", "uv": [ 2, 5, 14, 7 ] },
                "west": { "texture": "#gray_concrete", "uv": [ 0, 0, 1, 1.8 ] },
                "up": { "texture": "#gray_concrete", "uv": [ 0, 0, 0.5, 1 ] },
                "down": { "texture": "#gray_concrete", "uv": [ 0, 0, 0.5, 1 ] }
            }
        },
        {
            "name": "Cube",
            "from": [ 9.5, 3.2, 0.02 ], 
            "to": [ 10, 5.2, 1.02 ], 
            "rotation": { "origin": [ 8, 8, 8 ], "axis": "z", "angle": -22.5 },
            "faces": {
                "north": { "texture": "#gray_concrete", "uv": [ 1, 6, 4, 7 ] },
                "east": { "texture": "#gray_concrete", "uv": [ 0, 0, 1, 2 ] },
                "south": { "texture": "#gray_concrete", "uv": [ 2, 5, 14, 7 ] },
                "west": { "texture": "#gray_concrete", "uv": [ 0, 0, 1, 2 ] },
                "up": { "texture": "#gray_concrete", "uv": [ 0, 0, 0.5, 1 ] },
                "down": { "texture": "#gray_concrete", "uv": [ 0, 0, 0.5, 1 ] }
            }
        },
        {
            "name": "Cube",
            "from": [ 7.5, 2.5, 0.02 ], 
            "to": [ 9, 3, 1.02 ], 
            "faces": {
                "east": { "texture": "#gray_concrete", "uv": [ 0, 0, 1, 0.5 ] },
                "south": { "texture": "#gray_concrete", "uv": [ 2, 5, 14, 7 ] },
                "west": { "texture": "#gray_concrete", "uv": [ 0, 0, 1, 0.5 ] },
                "up": { "texture": "#gray_concrete", "uv": [ 0, 0, 1.5, 1 ] },
                "down": { "texture": "#gray_concrete", "uv": [ 0, 0, 1.5, 1 ] }
            }
        },
        {
            "name": "Cube",
            "from": [ 8.25, 2, 0.02 ], 
            "to": [ 8.75, 2.75, 1.02 ], 
            "faces": {
                "east": { "texture": "#gray_concrete", "uv": [ 0, 0, 1, 0.75 ] },
                "south": { "texture": "#gray_concrete", "uv": [ 2, 5, 14, 7 ] },
                "west": { "texture": "#gray_concrete", "uv": [ 0, 0, 1, 0.75 ] },
                "down": { "texture": "#gray_concrete", "uv": [ 0, 0, 0.5, 1 ] }
            }
        },
        {
            "name": "Cube",
            "from": [ 8, 3, 0.02 ], 
            "to": [ 8.5, 3.95, 1.02 ], 
            "faces": {
                "east": { "texture": "#gray_concrete", "uv": [ 0, 0, 1, 0.95 ] },
                "south": { "texture": "#gray_concrete", "uv": [ 2, 5, 14, 7 ] },
                "west": { "texture": "#gray_concrete", "uv": [ 0, 0, 1, 0.95 ] },
                "up": { "texture": "#gray_concrete", "uv": [ 0, 0, 0.5, 1 ] }
			}
		}
	],
	"display": {
		"firstperson_righthand": {
			"rotation":  [ 0, 315, 0 ],
			"translation":  [ 0, 8, 0 ],
			"scale":  [ 2, 2, 2 ]
		},
		"firstperson_lefthand": {
			"rotation":  [ 0, 315, 0 ],
			"translation":  [ 0, 8, 0 ],
			"scale":  [ 2, 2, 2 ]
		},
		"gui": {
			"rotation":  [ 30, 45, 0 ],
			"translation":  [ 7, 2, 0 ],
			"scale":  [ 1.5, 1.5, 1.5 ]
		},
		"head": {
			"rotation":  [ 0, 180, 0 ],
			"translation":  [ 0, -30, -15 ],
			"scale":  [ 2, 2, 2 ]
		},
		"ground": {
			"translation":  [ 0, 3, 0 ],
			"scale":  [ 0.5, 0.5, 0.5 ]
		},
		"fixed": {
			"rotation":  [ 0, 180, 0 ],
			"translation":  [ 2, 20, -31 ],
			"scale":  [ 4, 4, 5 ]
		}
	}
}