{
	"__comment": "Designed by Cm@BlackSpigotMC with Cubik Studio - https://cubik.studio",
	"textures": {
		"BlackCC": "block/black_concrete",
		"particle": "block/light_gray_concrete",
		"Spruce": "block/stripped_spruce_log",
		"Darkoak": "block/stripped_dark_oak_log",
		"trollface": "painting/bust"
	},
	"elements": [
		{
			"__comment": "Cube3",
			"from": [ 7.5, 31, 8 ],
			"to": [ 9.5, 32, 10 ],
			"faces": {
				"down": { "uv": [ 0, 0, 16, 16 ], "texture": "#BlackCC", "cullface": "down", "tintindex": 0 },
				"up": { "uv": [ 0, 0, 16, 16 ], "texture": "#BlackCC", "cullface": "up", "tintindex": 0 },
				"north": { "uv": [ 0, 0, 16, 16 ], "texture": "#BlackCC", "cullface": "north", "tintindex": 0 },
				"south": { "uv": [ 0, 0, 16, 16 ], "texture": "#BlackCC", "cullface": "south", "tintindex": 0 },
				"west": { "uv": [ 0, 0, 16, 16 ], "texture": "#BlackCC", "cullface": "west", "tintindex": 0 },
				"east": { "uv": [ 0, 0, 16, 16 ], "texture": "#BlackCC", "cullface": "east", "tintindex": 0 }
			}
		},
		{
			"__comment": "Cube4",
			"from": [ 7.5, 31.25, 7.5 ],
			"to": [ 9.5, 31.75, 10.5 ],
			"faces": {
				"down": { "uv": [ 0, 0, 16, 16 ], "texture": "#BlackCC", "cullface": "down", "tintindex": 0 },
				"up": { "uv": [ 0, 0, 16, 16 ], "texture": "#BlackCC", "cullface": "up", "tintindex": 0 },
				"north": { "uv": [ 0, 0, 16, 16 ], "texture": "#BlackCC", "cullface": "north", "tintindex": 0 },
				"south": { "uv": [ 0, 0, 16, 16 ], "texture": "#BlackCC", "cullface": "south", "tintindex": 0 },
				"west": { "uv": [ 0, 0, 16, 16 ], "texture": "#BlackCC", "cullface": "west", "tintindex": 0 },
				"east": { "uv": [ 0, 0, 16, 16 ], "texture": "#BlackCC", "cullface": "east", "tintindex": 0 }
			}
		},
		{
			"__comment": "Cube5",
			"from": [ 7, 31.25, 8 ],
			"to": [ 10, 31.75, 10 ],
			"faces": {
				"down": { "uv": [ 0, 0, 16, 16 ], "texture": "#BlackCC", "cullface": "down", "tintindex": 0 },
				"up": { "uv": [ 0, 0, 16, 16 ], "texture": "#BlackCC", "cullface": "up", "tintindex": 0 },
				"north": { "uv": [ 0, 0, 16, 16 ], "texture": "#BlackCC", "cullface": "north", "tintindex": 0 },
				"south": { "uv": [ 0, 0, 16, 16 ], "texture": "#BlackCC", "cullface": "south", "tintindex": 0 },
				"west": { "uv": [ 0, 0, 16, 16 ], "texture": "#BlackCC", "cullface": "west", "tintindex": 0 },
				"east": { "uv": [ 0, 0, 16, 16 ], "texture": "#BlackCC", "cullface": "east", "tintindex": 0 }
			}
		},
		{
			"__comment": "Cube6",
			"from": [ 7.5, 27.5, 7.25 ],
			"to": [ 9.5, 31.5, 10.75 ],
			"faces": {
				"down": { "uv": [ 0, 0, 16, 16 ], "texture": "#BlackCC", "cullface": "down", "tintindex": 0 },
				"up": { "uv": [ 0, 0, 16, 16 ], "texture": "#BlackCC", "cullface": "up", "tintindex": 0 },
				"north": { "uv": [ 0, 0, 16, 16 ], "texture": "#BlackCC", "cullface": "north", "tintindex": 0 },
				"south": { "uv": [ 0, 0, 16, 16 ], "texture": "#BlackCC", "cullface": "south", "tintindex": 0 },
				"west": { "uv": [ 0, 0, 16, 16 ], "texture": "#BlackCC", "cullface": "west", "tintindex": 0 },
				"east": { "uv": [ 0, 0, 16, 16 ], "texture": "#BlackCC", "cullface": "east", "tintindex": 0 }
			}
		},
		{
			"__comment": "Cube7",
			"from": [ 6.75, 27.5, 8 ],
			"to": [ 10.25, 31.5, 10 ],
			"faces": {
				"down": { "uv": [ 0, 0, 16, 16 ], "texture": "#BlackCC", "cullface": "down", "tintindex": 0 },
				"up": { "uv": [ 0, 0, 16, 16 ], "texture": "#BlackCC", "cullface": "up", "tintindex": 0 },
				"north": { "uv": [ 0, 0, 16, 16 ], "texture": "#BlackCC", "cullface": "north", "tintindex": 0 },
				"south": { "uv": [ 0, 0, 16, 16 ], "texture": "#BlackCC", "cullface": "south", "tintindex": 0 },
				"west": { "uv": [ 0, 0, 16, 16 ], "texture": "#BlackCC", "cullface": "west", "tintindex": 0 },
				"east": { "uv": [ 0, 0, 16, 16 ], "texture": "#BlackCC", "cullface": "east", "tintindex": 0 }
			}
		},
		{
			"__comment": "Cube8",
			"from": [ 7, 27.5, 7.75 ],
			"to": [ 10, 31.5, 10.25 ],
			"faces": {
				"down": { "uv": [ 0, 0, 16, 16 ], "texture": "#BlackCC", "tintindex": 0 },
				"up": { "uv": [ 0, 0, 16, 16 ], "texture": "#BlackCC", "tintindex": 0 },
				"north": { "uv": [ 0, 0, 16, 16 ], "texture": "#BlackCC", "tintindex": 0 },
				"south": { "uv": [ 0, 0, 16, 16 ], "texture": "#BlackCC", "tintindex": 0 },
				"west": { "uv": [ 0, 0, 16, 16 ], "texture": "#BlackCC", "tintindex": 0 },
				"east": { "uv": [ 0, 0, 16, 16 ], "texture": "#BlackCC", "tintindex": 0 }
			}
		},
		{
			"__comment": "Cube9",
			"from": [ 7.25, 27.5, 7.5 ],
			"to": [ 9.75, 31.5, 10.5 ],
			"faces": {
				"down": { "uv": [ 0, 0, 16, 16 ], "texture": "#BlackCC", "tintindex": 0 },
				"up": { "uv": [ 0, 0, 16, 16 ], "texture": "#BlackCC", "tintindex": 0 },
				"north": { "uv": [ 0, 0, 16, 16 ], "texture": "#BlackCC", "tintindex": 0 },
				"south": { "uv": [ 0, 0, 16, 16 ], "texture": "#BlackCC", "tintindex": 0 },
				"west": { "uv": [ 0, 0, 16, 16 ], "texture": "#BlackCC", "tintindex": 0 },
				"east": { "uv": [ 0, 0, 16, 16 ], "texture": "#BlackCC", "tintindex": 0 }
			}
		},
		{
			"__comment": "Cube10",
			"from": [ 7.5, 7, 7.25 ],
			"to": [ 9.5, 27.5, 10.75 ],
			"faces": {
				"down": { "uv": [ 7.5, 5.25, 9.5, 8.75 ], "texture": "#particle" },
				"up": { "uv": [ 7.5, 7.25, 9.5, 10.75 ], "texture": "#particle" },
				"north": { "uv": [ 6.5, 0, 8.5, 9 ], "texture": "#particle" },
				"south": { "uv": [ 7.5, 0, 9.5, 9 ], "texture": "#particle" },
				"west": { "uv": [ 7.25, 0, 10.75, 9 ], "texture": "#particle" },
				"east": { "uv": [ 5.25, 0, 8.75, 9 ], "texture": "#particle" }
			}
		},
		{
			"__comment": "Cube11",
			"from": [ 6.75, 7, 8 ],
			"to": [ 10.25, 27.5, 10 ],
			"faces": {
				"down": { "uv": [ 6.75, 6, 10.25, 8 ], "texture": "#particle" },
				"up": { "uv": [ 6.75, 8, 10.25, 10 ], "texture": "#particle" },
				"north": { "uv": [ 5.75, 0, 9.25, 9 ], "texture": "#particle" },
				"south": { "uv": [ 6.75, 0, 10.25, 9 ], "texture": "#particle" },
				"west": { "uv": [ 8, 0, 10, 9 ], "texture": "#particle" },
				"east": { "uv": [ 6, 0, 8, 9 ], "texture": "#particle" }
			}
		},
		{
			"__comment": "Cube12",
			"from": [ 7, 7, 7.75 ],
			"to": [ 10, 27.5, 10.25 ],
			"faces": {
				"down": { "uv": [ 7, 5.75, 10, 8.25 ], "texture": "#particle" },
				"up": { "uv": [ 7, 7.75, 10, 10.25 ], "texture": "#particle" },
				"north": { "uv": [ 6, 0, 9, 9 ], "texture": "#particle" },
				"south": { "uv": [ 7, 0, 10, 9 ], "texture": "#particle" },
				"west": { "uv": [ 7.75, 0, 10.25, 9 ], "texture": "#particle" },
				"east": { "uv": [ 5.75, 0, 8.25, 9 ], "texture": "#particle" }
			}
		},
		{
			"__comment": "Cube13",
			"from": [ 7.25, 7, 7.5 ],
			"to": [ 9.75, 27.5, 10.5 ],
			"faces": {
				"down": { "uv": [ 7.25, 5.5, 9.75, 8.5 ], "texture": "#particle" },
				"up": { "uv": [ 7.25, 7.5, 9.75, 10.5 ], "texture": "#particle" },
				"north": { "uv": [ 6.25, 0, 8.75, 9 ], "texture": "#particle" },
				"south": { "uv": [ 7.25, 0, 9.75, 9 ], "texture": "#particle" },
				"west": { "uv": [ 7.5, 0, 10.5, 9 ], "texture": "#particle" },
				"east": { "uv": [ 5.5, 0, 8.5, 9 ], "texture": "#particle" }
			}
		},
		{
			"__comment": "Cube14",
			"from": [ 7.5, 5, 7.75 ],
			"to": [ 9.5, 7, 10.25 ],
			"faces": {
				"down": { "uv": [ 7.5, 5.75, 9.5, 8.25 ], "texture": "#particle" },
				"up": { "uv": [ 7.5, 7.75, 9.5, 10.25 ], "texture": "#particle" },
				"north": { "uv": [ 6.5, 9, 8.5, 11 ], "texture": "#particle" },
				"south": { "uv": [ 7.5, 9, 9.5, 11 ], "texture": "#particle" },
				"west": { "uv": [ 7.75, 9, 10.25, 11 ], "texture": "#particle" },
				"east": { "uv": [ 5.75, 9, 8.25, 11 ], "texture": "#particle" }
			}
		},
		{
			"__comment": "Cube15",
			"from": [ 7.75, 5, 7.5 ],
			"to": [ 9.25, 7, 10.5 ],
			"faces": {
				"down": { "uv": [ 7.75, 5.5, 9.25, 8.5 ], "texture": "#particle" },
				"up": { "uv": [ 7.75, 7.5, 9.25, 10.5 ], "texture": "#particle" },
				"north": { "uv": [ 6.75, 9, 8.25, 11 ], "texture": "#particle" },
				"south": { "uv": [ 7.75, 9, 9.25, 11 ], "texture": "#particle" },
				"west": { "uv": [ 7.5, 9, 10.5, 11 ], "texture": "#particle" },
				"east": { "uv": [ 5.5, 9, 8.5, 11 ], "texture": "#particle" }
			}
		},
		{
			"__comment": "Cube16",
			"from": [ 7, 5, 8.25 ],
			"to": [ 10, 7, 9.75 ],
			"faces": {
				"down": { "uv": [ 7, 6.25, 10, 7.75 ], "texture": "#particle" },
				"up": { "uv": [ 7, 8.25, 10, 9.75 ], "texture": "#particle" },
				"north": { "uv": [ 6, 9, 9, 11 ], "texture": "#particle" },
				"south": { "uv": [ 7, 9, 10, 11 ], "texture": "#particle" },
				"west": { "uv": [ 8.25, 9, 9.75, 11 ], "texture": "#particle" },
				"east": { "uv": [ 6.25, 9, 7.75, 11 ], "texture": "#particle" }
			}
		},
		{
			"__comment": "Cube17",
			"from": [ 7.25, 5, 8 ],
			"to": [ 9.75, 7, 10 ],
			"faces": {
				"down": { "uv": [ 7.25, 6, 9.75, 8 ], "texture": "#particle" },
				"up": { "uv": [ 7.25, 8, 9.75, 10 ], "texture": "#particle" },
				"north": { "uv": [ 6.25, 9, 8.75, 11 ], "texture": "#particle" },
				"south": { "uv": [ 7.25, 9, 9.75, 11 ], "texture": "#particle" },
				"west": { "uv": [ 8, 9, 10, 11 ], "texture": "#particle" },
				"east": { "uv": [ 6, 9, 8, 11 ], "texture": "#particle" }
			}
		},
		{
			"__comment": "Cube18",
			"from": [ 7.5, 3, 8.25 ],
			"to": [ 9.5, 5, 9.75 ],
			"faces": {
				"down": { "uv": [ 7.5, 6.25, 9.5, 7.75 ], "texture": "#particle" },
				"up": { "uv": [ 7.5, 8.25, 9.5, 9.75 ], "texture": "#particle" },
				"north": { "uv": [ 6.5, 11, 8.5, 13 ], "texture": "#particle" },
				"south": { "uv": [ 7.5, 11, 9.5, 13 ], "texture": "#particle" },
				"west": { "uv": [ 8.25, 11, 9.75, 13 ], "texture": "#particle" },
				"east": { "uv": [ 6.25, 11, 7.75, 13 ], "texture": "#particle" }
			}
		},
		{
			"__comment": "Cube19",
			"from": [ 7.75, 3, 8 ],
			"to": [ 9.25, 5, 10 ],
			"faces": {
				"down": { "uv": [ 7.75, 6, 9.25, 8 ], "texture": "#particle" },
				"up": { "uv": [ 7.75, 8, 9.25, 10 ], "texture": "#particle" },
				"north": { "uv": [ 6.75, 11, 8.25, 13 ], "texture": "#particle" },
				"south": { "uv": [ 7.75, 11, 9.25, 13 ], "texture": "#particle" },
				"west": { "uv": [ 8, 11, 10, 13 ], "texture": "#particle" },
				"east": { "uv": [ 6, 11, 8, 13 ], "texture": "#particle" }
			}
		},
		{
			"__comment": "Cube20",
			"from": [ 8, 3, 7.75 ],
			"to": [ 9, 5, 10.25 ],
			"faces": {
				"down": { "uv": [ 8, 5.75, 9, 8.25 ], "texture": "#particle" },
				"up": { "uv": [ 8, 7.75, 9, 10.25 ], "texture": "#particle" },
				"north": { "uv": [ 7, 11, 8, 13 ], "texture": "#particle" },
				"south": { "uv": [ 8, 11, 9, 13 ], "texture": "#particle" },
				"west": { "uv": [ 7.75, 11, 10.25, 13 ], "texture": "#particle" },
				"east": { "uv": [ 5.75, 11, 8.25, 13 ], "texture": "#particle" }
			}
		},
		{
			"__comment": "Cube21",
			"from": [ 7.25, 3, 8.5 ],
			"to": [ 9.75, 5, 9.5 ],
			"faces": {
				"down": { "uv": [ 7.25, 6.5, 9.75, 7.5 ], "texture": "#particle" },
				"up": { "uv": [ 7.25, 8.5, 9.75, 9.5 ], "texture": "#particle" },
				"north": { "uv": [ 6.25, 11, 8.75, 13 ], "texture": "#particle" },
				"south": { "uv": [ 7.25, 11, 9.75, 13 ], "texture": "#particle" },
				"west": { "uv": [ 8.5, 11, 9.5, 13 ], "texture": "#particle" },
				"east": { "uv": [ 6.5, 11, 7.5, 13 ], "texture": "#particle" }
			}
		},
		{
			"__comment": "Cube22",
			"from": [ 7.5, 1, 8.75 ],
			"to": [ 9.5, 3, 9.25 ],
			"faces": {
				"down": { "uv": [ 7.5, 6.75, 9.5, 7.25 ], "texture": "#particle" },
				"up": { "uv": [ 7.5, 8.75, 9.5, 9.25 ], "texture": "#particle" },
				"north": { "uv": [ 6.5, 13, 8.5, 15 ], "texture": "#particle" },
				"south": { "uv": [ 7.5, 13, 9.5, 15 ], "texture": "#particle" },
				"west": { "uv": [ 8.75, 13, 9.25, 15 ], "texture": "#particle" },
				"east": { "uv": [ 6.75, 13, 7.25, 15 ], "texture": "#particle" }
			}
		},
		{
			"__comment": "Cube23",
			"from": [ 7.75, 1, 8.5 ],
			"to": [ 9.25, 3, 9.5 ],
			"faces": {
				"down": { "uv": [ 7.75, 6.5, 9.25, 7.5 ], "texture": "#particle" },
				"up": { "uv": [ 7.75, 8.5, 9.25, 9.5 ], "texture": "#particle" },
				"north": { "uv": [ 6.75, 13, 8.25, 15 ], "texture": "#particle" },
				"south": { "uv": [ 7.75, 13, 9.25, 15 ], "texture": "#particle" },
				"west": { "uv": [ 8.5, 13, 9.5, 15 ], "texture": "#particle" },
				"east": { "uv": [ 6.5, 13, 7.5, 15 ], "texture": "#particle" }
			}
		},
		{
			"__comment": "Cube24",
			"from": [ 8, 1, 8.25 ],
			"to": [ 9, 3, 9.75 ],
			"faces": {
				"down": { "uv": [ 8, 6.25, 9, 7.75 ], "texture": "#particle" },
				"up": { "uv": [ 8, 8.25, 9, 9.75 ], "texture": "#particle" },
				"north": { "uv": [ 7, 13, 8, 15 ], "texture": "#particle" },
				"south": { "uv": [ 8, 13, 9, 15 ], "texture": "#particle" },
				"west": { "uv": [ 8.25, 13, 9.75, 15 ], "texture": "#particle" },
				"east": { "uv": [ 6.25, 13, 7.75, 15 ], "texture": "#particle" }
			}
		},
		{
			"__comment": "Cube25",
			"from": [ 8.25, 1, 8 ],
			"to": [ 8.75, 3, 10 ],
			"faces": {
				"down": { "uv": [ 8.25, 6, 8.75, 8 ], "texture": "#particle" },
				"up": { "uv": [ 8.25, 8, 8.75, 10 ], "texture": "#particle" },
				"north": { "uv": [ 7.25, 13, 7.75, 15 ], "texture": "#particle" },
				"south": { "uv": [ 8.25, 13, 8.75, 15 ], "texture": "#particle" },
				"west": { "uv": [ 8, 13, 10, 15 ], "texture": "#particle" },
				"east": { "uv": [ 6, 13, 8, 15 ], "texture": "#particle" }
			}
		},
		{
			"__comment": "Cube26",
			"from": [ 7.75, -1, 8.75 ],
			"to": [ 9.25, 1, 9.25 ],
			"faces": {
				"down": { "uv": [ 7.75, 6.75, 9.25, 7.25 ], "texture": "#particle" },
				"up": { "uv": [ 7.75, 8.75, 9.25, 9.25 ], "texture": "#particle" },
				"north": { "uv": [ 6.75, 15, 8.25, 16 ], "texture": "#particle" },
				"south": { "uv": [ 7.75, 15, 9.25, 16 ], "texture": "#particle" },
				"west": { "uv": [ 8.75, 15, 9.25, 16 ], "texture": "#particle" },
				"east": { "uv": [ 6.75, 15, 7.25, 16 ], "texture": "#particle" }
			}
		},
		{
			"__comment": "Cube27",
			"from": [ 8.25, -1, 8.25 ],
			"to": [ 8.75, 1, 9.75 ],
			"faces": {
				"down": { "uv": [ 8.25, 6.25, 8.75, 7.75 ], "texture": "#particle" },
				"up": { "uv": [ 8.25, 8.25, 8.75, 9.75 ], "texture": "#particle" },
				"north": { "uv": [ 7.25, 15, 7.75, 16 ], "texture": "#particle" },
				"south": { "uv": [ 8.25, 15, 8.75, 16 ], "texture": "#particle" },
				"west": { "uv": [ 8.25, 15, 9.75, 16 ], "texture": "#particle" },
				"east": { "uv": [ 6.25, 15, 7.75, 16 ], "texture": "#particle" }
			}
		},
		{
			"__comment": "Cube28",
			"from": [ 8, -1, 8.5 ],
			"to": [ 9, 1, 9.5 ],
			"faces": {
				"down": { "uv": [ 8, 6.5, 9, 7.5 ], "texture": "#particle" },
				"up": { "uv": [ 8, 8.5, 9, 9.5 ], "texture": "#particle" },
				"north": { "uv": [ 7, 15, 8, 16 ], "texture": "#particle" },
				"south": { "uv": [ 8, 15, 9, 16 ], "texture": "#particle" },
				"west": { "uv": [ 8.5, 15, 9.5, 16 ], "texture": "#particle" },
				"east": { "uv": [ 6.5, 15, 7.5, 16 ], "texture": "#particle" }
			}
		},
		{
			"__comment": "Cube29",
			"from": [ 8.25, -3.5, 8.75 ],
			"to": [ 8.75, -1.5, 9.25 ],
			"faces": {
				"down": { "uv": [ 8.25, 6.75, 8.75, 7.25 ], "texture": "#particle" },
				"up": { "uv": [ 8.25, 8.75, 8.75, 9.25 ], "texture": "#particle" },
				"north": { "uv": [ 7.25, 16, 7.75, 16 ], "texture": "#particle" },
				"south": { "uv": [ 8.25, 16, 8.75, 16 ], "texture": "#particle" },
				"west": { "uv": [ 8.75, 16, 9.25, 16 ], "texture": "#particle" },
				"east": { "uv": [ 6.75, 16, 7.25, 16 ], "texture": "#particle" }
			}
		},
		{
			"__comment": "Cube30",
			"from": [ 6.25, -5, 8.75 ],
			"to": [ 10.75, -4.5, 9.25 ],
			"faces": {
				"down": { "uv": [ 0, 6, 0.5, 10.5 ], "texture": "#Darkoak" },
				"up": { "uv": [ 0, 6, 0.5, 10.5 ], "texture": "#Darkoak" },
				"north": { "uv": [ 0, 6, 0.5, 10.5 ], "texture": "#Darkoak" },
				"south": { "uv": [ 0, 6, 0.5, 10.5 ], "texture": "#Darkoak" },
				"west": { "uv": [ 0, 6, 0.5, 10.5 ], "texture": "#Darkoak" },
				"east": { "uv": [ 0, 6, 0.5, 10.5 ], "texture": "#Darkoak" }
			}
		},
		{
			"__comment": "Cube31",
			"from": [ 8.25, -5, 6.75 ],
			"to": [ 8.75, -4.5, 11.25 ],
			"faces": {
				"down": { "uv": [ 0, 6, 0.5, 10.5 ], "texture": "#Darkoak" },
				"up": { "uv": [ 0, 6, 0.5, 10.5 ], "texture": "#Darkoak" },
				"north": { "uv": [ 0, 6, 0.5, 10.5 ], "texture": "#Darkoak" },
				"south": { "uv": [ 0, 6, 0.5, 10.5 ], "texture": "#Darkoak" },
				"west": { "uv": [ 0, 6, 0.5, 10.5 ], "texture": "#Darkoak" },
				"east": { "uv": [ 0, 6, 0.5, 10.5 ], "texture": "#Darkoak" }
			}
		},
		{
			"__comment": "Cube32",
			"from": [ 6.25, -4.5, 8.75 ],
			"to": [ 10.75, -3.5, 9.25 ],
			"faces": {
				"down": { "uv": [ 6.25, 6.75, 7, 7.25 ], "texture": "#Spruce" },
				"up": { "uv": [ 6.25, 6.75, 7, 7.25 ], "texture": "#Spruce" },
				"north": { "uv": [ 6.25, 6.75, 7, 7.25 ], "texture": "#Spruce" },
				"south": { "uv": [ 6.25, 6.75, 7, 7.25 ], "texture": "#Spruce" },
				"west": { "uv": [ 6.25, 6.75, 7, 7.25 ], "texture": "#Spruce" },
				"east": { "uv": [ 6.25, 6.75, 7, 7.25 ], "texture": "#Spruce" }
			}
		},
		{
			"__comment": "Cube33",
			"from": [ 8.25, -4.5, 6.75 ],
			"to": [ 8.75, -3.5, 11.25 ],
			"faces": {
				"down": { "uv": [ 6.25, 6.75, 7, 7.25 ], "texture": "#Spruce" },
				"up": { "uv": [ 6.25, 6.75, 7, 7.25 ], "texture": "#Spruce" },
				"north": { "uv": [ 6.25, 6.75, 7, 7.25 ], "texture": "#Spruce" },
				"south": { "uv": [ 6.25, 6.75, 7, 7.25 ], "texture": "#Spruce" },
				"west": { "uv": [ 6.25, 6.75, 7, 7.25 ], "texture": "#Spruce" },
				"east": { "uv": [ 6.25, 6.75, 7, 7.25 ], "texture": "#Spruce" }
			}
		},
		{
			"__comment": "Cube34",
			"from": [ 6.25, -3.5, 8.75 ],
			"to": [ 7.25, -1.5, 9.25 ],
			"faces": {
				"down": { "uv": [ 6.25, 6.75, 7, 7.25 ], "texture": "#Spruce" },
				"up": { "uv": [ 6.25, 6.75, 7, 7.25 ], "texture": "#Spruce" },
				"north": { "uv": [ 6.25, 6.75, 7, 7.25 ], "texture": "#Spruce" },
				"south": { "uv": [ 6.25, 6.75, 7, 7.25 ], "texture": "#Spruce" },
				"west": { "uv": [ 6.25, 6.75, 7, 7.25 ], "texture": "#Spruce" },
				"east": { "uv": [ 6.25, 6.75, 7, 7.25 ], "texture": "#Spruce" }
			}
		},
		{
			"__comment": "Cube35",
			"from": [ 9.75, -3.5, 8.75 ],
			"to": [ 10.75, -1.5, 9.25 ],
			"faces": {
				"down": { "uv": [ 6.25, 6.75, 7, 7.25 ], "texture": "#Spruce" },
				"up": { "uv": [ 6.25, 6.75, 7, 7.25 ], "texture": "#Spruce" },
				"north": { "uv": [ 6.25, 6.75, 7, 7.25 ], "texture": "#Spruce" },
				"south": { "uv": [ 6.25, 6.75, 7, 7.25 ], "texture": "#Spruce" },
				"west": { "uv": [ 6.25, 6.75, 7, 7.25 ], "texture": "#Spruce" },
				"east": { "uv": [ 6.25, 6.75, 7, 7.25 ], "texture": "#Spruce" }
			}
		},
		{
			"__comment": "Cube36",
			"from": [ 6.25, -1.5, 8.75 ],
			"to": [ 7, 0.5, 9.25 ],
			"faces": {
				"down": { "uv": [ 6.25, 6.75, 7, 7.25 ], "texture": "#Spruce" },
				"up": { "uv": [ 6.25, 6.75, 7, 7.25 ], "texture": "#Spruce" },
				"north": { "uv": [ 6.25, 6.75, 7, 7.25 ], "texture": "#Spruce" },
				"south": { "uv": [ 6.25, 6.75, 7, 7.25 ], "texture": "#Spruce" },
				"west": { "uv": [ 6.25, 6.75, 7, 7.25 ], "texture": "#Spruce" },
				"east": { "uv": [ 6.25, 6.75, 7, 7.25 ], "texture": "#Spruce" }
			}
		},
		{
			"__comment": "Cube37",
			"from": [ 6.25, 0.5, 8.75 ],
			"to": [ 6.75, 2.5, 9.25 ],
			"faces": {
				"down": { "uv": [ 6.25, 6.75, 7, 7.25 ], "texture": "#Spruce" },
				"up": { "uv": [ 6.25, 6.75, 7, 7.25 ], "texture": "#Spruce" },
				"north": { "uv": [ 6.25, 6.75, 7, 7.25 ], "texture": "#Spruce" },
				"south": { "uv": [ 6.25, 6.75, 7, 7.25 ], "texture": "#Spruce" },
				"west": { "uv": [ 6.25, 6.75, 7, 7.25 ], "texture": "#Spruce" },
				"east": { "uv": [ 6.25, 6.75, 7, 7.25 ], "texture": "#Spruce" }
			}
		},
		{
			"__comment": "Cube38",
			"from": [ 10, -1.5, 8.75 ],
			"to": [ 10.75, 0.5, 9.25 ],
			"faces": {
				"down": { "uv": [ 6.25, 6.75, 7, 7.25 ], "texture": "#Spruce" },
				"up": { "uv": [ 6.25, 6.75, 7, 7.25 ], "texture": "#Spruce" },
				"north": { "uv": [ 6.25, 6.75, 7, 7.25 ], "texture": "#Spruce" },
				"south": { "uv": [ 6.25, 6.75, 7, 7.25 ], "texture": "#Spruce" },
				"west": { "uv": [ 6.25, 6.75, 7, 7.25 ], "texture": "#Spruce" },
				"east": { "uv": [ 6.25, 6.75, 7, 7.25 ], "texture": "#Spruce" }
			}
		},
		{
			"__comment": "Cube39",
			"from": [ 10.25, 0.5, 8.75 ],
			"to": [ 10.75, 2.5, 9.25 ],
			"faces": {
				"down": { "uv": [ 6.25, 6.75, 7, 7.25 ], "texture": "#Spruce" },
				"up": { "uv": [ 6.25, 6.75, 7, 7.25 ], "texture": "#Spruce" },
				"north": { "uv": [ 6.25, 6.75, 7, 7.25 ], "texture": "#Spruce" },
				"south": { "uv": [ 6.25, 6.75, 7, 7.25 ], "texture": "#Spruce" },
				"west": { "uv": [ 6.25, 6.75, 7, 7.25 ], "texture": "#Spruce" },
				"east": { "uv": [ 6.25, 6.75, 7, 7.25 ], "texture": "#Spruce" }
			}
		},
		{
			"__comment": "Cube40",
			"from": [ 8.25, -3.5, 6.75 ],
			"to": [ 8.75, -1.5, 7.75 ],
			"faces": {
				"down": { "uv": [ 6.25, 6.75, 7, 7.25 ], "texture": "#Spruce" },
				"up": { "uv": [ 6.25, 6.75, 7, 7.25 ], "texture": "#Spruce" },
				"north": { "uv": [ 6.25, 6.75, 7, 7.25 ], "texture": "#Spruce" },
				"south": { "uv": [ 6.25, 6.75, 7, 7.25 ], "texture": "#Spruce" },
				"west": { "uv": [ 6.25, 6.75, 7, 7.25 ], "texture": "#Spruce" },
				"east": { "uv": [ 6.25, 6.75, 7, 7.25 ], "texture": "#Spruce" }
			}
		},
		{
			"__comment": "Cube41",
			"from": [ 8.25, -1.5, 6.75 ],
			"to": [ 8.75, 0.5, 7.5 ],
			"faces": {
				"down": { "uv": [ 6.25, 6.75, 7, 7.25 ], "texture": "#Spruce" },
				"up": { "uv": [ 6.25, 6.75, 7, 7.25 ], "texture": "#Spruce" },
				"north": { "uv": [ 6.25, 6.75, 7, 7.25 ], "texture": "#Spruce" },
				"south": { "uv": [ 6.25, 6.75, 7, 7.25 ], "texture": "#Spruce" },
				"west": { "uv": [ 6.25, 6.75, 7, 7.25 ], "texture": "#Spruce" },
				"east": { "uv": [ 6.25, 6.75, 7, 7.25 ], "texture": "#Spruce" }
			}
		},
		{
			"__comment": "Cube42",
			"from": [ 8.25, 0.5, 6.75 ],
			"to": [ 8.75, 2.5, 7.25 ],
			"faces": {
				"down": { "uv": [ 6.25, 6.75, 7, 7.25 ], "texture": "#Spruce" },
				"up": { "uv": [ 6.25, 6.75, 7, 7.25 ], "texture": "#Spruce" },
				"north": { "uv": [ 6.25, 6.75, 7, 7.25 ], "texture": "#Spruce" },
				"south": { "uv": [ 6.25, 6.75, 7, 7.25 ], "texture": "#Spruce" },
				"west": { "uv": [ 6.25, 6.75, 7, 7.25 ], "texture": "#Spruce" },
				"east": { "uv": [ 6.25, 6.75, 7, 7.25 ], "texture": "#Spruce" }
			}
		},
		{
			"__comment": "Cube43",
			"from": [ 8.25, -3.5, 10.25 ],
			"to": [ 8.75, -1.5, 11.25 ],
			"faces": {
				"down": { "uv": [ 6.25, 6.75, 7, 7.25 ], "texture": "#Spruce" },
				"up": { "uv": [ 6.25, 6.75, 7, 7.25 ], "texture": "#Spruce" },
				"north": { "uv": [ 6.25, 6.75, 7, 7.25 ], "texture": "#Spruce" },
				"south": { "uv": [ 6.25, 6.75, 7, 7.25 ], "texture": "#Spruce" },
				"west": { "uv": [ 6.25, 6.75, 7, 7.25 ], "texture": "#Spruce" },
				"east": { "uv": [ 6.25, 6.75, 7, 7.25 ], "texture": "#Spruce" }
			}
		},
		{
			"__comment": "Cube44",
			"from": [ 8.25, -1.5, 10.5 ],
			"to": [ 8.75, 0.5, 11.25 ],
			"faces": {
				"down": { "uv": [ 6.25, 6.75, 7, 7.25 ], "texture": "#Spruce" },
				"up": { "uv": [ 6.25, 6.75, 7, 7.25 ], "texture": "#Spruce" },
				"north": { "uv": [ 6.25, 6.75, 7, 7.25 ], "texture": "#Spruce" },
				"south": { "uv": [ 6.25, 6.75, 7, 7.25 ], "texture": "#Spruce" },
				"west": { "uv": [ 6.25, 6.75, 7, 7.25 ], "texture": "#Spruce" },
				"east": { "uv": [ 6.25, 6.75, 7, 7.25 ], "texture": "#Spruce" }
			}
		},
		{
			"__comment": "Cube45",
			"from": [ 8.25, 0.5, 10.75 ],
			"to": [ 8.75, 2.5, 11.25 ],
			"faces": {
				"down": { "uv": [ 6.25, 6.75, 7, 7.25 ], "texture": "#Spruce" },
				"up": { "uv": [ 6.25, 6.75, 7, 7.25 ], "texture": "#Spruce" },
				"north": { "uv": [ 6.25, 6.75, 7, 7.25 ], "texture": "#Spruce" },
				"south": { "uv": [ 6.25, 6.75, 7, 7.25 ], "texture": "#Spruce" },
				"west": { "uv": [ 6.25, 6.75, 7, 7.25 ], "texture": "#Spruce" },
				"east": { "uv": [ 6.25, 6.75, 7, 7.25 ], "texture": "#Spruce" }
			}
		},
		{
			"__comment": "Cube46",
			"from": [ 8.375, 1.48, 9.724999 ],
			"to": [ 8.625, 2.48, 10.225 ],
			"rotation": { "origin": [ 8, 2, 10 ], "axis": "x", "angle": 45 },
			"faces": {
				"down": { "uv": [ 8, 5.5, 8.25, 6 ], "texture": "#particle" },
				"up": { "uv": [ 8, 10, 8.25, 10.5 ], "texture": "#particle" },
				"north": { "uv": [ 7.75, 16, 8, 16 ], "texture": "#particle" },
				"south": { "uv": [ 8, 16, 8.25, 16 ], "texture": "#particle" },
				"west": { "uv": [ 10, 16, 10.5, 16 ], "texture": "#particle" },
				"east": { "uv": [ 5.5, 16, 6, 16 ], "texture": "#particle" }
			}
		},
		{
			"__comment": "Cube47",
			"from": [ 8.375, 2.18, 7.5 ],
			"to": [ 8.625, 3.18, 10.5 ],
			"faces": {
				"down": { "uv": [ 8.375, 5.5, 8.625, 8.5 ], "texture": "#particle" },
				"up": { "uv": [ 8.375, 7.5, 8.625, 10.5 ], "texture": "#particle" },
				"north": { "uv": [ 7.375, 12.82, 7.625, 13.82 ], "texture": "#particle" },
				"south": { "uv": [ 8.375, 12.82, 8.625, 13.82 ], "texture": "#particle" },
				"west": { "uv": [ 7.5, 12.82, 10.5, 13.82 ], "texture": "#particle" },
				"east": { "uv": [ 5.5, 12.82, 8.5, 13.82 ], "texture": "#particle" }
			}
		},
		{
			"__comment": "Cube48",
			"from": [ 7, 2.18, 8.875 ],
			"to": [ 10, 3.18, 9.125 ],
			"faces": {
				"down": { "uv": [ 7, 6.875, 10, 7.125 ], "texture": "#particle" },
				"up": { "uv": [ 7, 8.875, 10, 9.125 ], "texture": "#particle" },
				"north": { "uv": [ 6, 12.82, 9, 13.82 ], "texture": "#particle" },
				"south": { "uv": [ 7, 12.82, 10, 13.82 ], "texture": "#particle" },
				"west": { "uv": [ 8.875, 12.82, 9.125, 13.82 ], "texture": "#particle" },
				"east": { "uv": [ 6.875, 12.82, 7.125, 13.82 ], "texture": "#particle" }
			}
		},
		{
			"__comment": "Cube49",
			"from": [ 8.375, 1.48, 8.724999 ],
			"to": [ 8.625, 2.48, 10.225 ],
			"rotation": { "origin": [ 10, 2.66, 8.309999 ], "axis": "x", "angle": -45 },
			"faces": {
				"down": { "uv": [ 5.5, 12.82, 8.5, 13.82 ], "texture": "#particle" },
				"up": { "uv": [ 5.5, 12.82, 8.5, 13.82 ], "texture": "#particle" },
				"north": { "uv": [ 5.5, 12.82, 8.5, 13.82 ], "texture": "#particle" },
				"south": { "uv": [ 5.5, 12.82, 8.5, 13.82 ], "texture": "#particle" },
				"west": { "uv": [ 5.5, 12.82, 8.5, 13.82 ], "texture": "#particle" },
				"east": { "uv": [ 5.5, 12.82, 8.5, 13.82 ], "texture": "#particle" }
			}
		},
		{
			"__comment": "Cube50",
			"from": [ 8, 8, 7.2 ],
			"to": [ 9, 9, 10.8 ],
			"faces": {
				"down": { "uv": [ 8, 5.200001, 9, 8.8 ], "texture": "#particle" },
				"up": { "uv": [ 8, 7.2, 9, 10.8 ], "texture": "#particle" },
				"north": { "uv": [ 0, 0, 16, 16 ], "texture": "#trollface" },
				"south": { "uv": [ 0, 0, 16, 16 ], "texture": "#trollface" },
				"west": { "uv": [ 7.2, 7, 10.8, 8 ], "texture": "#particle" },
				"east": { "uv": [ 5.2, 7, 8.8, 8 ], "texture": "#particle" }
			}
		},
		{
			"__comment": "Cube51",
			"from": [ 8.375, 2.9, 8.365 ],
			"to": [ 8.625, 3.9, 8.865 ],
			"rotation": { "origin": [ 8, 2, 10 ], "axis": "x", "angle": -45 },
			"faces": {
				"down": { "uv": [ 5.5, 12.82, 8.5, 13.82 ], "texture": "#particle" },
				"up": { "uv": [ 5.5, 12.82, 8.5, 13.82 ], "texture": "#particle" },
				"north": { "uv": [ 5.5, 12.82, 8.5, 13.82 ], "texture": "#particle" },
				"south": { "uv": [ 5.5, 12.82, 8.5, 13.82 ], "texture": "#particle" },
				"west": { "uv": [ 5.5, 12.82, 8.5, 13.82 ], "texture": "#particle" },
				"east": { "uv": [ 5.5, 12.82, 8.5, 13.82 ], "texture": "#particle" }
			}
		},
		{
			"__comment": "Cube53",
			"from": [ 11.41, 3.18, 8.865 ],
			"to": [ 12.91, 4.179997, 9.115 ],
			"rotation": { "origin": [ 8.000001, 8.000004, -1.999991 ], "axis": "z", "angle": -45 },
			"faces": {
				"down": { "uv": [ 12.91, 7.135, 11.41, 6.885 ], "texture": "#particle", "rotation": 180 },
				"up": { "uv": [ 12.91, 9.115, 11.41, 8.865 ], "texture": "#particle", "rotation": 180 },
				"north": { "uv": [ 3.09, 11.82, 4.59, 12.82 ], "texture": "#particle" },
				"south": { "uv": [ 11.41, 11.82, 12.91, 12.82 ], "texture": "#particle" },
				"west": { "uv": [ 9.115, 12.82, 8.865, 11.82 ], "texture": "#particle", "rotation": 180 },
				"east": { "uv": [ 7.135, 12.82, 6.885, 11.82 ], "texture": "#particle", "rotation": 180 }
			}
		},
		{
			"__comment": "Cube51",
			"from": [ 11.33, 5, 8.865 ],
			"to": [ 12.83, 6, 9.115 ],
			"rotation": { "origin": [ 8, 8, 8 ], "axis": "z", "angle": -45 },
			"faces": {
				"down": { "uv": [ 5.5, 12.82, 8.5, 13.82 ], "texture": "#particle" },
				"up": { "uv": [ 5.5, 12.82, 8.5, 13.82 ], "texture": "#particle" },
				"north": { "uv": [ 5.5, 12.82, 8.5, 13.82 ], "texture": "#particle" },
				"south": { "uv": [ 5.5, 12.82, 8.5, 13.82 ], "texture": "#particle" },
				"west": { "uv": [ 5.5, 12.82, 8.5, 13.82 ], "texture": "#particle" },
				"east": { "uv": [ 5.5, 12.82, 8.5, 13.82 ], "texture": "#particle" }
			}
		},
		{
			"__comment": "Cube53",
			"from": [ 10.1213, -0.1515, 8.865 ],
			"to": [ 11.6213, 0.8485, 9.115 ],
			"rotation": { "origin": [ 8, -1, 8 ], "axis": "z", "angle": 45 },
			"faces": {
				"down": { "uv": [ 5.5, 12.82, 8.5, 13.82 ], "texture": "#particle" },
				"up": { "uv": [ 5.5, 12.82, 8.5, 13.82 ], "texture": "#particle" },
				"north": { "uv": [ 5.5, 12.82, 8.5, 13.82 ], "texture": "#particle" },
				"south": { "uv": [ 5.5, 12.82, 8.5, 13.82 ], "texture": "#particle" },
				"west": { "uv": [ 5.5, 12.82, 8.5, 13.82 ], "texture": "#particle" },
				"east": { "uv": [ 5.5, 12.82, 8.5, 13.82 ], "texture": "#particle" }
			}
		},
		{
			"__comment": "Cube54",
			"from": [ 4.323, 1.2627, 8.865 ],
			"to": [ 5.823, 2.2627, 9.115 ],
			"rotation": { "origin": [ 8, -1, 8 ], "axis": "z", "angle": -45 },
			"faces": {
				"down": { "uv": [ 5.5, 12.82, 8.5, 13.82 ], "texture": "#particle" },
				"up": { "uv": [ 5.5, 12.82, 8.5, 13.82 ], "texture": "#particle" },
				"north": { "uv": [ 5.5, 12.82, 8.5, 13.82 ], "texture": "#particle" },
				"south": { "uv": [ 5.5, 12.82, 8.5, 13.82 ], "texture": "#particle" },
				"west": { "uv": [ 5.5, 12.82, 8.5, 13.82 ], "texture": "#particle" },
				"east": { "uv": [ 5.5, 12.82, 8.5, 13.82 ], "texture": "#particle" }
			}
		},
		{
			"__comment": "Cube56",
			"from": [ 8.375, 3.2808, 7.7192 ],
			"to": [ 8.625, 4.7808, 8.7192 ],
			"rotation": { "origin": [ 10, 3.5, 7.5 ], "axis": "x", "angle": 45 },
			"faces": {
				"down": { "uv": [ 5.5, 12.82, 8.5, 13.82 ], "texture": "#particle" },
				"up": { "uv": [ 5.5, 12.82, 8.5, 13.82 ], "texture": "#particle" },
				"north": { "uv": [ 5.5, 12.82, 8.5, 13.82 ], "texture": "#particle" },
				"south": { "uv": [ 5.5, 12.82, 8.5, 13.82 ], "texture": "#particle" },
				"west": { "uv": [ 5.5, 12.82, 8.5, 13.82 ], "texture": "#particle" },
				"east": { "uv": [ 5.5, 12.82, 8.5, 13.82 ], "texture": "#particle" }
			}
		},
		{
			"__comment": "Cube29",
			"from": [ 8.125, -1.5, 8.615 ],
			"to": [ 8.875, -1, 9.365 ],
			"faces": {
				"down": { "uv": [ 8.125, 6.635, 8.875, 7.385 ], "texture": "#particle" },
				"up": { "uv": [ 8.125, 8.615, 8.875, 9.365 ], "texture": "#particle" },
				"north": { "uv": [ 7.125, 16, 7.875, 16 ], "texture": "#particle" },
				"south": { "uv": [ 8.125, 16, 8.875, 16 ], "texture": "#particle" },
				"west": { "uv": [ 8.615, 16, 9.365, 16 ], "texture": "#particle" },
				"east": { "uv": [ 6.635, 16, 7.385, 16 ], "texture": "#particle" }
			}
		}
	],
	"display": {
		"thirdperson_righthand": {
			"translation":  [ 0, 0, -2 ]
		},
		"thirdperson_lefthand": {
			"translation":  [ 0, 0, -2 ]
		},
		"gui": {
			"rotation":  [ 5, 0, 45 ],
			"translation":  [ 2, -2, 0 ],
			"scale":  [ 0.5, 0.5, 0.5 ]
		},
		"head": {
			"rotation":  [ -90, 0, 0 ],
			"translation":  [ 0, 0, 20 ],
			"scale":  [ 6, 6, 6 ]
		},
		"ground": {
			"translation":  [ 0, 10, 0 ]
		},
		"fixed": {
			"rotation":  [ -90, 0, 0 ],
			"translation":  [ 0, -5, -110 ],
			"scale":  [ 9, 9, 9 ]
		}
	}
}