{
	"__comment": "Model generated using MrCrayfish's Model Creator (https://mrcrayfish.com/tools?id=mc)",
	"textures": {
		"cyan_glazed_terracotta": "block/cyan_glazed_terracotta",
		"white_wool": "block/white_wool",
		"cyan_concrete": "block/cyan_concrete",
		"iron_block": "block/iron_block",
		"light_gray_concrete": "block/light_gray_concrete"
	},
	"elements": [
		{
			"from": [ 2, 0, 1 ],
			"to": [ 14, 2, 12 ],
			"faces": {
				"down": { "uv": [ 0, 0, 12, 11 ], "texture": "#cyan_concrete" },
				"up": { "uv": [ 0, 0, 12, 11 ], "texture": "#cyan_concrete" }
			}
		},
		{
			"from": [ 1, 0, 12 ],
			"to": [ 15, 2, 13 ],
			"faces": {
				"down": { "uv": [ 10, 12, 11, 13 ], "texture": "#cyan_glazed_terracotta" },
				"up": { "uv": [ 11, 12, 10, 13 ], "texture": "#cyan_glazed_terracotta" },
				"north": { "uv": [ 10, 12, 11, 13 ], "texture": "#cyan_glazed_terracotta" },
				"south": { "uv": [ 10, 12, 11, 13 ], "texture": "#cyan_glazed_terracotta" },
				"west": { "uv": [ 10, 12, 11, 13 ], "texture": "#cyan_glazed_terracotta" },
				"east": { "uv": [ 10, 12, 11, 13 ], "texture": "#cyan_glazed_terracotta" }
			}
		},
		{
			"from": [ 2, 0, -1 ],
			"to": [ 14, 14, 1 ],
			"faces": {
				"down": { "uv": [ 0, 0, 12, 2 ], "texture": "#cyan_concrete" },
				"up": { "uv": [ 0, 0, 12, 2 ], "texture": "#cyan_concrete" },
				"north": { "uv": [ 0, 0, 12, 14 ], "texture": "#cyan_concrete" },
				"south": { "uv": [ 0, 0, 12, 14 ], "texture": "#cyan_concrete" },
				"west": { "uv": [ 0, 0, 2, 14 ], "texture": "#cyan_concrete" },
				"east": { "uv": [ 0, 0, 2, 14 ], "texture": "#cyan_concrete" }
			}
		},
		{
			"from": [ 4, 14, -1 ],
			"to": [ 12, 16, 1 ],
			"faces": {
				"up": { "uv": [ 0, 0, 8, 2 ], "texture": "#cyan_concrete" },
				"north": { "uv": [ 0, 0, 8, 2 ], "texture": "#cyan_concrete" },
				"south": { "uv": [ 0, 0, 8, 2 ], "texture": "#cyan_concrete" },
				"west": { "uv": [ 0, 0, 2, 2 ], "texture": "#cyan_concrete" },
				"east": { "uv": [ 0, 0, 2, 2 ], "texture": "#cyan_concrete" }
			}
		},
		{
			"from": [ 3, 14, -1 ],
			"to": [ 4, 15, 1 ],
			"faces": {
				"north": { "uv": [ 0, 0, 1, 1 ], "texture": "#cyan_concrete" },
				"south": { "uv": [ 0, 0, 1, 1 ], "texture": "#cyan_concrete" }
			}
		},
		{
			"from": [ 12, 14, -1 ],
			"to": [ 13, 15, 1 ],
			"faces": {
				"north": { "uv": [ 0, 0, 1, 1 ], "texture": "#cyan_concrete" },
				"south": { "uv": [ 0, 0, 1, 1 ], "texture": "#cyan_concrete" }
			}
		},
		{
			"from": [ 5, 16, -1 ],
			"to": [ 11, 17, 1 ],
			"faces": {
				"north": { "uv": [ 0, 0, 6, 1 ], "texture": "#cyan_concrete" },
				"south": { "uv": [ 0, 0, 6, 1 ], "texture": "#cyan_concrete" }
			}
		},
		{
			"from": [ 11, 16, -1 ],
			"to": [ 12, 17, 1 ],
			"faces": {
				"north": { "uv": [ 0, 0, 1, 1 ], "texture": "#cyan_concrete" },
				"south": { "uv": [ 0, 0, 1, 1 ], "texture": "#cyan_concrete" }
			}
		},
		{
			"from": [ 4, 16, -1 ],
			"to": [ 5, 17, 1 ],
			"faces": {
				"north": { "uv": [ 0, 0, 1, 1 ], "texture": "#cyan_concrete" },
				"south": { "uv": [ 0, 0, 1, 1 ], "texture": "#cyan_concrete" }
			}
		},
		{
			"from": [ 1, 0, -1 ],
			"to": [ 2, 2, 12 ],
			"faces": {
				"down": { "uv": [ 10, 12, 11, 13 ], "texture": "#cyan_glazed_terracotta" },
				"up": { "uv": [ 11, 12, 10, 13 ], "texture": "#cyan_glazed_terracotta" },
				"north": { "uv": [ 10, 12, 11, 13 ], "texture": "#cyan_glazed_terracotta" },
				"west": { "uv": [ 10, 12, 11, 13 ], "texture": "#cyan_glazed_terracotta" },
				"east": { "uv": [ 10, 12, 11, 13 ], "texture": "#cyan_glazed_terracotta" }
			}
		},
		{
			"from": [ 1, 2, -1 ],
			"to": [ 2, 15, 1 ],
			"faces": {
				"up": { "uv": [ 11, 12, 10, 13 ], "texture": "#cyan_glazed_terracotta" },
				"north": { "uv": [ 10, 12, 11, 13 ], "texture": "#cyan_glazed_terracotta" },
				"south": { "uv": [ 10, 12, 11, 13 ], "texture": "#cyan_glazed_terracotta" },
				"west": { "uv": [ 10, 12, 11, 13 ], "texture": "#cyan_glazed_terracotta" },
				"east": { "uv": [ 10, 12, 11, 13 ], "texture": "#cyan_glazed_terracotta" }
			}
		},
		{
			"from": [ 14, 2, -1 ],
			"to": [ 15, 15, 1 ],
			"faces": {
				"up": { "uv": [ 11, 12, 10, 13 ], "texture": "#cyan_glazed_terracotta" },
				"north": { "uv": [ 10, 12, 11, 13 ], "texture": "#cyan_glazed_terracotta" },
				"south": { "uv": [ 10, 12, 11, 13 ], "texture": "#cyan_glazed_terracotta" },
				"west": { "uv": [ 10, 12, 11, 13 ], "texture": "#cyan_glazed_terracotta" },
				"east": { "uv": [ 10, 12, 11, 13 ], "texture": "#cyan_glazed_terracotta" }
			}
		},
		{
			"from": [ 14, 0, -1 ],
			"to": [ 15, 2, 12 ],
			"faces": {
				"down": { "uv": [ 10, 12, 11, 13 ], "texture": "#cyan_glazed_terracotta" },
				"up": { "uv": [ 11, 12, 10, 13 ], "texture": "#cyan_glazed_terracotta" },
				"north": { "uv": [ 10, 12, 11, 13 ], "texture": "#cyan_glazed_terracotta" },
				"west": { "uv": [ 10, 12, 11, 13 ], "texture": "#cyan_glazed_terracotta" },
				"east": { "uv": [ 10, 12, 11, 13 ], "texture": "#cyan_glazed_terracotta" }
			}
		},
		{
			"from": [ 13, 14, -1 ],
			"to": [ 14, 16, 1 ],
			"faces": {
				"up": { "uv": [ 11, 12, 10, 13 ], "texture": "#cyan_glazed_terracotta" },
				"north": { "uv": [ 10, 12, 11, 13 ], "texture": "#cyan_glazed_terracotta" },
				"south": { "uv": [ 10, 12, 11, 13 ], "texture": "#cyan_glazed_terracotta" },
				"west": { "uv": [ 10, 12, 11, 13 ], "texture": "#cyan_glazed_terracotta" },
				"east": { "uv": [ 10, 12, 11, 13 ], "texture": "#cyan_glazed_terracotta" }
			}
		},
		{
			"from": [ 2, 14, -1 ],
			"to": [ 3, 16, 1 ],
			"faces": {
				"up": { "uv": [ 11, 12, 10, 13 ], "texture": "#cyan_glazed_terracotta" },
				"north": { "uv": [ 10, 12, 11, 13 ], "texture": "#cyan_glazed_terracotta" },
				"south": { "uv": [ 10, 12, 11, 13 ], "texture": "#cyan_glazed_terracotta" },
				"west": { "uv": [ 10, 12, 11, 13 ], "texture": "#cyan_glazed_terracotta" },
				"east": { "uv": [ 10, 12, 11, 13 ], "texture": "#cyan_glazed_terracotta" }
			}
		},
		{
			"from": [ 3, 15, -1 ],
			"to": [ 4, 17, 1 ],
			"faces": {
				"up": { "uv": [ 11, 12, 10, 13 ], "texture": "#cyan_glazed_terracotta" },
				"north": { "uv": [ 10, 12, 11, 13 ], "texture": "#cyan_glazed_terracotta" },
				"south": { "uv": [ 10, 12, 11, 13 ], "texture": "#cyan_glazed_terracotta" },
				"west": { "uv": [ 10, 12, 11, 13 ], "texture": "#cyan_glazed_terracotta" },
				"east": { "uv": [ 10, 12, 11, 13 ], "texture": "#cyan_glazed_terracotta" }
			}
		},
		{
			"from": [ 12, 15, -1 ],
			"to": [ 13, 17, 1 ],
			"faces": {
				"up": { "uv": [ 11, 12, 10, 13 ], "texture": "#cyan_glazed_terracotta" },
				"north": { "uv": [ 10, 12, 11, 13 ], "texture": "#cyan_glazed_terracotta" },
				"south": { "uv": [ 10, 12, 11, 13 ], "texture": "#cyan_glazed_terracotta" },
				"west": { "uv": [ 10, 12, 11, 13 ], "texture": "#cyan_glazed_terracotta" },
				"east": { "uv": [ 10, 12, 11, 13 ], "texture": "#cyan_glazed_terracotta" }
			}
		},
		{
			"from": [ 3.5, 17, -1 ],
			"to": [ 12.5, 18, 1 ],
			"faces": {
				"down": { "uv": [ 10, 12, 11, 13 ], "texture": "#cyan_glazed_terracotta" },
				"up": { "uv": [ 11, 12, 10, 13 ], "texture": "#cyan_glazed_terracotta" },
				"north": { "uv": [ 10, 12, 11, 13 ], "texture": "#cyan_glazed_terracotta" },
				"south": { "uv": [ 10, 12, 11, 13 ], "texture": "#cyan_glazed_terracotta" },
				"west": { "uv": [ 10, 12, 11, 13 ], "texture": "#cyan_glazed_terracotta" },
				"east": { "uv": [ 10, 12, 11, 13 ], "texture": "#cyan_glazed_terracotta" }
			}
		},
		{
			"from": [ 1, 1.5, 1 ],
			"to": [ 15, 2.5, 2 ],
			"faces": {
				"down": { "uv": [ 10, 12, 11, 13 ], "texture": "#cyan_glazed_terracotta" },
				"up": { "uv": [ 11, 12, 10, 13 ], "texture": "#cyan_glazed_terracotta" },
				"north": { "uv": [ 10, 12, 11, 13 ], "texture": "#cyan_glazed_terracotta" },
				"south": { "uv": [ 10, 12, 11, 13 ], "texture": "#cyan_glazed_terracotta" },
				"west": { "uv": [ 10, 12, 11, 13 ], "texture": "#cyan_glazed_terracotta" },
				"east": { "uv": [ 10, 12, 11, 13 ], "texture": "#cyan_glazed_terracotta" }
			}
		},
		{
			"from": [ 7.5, 0, 13 ],
			"to": [ 8.5, 2.5, 13.4 ],
			"faces": {
				"down": { "uv": [ 10, 12, 11, 13 ], "texture": "#white_wool" },
				"up": { "uv": [ 11, 12, 10, 13 ], "texture": "#white_wool" },
				"north": { "uv": [ 10, 12, 11, 13 ], "texture": "#white_wool" },
				"south": { "uv": [ 10, 12, 11, 13 ], "texture": "#white_wool" },
				"west": { "uv": [ 10, 12, 11, 13 ], "texture": "#white_wool" },
				"east": { "uv": [ 10, 12, 11, 13 ], "texture": "#white_wool" }
			}
		},
		{
			"from": [ 7.5, 2, 11 ],
			"to": [ 8.5, 2.5, 13 ],
			"faces": {
				"down": { "uv": [ 10, 12, 11, 13 ], "texture": "#white_wool" },
				"up": { "uv": [ 11, 12, 10, 13 ], "texture": "#white_wool" },
				"north": { "uv": [ 10, 12, 11, 13 ], "texture": "#white_wool" },
				"west": { "uv": [ 10, 12, 11, 13 ], "texture": "#white_wool" },
				"east": { "uv": [ 10, 12, 11, 13 ], "texture": "#white_wool" }
			}
		},
		{
			"from": [ 8.5, 2, 8.5 ],
			"to": [ 9.5, 2.5, 11.5 ],
			"faces": {
				"up": { "uv": [ 11, 12, 10, 13 ], "texture": "#white_wool" },
				"north": { "uv": [ 10, 12, 11, 13 ], "texture": "#white_wool" },
				"south": { "uv": [ 10, 12, 11, 13 ], "texture": "#white_wool" },
				"west": { "uv": [ 10, 12, 11, 13 ], "texture": "#white_wool" },
				"east": { "uv": [ 10, 12, 11, 13 ], "texture": "#white_wool" }
			}
		},
		{
			"from": [ 6.5, 2, 8.5 ],
			"to": [ 7.5, 2.5, 11.5 ],
			"faces": {
				"up": { "uv": [ 11, 12, 10, 13 ], "texture": "#white_wool" },
				"north": { "uv": [ 10, 12, 11, 13 ], "texture": "#white_wool" },
				"south": { "uv": [ 10, 12, 11, 13 ], "texture": "#white_wool" },
				"west": { "uv": [ 10, 12, 11, 13 ], "texture": "#white_wool" },
				"east": { "uv": [ 10, 12, 11, 13 ], "texture": "#white_wool" }
			}
		},
		{
			"from": [ 5.5, 2, 6 ],
			"to": [ 6.5, 2.5, 9 ],
			"faces": {
				"up": { "uv": [ 11, 12, 10, 13 ], "texture": "#white_wool" },
				"north": { "uv": [ 10, 12, 11, 13 ], "texture": "#white_wool" },
				"south": { "uv": [ 10, 12, 11, 13 ], "texture": "#white_wool" },
				"west": { "uv": [ 10, 12, 11, 13 ], "texture": "#white_wool" },
				"east": { "uv": [ 10, 12, 11, 13 ], "texture": "#white_wool" }
			}
		},
		{
			"from": [ 9.5, 2, 6 ],
			"to": [ 10.5, 2.5, 9 ],
			"faces": {
				"up": { "uv": [ 11, 12, 10, 13 ], "texture": "#white_wool" },
				"north": { "uv": [ 10, 12, 11, 13 ], "texture": "#white_wool" },
				"south": { "uv": [ 10, 12, 11, 13 ], "texture": "#white_wool" },
				"west": { "uv": [ 10, 12, 11, 13 ], "texture": "#white_wool" },
				"east": { "uv": [ 10, 12, 11, 13 ], "texture": "#white_wool" }
			}
		},
		{
			"from": [ 10.5, 2, 3.5 ],
			"to": [ 11.5, 2.5, 6.5 ],
			"faces": {
				"up": { "uv": [ 11, 12, 10, 13 ], "texture": "#white_wool" },
				"north": { "uv": [ 10, 12, 11, 13 ], "texture": "#white_wool" },
				"south": { "uv": [ 10, 12, 11, 13 ], "texture": "#white_wool" },
				"west": { "uv": [ 10, 12, 11, 13 ], "texture": "#white_wool" },
				"east": { "uv": [ 10, 12, 11, 13 ], "texture": "#white_wool" }
			}
		},
		{
			"from": [ 4.5, 2, 3.5 ],
			"to": [ 5.5, 2.5, 6.5 ],
			"faces": {
				"up": { "uv": [ 11, 12, 10, 13 ], "texture": "#white_wool" },
				"north": { "uv": [ 10, 12, 11, 13 ], "texture": "#white_wool" },
				"south": { "uv": [ 10, 12, 11, 13 ], "texture": "#white_wool" },
				"west": { "uv": [ 10, 12, 11, 13 ], "texture": "#white_wool" },
				"east": { "uv": [ 10, 12, 11, 13 ], "texture": "#white_wool" }
			}
		},
		{
			"from": [ 4, 2.5, 2.5 ],
			"to": [ 5, 3, 3.5 ],
			"faces": {
				"down": { "uv": [ 10, 12, 11, 13 ], "texture": "#white_wool" },
				"up": { "uv": [ 11, 12, 10, 13 ], "texture": "#white_wool" },
				"north": { "uv": [ 10, 12, 11, 13 ], "texture": "#white_wool" },
				"south": { "uv": [ 10, 12, 11, 13 ], "texture": "#white_wool" },
				"west": { "uv": [ 10, 12, 11, 13 ], "texture": "#white_wool" },
				"east": { "uv": [ 10, 12, 11, 13 ], "texture": "#white_wool" }
			}
		},
		{
			"from": [ 11, 2.5, 2.5 ],
			"to": [ 12, 3, 3.5 ],
			"faces": {
				"down": { "uv": [ 10, 12, 11, 13 ], "texture": "#white_wool" },
				"up": { "uv": [ 11, 12, 10, 13 ], "texture": "#white_wool" },
				"north": { "uv": [ 10, 12, 11, 13 ], "texture": "#white_wool" },
				"south": { "uv": [ 10, 12, 11, 13 ], "texture": "#white_wool" },
				"west": { "uv": [ 10, 12, 11, 13 ], "texture": "#white_wool" },
				"east": { "uv": [ 10, 12, 11, 13 ], "texture": "#white_wool" }
			}
		},
		{
			"from": [ 11.5, 3, 1.5 ],
			"to": [ 12.5, 5, 2.5 ],
			"faces": {
				"down": { "uv": [ 10, 12, 11, 13 ], "texture": "#white_wool" },
				"up": { "uv": [ 11, 12, 10, 13 ], "texture": "#white_wool" },
				"north": { "uv": [ 10, 12, 11, 13 ], "texture": "#white_wool" },
				"south": { "uv": [ 10, 12, 11, 13 ], "texture": "#white_wool" },
				"west": { "uv": [ 10, 12, 11, 13 ], "texture": "#white_wool" },
				"east": { "uv": [ 10, 12, 11, 13 ], "texture": "#white_wool" }
			}
		},
		{
			"from": [ 3.5, 3, 1.5 ],
			"to": [ 4.5, 5, 2.5 ],
			"faces": {
				"down": { "uv": [ 10, 12, 11, 13 ], "texture": "#white_wool" },
				"up": { "uv": [ 11, 12, 10, 13 ], "texture": "#white_wool" },
				"north": { "uv": [ 10, 12, 11, 13 ], "texture": "#white_wool" },
				"south": { "uv": [ 10, 12, 11, 13 ], "texture": "#white_wool" },
				"west": { "uv": [ 10, 12, 11, 13 ], "texture": "#white_wool" },
				"east": { "uv": [ 10, 12, 11, 13 ], "texture": "#white_wool" }
			}
		},
		{
			"from": [ 12, 5, 1 ],
			"to": [ 13, 10, 1.5 ],
			"faces": {
				"down": { "uv": [ 10, 12, 11, 13 ], "texture": "#white_wool" },
				"up": { "uv": [ 11, 12, 10, 13 ], "texture": "#white_wool" },
				"south": { "uv": [ 10, 12, 11, 13 ], "texture": "#white_wool" },
				"west": { "uv": [ 10, 12, 11, 13 ], "texture": "#white_wool" },
				"east": { "uv": [ 10, 12, 11, 13 ], "texture": "#white_wool" }
			}
		},
		{
			"from": [ 3, 5, 1 ],
			"to": [ 4, 10, 1.5 ],
			"faces": {
				"down": { "uv": [ 10, 12, 11, 13 ], "texture": "#white_wool" },
				"up": { "uv": [ 11, 12, 10, 13 ], "texture": "#white_wool" },
				"south": { "uv": [ 10, 12, 11, 13 ], "texture": "#white_wool" },
				"west": { "uv": [ 10, 12, 11, 13 ], "texture": "#white_wool" },
				"east": { "uv": [ 10, 12, 11, 13 ], "texture": "#white_wool" }
			}
		},
		{
			"from": [ 2.5, 10, 1 ],
			"to": [ 3.5, 15, 1.5 ],
			"faces": {
				"down": { "uv": [ 10, 12, 11, 13 ], "texture": "#white_wool" },
				"up": { "uv": [ 11, 12, 10, 13 ], "texture": "#white_wool" },
				"north": { "uv": [ 10, 12, 11, 13 ], "texture": "#white_wool" },
				"south": { "uv": [ 10, 12, 11, 13 ], "texture": "#white_wool" },
				"west": { "uv": [ 10, 12, 11, 13 ], "texture": "#white_wool" },
				"east": { "uv": [ 10, 12, 11, 13 ], "texture": "#white_wool" }
			}
		},
		{
			"from": [ 12.5, 10, 1 ],
			"to": [ 13.5, 15, 1.5 ],
			"faces": {
				"down": { "uv": [ 10, 12, 11, 13 ], "texture": "#white_wool" },
				"up": { "uv": [ 11, 12, 10, 13 ], "texture": "#white_wool" },
				"north": { "uv": [ 10, 12, 11, 13 ], "texture": "#white_wool" },
				"south": { "uv": [ 10, 12, 11, 13 ], "texture": "#white_wool" },
				"west": { "uv": [ 10, 12, 11, 13 ], "texture": "#white_wool" },
				"east": { "uv": [ 10, 12, 11, 13 ], "texture": "#white_wool" }
			}
		},
		{
			"from": [ 13, 15, 1 ],
			"to": [ 14, 16, 1.5 ],
			"faces": {
				"down": { "uv": [ 10, 12, 11, 13 ], "texture": "#white_wool" },
				"up": { "uv": [ 11, 12, 10, 13 ], "texture": "#white_wool" },
				"south": { "uv": [ 10, 12, 11, 13 ], "texture": "#white_wool" },
				"west": { "uv": [ 10, 12, 11, 13 ], "texture": "#white_wool" },
				"east": { "uv": [ 10, 12, 11, 13 ], "texture": "#white_wool" }
			}
		},
		{
			"from": [ 2, 15, 1 ],
			"to": [ 3, 16, 1.5 ],
			"faces": {
				"down": { "uv": [ 10, 12, 11, 13 ], "texture": "#white_wool" },
				"up": { "uv": [ 11, 12, 10, 13 ], "texture": "#white_wool" },
				"south": { "uv": [ 10, 12, 11, 13 ], "texture": "#white_wool" },
				"west": { "uv": [ 10, 12, 11, 13 ], "texture": "#white_wool" },
				"east": { "uv": [ 10, 12, 11, 13 ], "texture": "#white_wool" }
			}
		},
		{
			"from": [ 1.5, 15.5, -1 ],
			"to": [ 2.5, 16.1, 1.5 ],
			"faces": {
				"down": { "uv": [ 10, 12, 11, 13 ], "texture": "#white_wool" },
				"up": { "uv": [ 11, 12, 10, 13 ], "texture": "#white_wool" },
				"north": { "uv": [ 10, 12, 11, 13 ], "texture": "#white_wool" },
				"south": { "uv": [ 10, 12, 11, 13 ], "texture": "#white_wool" },
				"west": { "uv": [ 10, 12, 11, 13 ], "texture": "#white_wool" },
				"east": { "uv": [ 10, 12, 11, 13 ], "texture": "#white_wool" }
			}
		},
		{
			"from": [ 13.5, 15.5, -1 ],
			"to": [ 14.5, 16.1, 1.5 ],
			"faces": {
				"down": { "uv": [ 10, 12, 11, 13 ], "texture": "#white_wool" },
				"up": { "uv": [ 11, 12, 10, 13 ], "texture": "#white_wool" },
				"north": { "uv": [ 10, 12, 11, 13 ], "texture": "#white_wool" },
				"south": { "uv": [ 10, 12, 11, 13 ], "texture": "#white_wool" },
				"west": { "uv": [ 10, 12, 11, 13 ], "texture": "#white_wool" },
				"east": { "uv": [ 10, 12, 11, 13 ], "texture": "#white_wool" }
			}
		},
		{
			"from": [ 2, 15, -1.5 ],
			"to": [ 3, 16, -0.5 ],
			"faces": {
				"down": { "uv": [ 10, 12, 11, 13 ], "texture": "#white_wool" },
				"up": { "uv": [ 11, 12, 10, 13 ], "texture": "#white_wool" },
				"north": { "uv": [ 10, 12, 11, 13 ], "texture": "#white_wool" },
				"west": { "uv": [ 10, 12, 11, 13 ], "texture": "#white_wool" },
				"east": { "uv": [ 10, 12, 11, 13 ], "texture": "#white_wool" }
			}
		},
		{
			"from": [ 13, 15, -1.5 ],
			"to": [ 14, 16, -0.5 ],
			"faces": {
				"down": { "uv": [ 10, 12, 11, 13 ], "texture": "#white_wool" },
				"up": { "uv": [ 11, 12, 10, 13 ], "texture": "#white_wool" },
				"north": { "uv": [ 10, 12, 11, 13 ], "texture": "#white_wool" },
				"west": { "uv": [ 10, 12, 11, 13 ], "texture": "#white_wool" },
				"east": { "uv": [ 10, 12, 11, 13 ], "texture": "#white_wool" }
			}
		},
		{
			"from": [ 3.25, 9, 1 ],
			"to": [ 4.75, 11, 2 ],
			"faces": {
				"down": { "uv": [ 10, 12, 11, 13 ], "texture": "#light_gray_concrete" },
				"up": { "uv": [ 11, 12, 10, 13 ], "texture": "#light_gray_concrete" },
				"south": { "uv": [ 10, 12, 11, 13 ], "texture": "#light_gray_concrete" },
				"west": { "uv": [ 10, 12, 11, 13 ], "texture": "#light_gray_concrete" },
				"east": { "uv": [ 10, 12, 11, 13 ], "texture": "#light_gray_concrete" }
			}
		},
		{
			"from": [ 4.25, 9.5, 1.25 ],
			"to": [ 5.75, 10, 1.75 ],
			"faces": {
				"down": { "uv": [ 10, 12, 11, 13 ], "texture": "#iron_block" },
				"up": { "uv": [ 11, 12, 10, 13 ], "texture": "#iron_block" },
				"north": { "uv": [ 10, 12, 11, 13 ], "texture": "#iron_block" },
				"south": { "uv": [ 10, 12, 11, 13 ], "texture": "#iron_block" },
				"east": { "uv": [ 10, 12, 11, 13 ], "texture": "#iron_block" }
			}
		},
		{
			"from": [ 4.25, 10.25, 1.25 ],
			"to": [ 5.75, 10.75, 1.75 ],
			"faces": {
				"down": { "uv": [ 10, 12, 11, 13 ], "texture": "#iron_block" },
				"up": { "uv": [ 11, 12, 10, 13 ], "texture": "#iron_block" },
				"north": { "uv": [ 10, 12, 11, 13 ], "texture": "#iron_block" },
				"south": { "uv": [ 12, 12, 13, 13 ], "texture": "#iron_block" },
				"east": { "uv": [ 10, 12, 11, 13 ], "texture": "#iron_block" }
			}
		},
		{
			"from": [ 5.5, 9.75, 1.25 ],
			"to": [ 6, 10.5, 1.75 ],
			"faces": {
				"down": { "uv": [ 10, 12, 11, 13 ], "texture": "#iron_block" },
				"up": { "uv": [ 11, 12, 10, 13 ], "texture": "#iron_block" },
				"north": { "uv": [ 10, 12, 11, 13 ], "texture": "#iron_block" },
				"south": { "uv": [ 10, 12, 11, 13 ], "texture": "#iron_block" },
				"west": { "uv": [ 10, 12, 11, 13 ], "texture": "#iron_block" },
				"east": { "uv": [ 10, 12, 11, 13 ], "texture": "#iron_block" }
			}
		},
		{
			"from": [ 11.25, 9, 1.6 ],
			"to": [ 12.75, 11, 2 ],
			"faces": {
				"down": { "uv": [ 10, 12, 11, 13 ], "texture": "#light_gray_concrete" },
				"up": { "uv": [ 11, 12, 10, 13 ], "texture": "#light_gray_concrete" },
				"north": { "uv": [ 10, 12, 11, 13 ], "texture": "#light_gray_concrete" },
				"south": { "uv": [ 10, 12, 11, 13 ], "texture": "#light_gray_concrete" },
				"west": { "uv": [ 10, 12, 11, 13 ], "texture": "#light_gray_concrete" },
				"east": { "uv": [ 10, 12, 11, 13 ], "texture": "#light_gray_concrete" }
			}
		},
		{
			"from": [ 11.25, 9, 1 ],
			"to": [ 12.75, 11, 1.4 ],
			"faces": {
				"down": { "uv": [ 10, 12, 11, 13 ], "texture": "#light_gray_concrete" },
				"up": { "uv": [ 11, 12, 10, 13 ], "texture": "#light_gray_concrete" },
				"south": { "uv": [ 10, 12, 11, 13 ], "texture": "#light_gray_concrete" },
				"west": { "uv": [ 10, 12, 11, 13 ], "texture": "#light_gray_concrete" },
				"east": { "uv": [ 10, 12, 11, 13 ], "texture": "#light_gray_concrete" }
			}
		},
		{
			"from": [ 11.25, 9, 1.4 ],
			"to": [ 12.75, 9.3, 1.6 ],
			"faces": {
				"down": { "uv": [ 10, 12, 11, 13 ], "texture": "#light_gray_concrete" },
				"up": { "uv": [ 11, 12, 10, 13 ], "texture": "#light_gray_concrete" },
				"south": { "uv": [ 10, 12, 11, 13 ], "texture": "#light_gray_concrete" },
				"west": { "uv": [ 10, 12, 11, 13 ], "texture": "#light_gray_concrete" },
				"east": { "uv": [ 10, 12, 11, 13 ], "texture": "#light_gray_concrete" }
			}
		},
		{
			"from": [ 11.25, 10.7, 1.4 ],
			"to": [ 12.75, 11, 1.6 ],
			"faces": {
				"down": { "uv": [ 10, 12, 11, 13 ], "texture": "#light_gray_concrete" },
				"up": { "uv": [ 11, 12, 10, 13 ], "texture": "#light_gray_concrete" },
				"south": { "uv": [ 10, 12, 11, 13 ], "texture": "#light_gray_concrete" },
				"west": { "uv": [ 10, 12, 11, 13 ], "texture": "#light_gray_concrete" },
				"east": { "uv": [ 10, 12, 11, 13 ], "texture": "#light_gray_concrete" }
			}
		},
		{
			"from": [ 12.55, 9.25, 1.4 ],
			"to": [ 12.75, 10.75, 1.6 ],
			"faces": {
				"south": { "uv": [ 10, 12, 11, 13 ], "texture": "#light_gray_concrete" },
				"west": { "uv": [ 10, 12, 11, 13 ], "texture": "#light_gray_concrete" },
				"east": { "uv": [ 10, 12, 11, 13 ], "texture": "#light_gray_concrete" }
			}
		}
	],
	"display": {
		"thirdperson_righthand": {
			"rotation":  [ 19, 3, 0 ],
			"translation":  [ 0, 2.5, 0 ],
			"scale":  [ 0.375, 0.375, 0.375 ]
		},
		"thirdperson_lefthand": {
			"rotation":  [ 19, 3, 0 ],
			"translation":  [ 0, 2.5, 0 ],
			"scale":  [ 0.375, 0.375, 0.375 ]
		},
		"firstperson_righthand": {
			"rotation":  [ 0, 315, 0 ],
			"translation":  [ 0, 2.5, 0 ],
			"scale":  [ 0.4, 0.4, 0.4 ]
		},
		"firstperson_lefthand": {
			"rotation":  [ 0, 315, 0 ],
			"translation":  [ 0, 2.5, 0 ],
			"scale":  [ 0.4, 0.4, 0.4 ]
		},
		"gui": {
			"rotation":  [ 30, 45, 0 ],
			"scale":  [ 0.625, 0.625, 0.625 ]
		},
		"head": {
			"rotation":  [ 0, 180, 0 ],
			"translation":  [ 0, -26, 0 ],
			"scale":  [ 2, 2.5, 2 ]
		},
		"ground": {
			"translation":  [ 0, 3, 0 ],
			"scale":  [ 0.5, 0.5, 0.5 ]
		},
		"fixed": {
			"rotation":  [ 0, 180, 0 ],
			"translation":  [ 0, 25, -32.5 ],
			"scale":  [ 4, 5, 4 ]
		}
	}
}