{
	"__comment": "Model generated using MrCrayfish's Model Creator (https://mrcrayfish.com/tools?id=mc)",
	"textures": {
		"gray_concrete": "block/gray_concrete",
		"white_concrete": "block/white_concrete",
		"black_concrete": "block/black_concrete",
		"red_concrete_powder": "block/red_concrete_powder"
	},
	"elements": [
		{
			"from": [ 1, 0, 1 ],
			"to": [ 2, 4.03, 15 ],
			"faces": {
				"down": { "uv": [ 0, 0, 1, 14 ], "texture": "#white_concrete" },
				"up": { "uv": [ 0, 0, 1, 14 ], "texture": "#white_concrete" },
				"north": { "uv": [ 0, 0, 1, 4.030001 ], "texture": "#white_concrete" },
				"south": { "uv": [ 0, 0, 1, 4.030001 ], "texture": "#white_concrete" },
				"west": { "uv": [ 0, 0, 14, 4.030001 ], "texture": "#white_concrete" },
				"east": { "uv": [ 0, 0, 14, 4.030001 ], "texture": "#white_concrete" }
			}
		},
		{
			"from": [ -0.445, 0, 0.695 ],
			"to": [ 16.755, 4.03, 1.695 ],
			"rotation": { "origin": [ 0, 8, 7 ], "axis": "y", "angle": -22.5 },
			"faces": {
				"down": { "uv": [ 0, 0, 16, 1 ], "texture": "#white_concrete" },
				"up": { "uv": [ 0, 0, 16, 1 ], "texture": "#white_concrete" },
				"north": { "uv": [ 0, 0, 16, 4.030001 ], "texture": "#white_concrete" },
				"south": { "uv": [ 0, 0, 16, 4.030001 ], "texture": "#white_concrete" },
				"west": { "uv": [ 0, 0, 1, 4.030001 ], "texture": "#white_concrete" },
				"east": { "uv": [ 0, 0, 1, 4.030001 ], "texture": "#white_concrete" }
			}
		},
		{
			"from": [ -1.25, 0, 14.16 ],
			"to": [ 15.95, 4.03, 15.16 ],
			"rotation": { "origin": [ 0, 8, 7 ], "axis": "y", "angle": 22.5 },
			"faces": {
				"down": { "uv": [ 0, 0, 16, 1 ], "texture": "#white_concrete" },
				"up": { "uv": [ 0, 0, 16, 1 ], "texture": "#white_concrete" },
				"north": { "uv": [ 0, 0, 16, 4.030001 ], "texture": "#white_concrete" },
				"south": { "uv": [ 0, 0, 16, 4.030001 ], "texture": "#white_concrete" },
				"west": { "uv": [ 0, 0, 1, 4.030001 ], "texture": "#white_concrete" },
				"east": { "uv": [ 0, 0, 1, 4.030001 ], "texture": "#white_concrete" }
			}
		},
		{
			"from": [ 14.9, 0, 13.9 ],
			"to": [ 15.55, 4.03, 14.55 ],
			"rotation": { "origin": [ 9, 4, 8 ], "axis": "y", "angle": 45 },
			"faces": {
				"down": { "uv": [ 0, 0, 0.65, 0.6499996 ], "texture": "#white_concrete" },
				"up": { "uv": [ 0, 0, 0.65, 0.6499996 ], "texture": "#white_concrete" },
				"north": { "uv": [ 0, 0, 0.65, 4.030001 ], "texture": "#white_concrete" },
				"south": { "uv": [ 0, 0, 0.65, 4.030001 ], "texture": "#white_concrete" },
				"west": { "uv": [ 0, 0, 0.65, 4.030001 ], "texture": "#white_concrete" },
				"east": { "uv": [ 0, 0, 0.65, 4.030001 ], "texture": "#white_concrete" }
			}
		},
		{
			"from": [ -0.8, 0, 13.66 ],
			"to": [ 15.1, 4.02, 14.16 ],
			"rotation": { "origin": [ 0, 8, 7 ], "axis": "y", "angle": 22.5 },
			"faces": {
				"down": { "uv": [ 0, 0, 15.9, 0.5 ], "texture": "#black_concrete" },
				"up": { "uv": [ 0, 0, 15.9, 0.5 ], "texture": "#black_concrete" },
				"north": { "uv": [ 0, 0, 15.9, 4.02 ], "texture": "#black_concrete" },
				"south": { "uv": [ 0, 0, 15.9, 4.02 ], "texture": "#black_concrete" },
				"west": { "uv": [ 0, 0, 0.5, 4.02 ], "texture": "#black_concrete" },
				"east": { "uv": [ 0, 0, 0.5, 4.02 ], "texture": "#black_concrete" }
			}
		},
		{
			"from": [ -0.09999999, 0, 1.695 ],
			"to": [ 15.8, 4.02, 2.195 ],
			"rotation": { "origin": [ 0, 8, 7 ], "axis": "y", "angle": -22.5 },
			"faces": {
				"down": { "uv": [ 0, 0, 15.9, 0.5 ], "texture": "#black_concrete" },
				"up": { "uv": [ 0, 0, 15.9, 0.5 ], "texture": "#black_concrete" },
				"north": { "uv": [ 0, 0, 15.9, 4.02 ], "texture": "#black_concrete" },
				"south": { "uv": [ 0, 0, 15.9, 4.02 ], "texture": "#black_concrete" },
				"west": { "uv": [ 0, 0, 0.5, 4.02 ], "texture": "#black_concrete" },
				"east": { "uv": [ 0, 0, 0.5, 4.02 ], "texture": "#black_concrete" }
			}
		},
		{
			"from": [ 2, 0, 2.35 ],
			"to": [ 2.5, 4.02, 13.65 ],
			"faces": {
				"down": { "uv": [ 0, 0, 0.5, 11.3 ], "texture": "#black_concrete" },
				"up": { "uv": [ 0, 0, 0.5, 11.3 ], "texture": "#black_concrete" },
				"north": { "uv": [ 0, 0, 0.5, 4.02 ], "texture": "#black_concrete" },
				"south": { "uv": [ 0, 0, 0.5, 4.02 ], "texture": "#black_concrete" },
				"east": { "uv": [ 0, 0, 11.3, 4.02 ], "texture": "#black_concrete" }
			}
		},
		{
			"from": [ 6.6, 0, 13.46 ],
			"to": [ 13.5, 4.01, 13.76 ],
			"rotation": { "origin": [ 0, 8, 7 ], "axis": "y", "angle": 22.5 },
			"faces": {
				"down": { "uv": [ 0, 0, 6.9, 0.3000002 ], "texture": "#red_concrete_powder" },
				"up": { "uv": [ 0, 0, 6.9, 0.3000002 ], "texture": "#red_concrete_powder" },
				"north": { "uv": [ 0, 0, 6.9, 4.01 ], "texture": "#red_concrete_powder" },
				"south": { "uv": [ 0, 0, 6.9, 4.01 ], "texture": "#red_concrete_powder" },
				"west": { "uv": [ 0, 0, 0.3, 4.01 ], "texture": "#red_concrete_powder" },
				"east": { "uv": [ 0, 0, 0.3, 4.01 ], "texture": "#red_concrete_powder" }
			}
		},
		{
			"from": [ 11.6, 0, 13.26 ],
			"to": [ 13.5, 4.01, 13.56 ],
			"rotation": { "origin": [ 0, 8, 7 ], "axis": "y", "angle": 22.5 },
			"faces": {
				"down": { "uv": [ 0, 0, 1.9, 0.3000002 ], "texture": "#red_concrete_powder" },
				"up": { "uv": [ 0, 0, 1.9, 0.3000002 ], "texture": "#red_concrete_powder" },
				"north": { "uv": [ 0, 0, 1.9, 4.01 ], "texture": "#red_concrete_powder" },
				"south": { "uv": [ 0, 0, 1.9, 4.01 ], "texture": "#red_concrete_powder" },
				"west": { "uv": [ 0, 0, 0.3, 4.01 ], "texture": "#red_concrete_powder" },
				"east": { "uv": [ 0, 0, 0.3, 4.01 ], "texture": "#red_concrete_powder" }
			}
		},
		{
			"from": [ 7.9, 0, 2.15 ],
			"to": [ 14.8, 4.01, 2.45 ],
			"rotation": { "origin": [ 0, 8, 7 ], "axis": "y", "angle": -22.5 },
			"faces": {
				"down": { "uv": [ 0, 0, 6.9, 0.3000002 ], "texture": "#red_concrete_powder" },
				"up": { "uv": [ 0, 0, 6.9, 0.3000002 ], "texture": "#red_concrete_powder" },
				"north": { "uv": [ 0, 0, 6.9, 4.01 ], "texture": "#red_concrete_powder" },
				"south": { "uv": [ 0, 0, 6.9, 4.01 ], "texture": "#red_concrete_powder" },
				"west": { "uv": [ 0, 0, 0.3, 4.01 ], "texture": "#red_concrete_powder" },
				"east": { "uv": [ 0, 0, 0.3, 4.01 ], "texture": "#red_concrete_powder" }
			}
		},
		{
			"from": [ 2, 0, 2.8 ],
			"to": [ 6, 4, 13.3 ],
			"faces": {
				"down": { "uv": [ 0, 0, 4, 10.5 ], "texture": "#white_concrete" },
				"up": { "uv": [ 0, 0, 4, 10.5 ], "texture": "#white_concrete" },
				"north": { "uv": [ 0, 0, 4, 4 ], "texture": "#white_concrete" },
				"south": { "uv": [ 0, 0, 4, 4 ], "texture": "#white_concrete" },
				"east": { "uv": [ 0, 0, 10.5, 4 ], "texture": "#white_concrete" }
			}
		},
		{
			"from": [ 6, 0, 4.3 ],
			"to": [ 9.8, 4, 11.7 ],
			"faces": {
				"down": { "uv": [ 0, 0, 3.8, 7.4 ], "texture": "#white_concrete" },
				"up": { "uv": [ 0, 0, 3.8, 7.4 ], "texture": "#white_concrete" },
				"north": { "uv": [ 0, 0, 3.8, 4 ], "texture": "#white_concrete" },
				"south": { "uv": [ 0, 0, 3.8, 4 ], "texture": "#white_concrete" },
				"east": { "uv": [ 0, 0, 7.4, 4 ], "texture": "#white_concrete" }
			}
		},
		{
			"from": [ 9.8, 0, 6.1 ],
			"to": [ 14.1, 4, 10 ],
			"faces": {
				"down": { "uv": [ 0, 0, 4.3, 3.9 ], "texture": "#white_concrete" },
				"up": { "uv": [ 0, 0, 4.3, 3.9 ], "texture": "#white_concrete" },
				"north": { "uv": [ 0, 0, 4.3, 4 ], "texture": "#white_concrete" },
				"south": { "uv": [ 0, 0, 4.3, 4 ], "texture": "#white_concrete" },
				"east": { "uv": [ 0, 0, 3.9, 4 ], "texture": "#white_concrete" }
			}
		},
		{
			"from": [ -1, 4, 3 ],
			"to": [ 2.5, 5, 3.75 ],
			"faces": {
				"down": { "uv": [ 0, 0, 3.5, 0.75 ], "texture": "#gray_concrete" },
				"up": { "uv": [ 0, 0, 3.5, 0.75 ], "texture": "#gray_concrete" },
				"north": { "uv": [ 0, 0, 3.5, 1 ], "texture": "#gray_concrete" },
				"south": { "uv": [ 0, 0, 3.5, 1 ], "texture": "#gray_concrete" },
				"west": { "uv": [ 0, 0, 0.75, 1 ], "texture": "#gray_concrete" },
				"east": { "uv": [ 0, 0, 0.75, 1 ], "texture": "#gray_concrete" }
			}
		},
		{
			"from": [ -1, 4, 7 ],
			"to": [ 2.5, 5, 7.75 ],
			"faces": {
				"down": { "uv": [ 0, 0, 3.5, 0.75 ], "texture": "#gray_concrete" },
				"up": { "uv": [ 0, 0, 3.5, 0.75 ], "texture": "#gray_concrete" },
				"north": { "uv": [ 0, 0, 3.5, 1 ], "texture": "#gray_concrete" },
				"south": { "uv": [ 0, 0, 3.5, 1 ], "texture": "#gray_concrete" },
				"west": { "uv": [ 0, 0, 0.75, 1 ], "texture": "#gray_concrete" },
				"east": { "uv": [ 0, 0, 0.75, 1 ], "texture": "#gray_concrete" }
			}
		},
		{
			"from": [ -1, 4, 11 ],
			"to": [ 2.5, 5, 11.75 ],
			"faces": {
				"down": { "uv": [ 0, 0, 3.5, 0.75 ], "texture": "#gray_concrete" },
				"up": { "uv": [ 0, 0, 3.5, 0.75 ], "texture": "#gray_concrete" },
				"north": { "uv": [ 0, 0, 3.5, 1 ], "texture": "#gray_concrete" },
				"south": { "uv": [ 0, 0, 3.5, 1 ], "texture": "#gray_concrete" },
				"west": { "uv": [ 0, 0, 0.75, 1 ], "texture": "#gray_concrete" },
				"east": { "uv": [ 0, 0, 0.75, 1 ], "texture": "#gray_concrete" }
			}
		},
		{
			"from": [ -1, 4, 3.75 ],
			"to": [ -0.25, 5, 7 ],
			"faces": {
				"down": { "uv": [ 0, 0, 0.75, 3.25 ], "texture": "#gray_concrete" },
				"up": { "uv": [ 0, 0, 0.75, 3.25 ], "texture": "#gray_concrete" },
				"west": { "uv": [ 0, 0, 3.25, 1 ], "texture": "#gray_concrete" },
				"east": { "uv": [ 0, 0, 3.25, 1 ], "texture": "#gray_concrete" }
			}
		},
		{
			"from": [ 1.75, 4, 7.75 ],
			"to": [ 2.5, 5, 11 ],
			"faces": {
				"down": { "uv": [ 0, 0, 0.75, 3.25 ], "texture": "#gray_concrete" },
				"up": { "uv": [ 0, 0, 0.75, 3.25 ], "texture": "#gray_concrete" },
				"west": { "uv": [ 0, 0, 3.25, 1 ], "texture": "#gray_concrete" },
				"east": { "uv": [ 0, 0, 3.25, 1 ], "texture": "#gray_concrete" }
			}
		},
		{
			"from": [ 4.5, 4, 3.75 ],
			"to": [ 5.25, 5, 12 ],
			"faces": {
				"up": { "uv": [ 0, 0, 0.75, 8.25 ], "texture": "#gray_concrete" },
				"south": { "uv": [ 0, 0, 0.75, 1 ], "texture": "#gray_concrete" },
				"west": { "uv": [ 0, 0, 8.25, 1 ], "texture": "#gray_concrete" },
				"east": { "uv": [ 0, 0, 8.25, 1 ], "texture": "#gray_concrete" }
			}
		},
		{
			"from": [ 3, 4, 3 ],
			"to": [ 6.75, 5, 3.75 ],
			"faces": {
				"down": { "uv": [ 0, 0, 3.75, 0.75 ], "texture": "#gray_concrete" },
				"up": { "uv": [ 0, 0, 3.75, 0.75 ], "texture": "#gray_concrete" },
				"north": { "uv": [ 0, 0, 3.75, 1 ], "texture": "#gray_concrete" },
				"south": { "uv": [ 0, 0, 3.75, 1 ], "texture": "#gray_concrete" },
				"west": { "uv": [ 0, 0, 0.75, 1 ], "texture": "#gray_concrete" },
				"east": { "uv": [ 0, 0, 0.75, 1 ], "texture": "#gray_concrete" }
			}
		},
		{
			"from": [ 13.5, 4, 3 ],
			"to": [ 17.25, 5, 3.75 ],
			"faces": {
				"down": { "uv": [ 0, 0, 3.75, 0.75 ], "texture": "#gray_concrete" },
				"up": { "uv": [ 0, 0, 3.75, 0.75 ], "texture": "#gray_concrete" },
				"north": { "uv": [ 0, 0, 3.75, 1 ], "texture": "#gray_concrete" },
				"south": { "uv": [ 0, 0, 3.75, 1 ], "texture": "#gray_concrete" },
				"west": { "uv": [ 0, 0, 0.75, 1 ], "texture": "#gray_concrete" },
				"east": { "uv": [ 0, 0, 0.75, 1 ], "texture": "#gray_concrete" }
			}
		},
		{
			"from": [ 15, 4, 3.75 ],
			"to": [ 15.75, 5, 12 ],
			"faces": {
				"down": { "uv": [ 0, 0, 0.75, 8.25 ], "texture": "#gray_concrete" },
				"up": { "uv": [ 0, 0, 0.75, 8.25 ], "texture": "#gray_concrete" },
				"south": { "uv": [ 0, 0, 0.75, 1 ], "texture": "#gray_concrete" },
				"west": { "uv": [ 0, 0, 8.25, 1 ], "texture": "#gray_concrete" },
				"east": { "uv": [ 0, 0, 8.25, 1 ], "texture": "#gray_concrete" }
			}
		},
		{
			"from": [ 10, 4, 2.75 ],
			"to": [ 10.75, 5, 12 ],
			"faces": {
				"down": { "uv": [ 0, 0, 0.75, 9.25 ], "texture": "#gray_concrete" },
				"up": { "uv": [ 0, 0, 0.75, 9.25 ], "texture": "#gray_concrete" },
				"north": { "uv": [ 0, 0, 0.75, 1 ], "texture": "#gray_concrete" },
				"south": { "uv": [ 0, 0, 0.75, 1 ], "texture": "#gray_concrete" },
				"west": { "uv": [ 0, 0, 9.25, 1 ], "texture": "#gray_concrete" },
				"east": { "uv": [ 0, 0, 9.25, 1 ], "texture": "#gray_concrete" }
			}
		},
		{
			"from": [ 12.5, 4, 8.75 ],
			"to": [ 13.25, 5, 12 ],
			"faces": {
				"down": { "uv": [ 0, 0, 0.75, 3.25 ], "texture": "#gray_concrete" },
				"up": { "uv": [ 0, 0, 0.75, 3.25 ], "texture": "#gray_concrete" },
				"north": { "uv": [ 0, 0, 0.75, 1 ], "texture": "#gray_concrete" },
				"south": { "uv": [ 0, 0, 0.75, 1 ], "texture": "#gray_concrete" },
				"west": { "uv": [ 0, 0, 3.25, 1 ], "texture": "#gray_concrete" },
				"east": { "uv": [ 0, 0, 3.25, 1 ], "texture": "#gray_concrete" }
			}
		},
		{
			"from": [ 12.5, 4, 2.75 ],
			"to": [ 13.25, 5, 6 ],
			"faces": {
				"down": { "uv": [ 0, 0, 0.75, 3.25 ], "texture": "#gray_concrete" },
				"up": { "uv": [ 0, 0, 0.75, 3.25 ], "texture": "#gray_concrete" },
				"north": { "uv": [ 0, 0, 0.75, 1 ], "texture": "#gray_concrete" },
				"south": { "uv": [ 0, 0, 0.75, 1 ], "texture": "#gray_concrete" },
				"west": { "uv": [ 0, 0, 3.25, 1 ], "texture": "#gray_concrete" },
				"east": { "uv": [ 0, 0, 3.25, 1 ], "texture": "#gray_concrete" }
			}
		},
		{
			"from": [ 10.75, 4, 2.75 ],
			"to": [ 12.5, 5, 3.5 ],
			"faces": {
				"down": { "uv": [ 0, 0, 1.75, 0.75 ], "texture": "#gray_concrete" },
				"up": { "uv": [ 0, 0, 1.75, 0.75 ], "texture": "#gray_concrete" },
				"north": { "uv": [ 0, 0, 1.75, 1 ], "texture": "#gray_concrete" },
				"south": { "uv": [ 0, 0, 1.75, 1 ], "texture": "#gray_concrete" }
			}
		},
		{
			"from": [ 10.75, 4, 5.5 ],
			"to": [ 12.5, 5, 6.25 ],
			"faces": {
				"down": { "uv": [ 0, 0, 1.75, 0.75 ], "texture": "#gray_concrete" },
				"up": { "uv": [ 0, 0, 1.75, 0.75 ], "texture": "#gray_concrete" },
				"north": { "uv": [ 0, 0, 1.75, 1 ], "texture": "#gray_concrete" },
				"south": { "uv": [ 0, 0, 1.75, 1 ], "texture": "#gray_concrete" },
				"east": { "uv": [ 0, 0, 0.75, 1 ], "texture": "#gray_concrete" }
			}
		},
		{
			"from": [ 11.75, 4, 7.5 ],
			"to": [ 12.5, 5, 9.25 ],
			"faces": {
				"up": { "uv": [ 0, 0, 0.75, 1.75 ], "texture": "#gray_concrete" },
				"north": { "uv": [ 0, 0, 0.75, 1 ], "texture": "#gray_concrete" },
				"south": { "uv": [ 0, 0, 0.75, 1 ], "texture": "#gray_concrete" },
				"west": { "uv": [ 0, 0, 1.75, 1 ], "texture": "#gray_concrete" },
				"east": { "uv": [ 0, 0, 1.75, 1 ], "texture": "#gray_concrete" }
			}
		},
		{
			"from": [ 11.25, 4, 6 ],
			"to": [ 12, 5, 7.75 ],
			"faces": {
				"down": { "uv": [ 0, 0, 0.75, 1.75 ], "texture": "#gray_concrete" },
				"up": { "uv": [ 0, 0, 0.75, 1.75 ], "texture": "#gray_concrete" },
				"south": { "uv": [ 0, 0, 0.75, 1 ], "texture": "#gray_concrete" },
				"west": { "uv": [ 0, 0, 1.75, 1 ], "texture": "#gray_concrete" },
				"east": { "uv": [ 0, 0, 1.75, 1 ], "texture": "#gray_concrete" }
			}
		},
		{
			"from": [ 6.75, 4, 3.75 ],
			"to": [ 7.5, 5, 12 ],
			"faces": {
				"down": { "uv": [ 0, 0, 0.75, 8.25 ], "texture": "#gray_concrete" },
				"up": { "uv": [ 0, 0, 0.75, 8.25 ], "texture": "#gray_concrete" },
				"north": { "uv": [ 0, 0, 0.75, 1 ], "texture": "#gray_concrete" },
				"south": { "uv": [ 0, 0, 0.75, 1 ], "texture": "#gray_concrete" },
				"west": { "uv": [ 0, 0, 8.25, 1 ], "texture": "#gray_concrete" },
				"east": { "uv": [ 0, 0, 8.25, 1 ], "texture": "#gray_concrete" }
			}
		},
		{
			"from": [ 8.75, 4, 3.75 ],
			"to": [ 9.5, 5, 12 ],
			"faces": {
				"down": { "uv": [ 0, 0, 0.75, 8.25 ], "texture": "#gray_concrete" },
				"up": { "uv": [ 0, 0, 0.75, 8.25 ], "texture": "#gray_concrete" },
				"north": { "uv": [ 0, 0, 0.75, 1 ], "texture": "#gray_concrete" },
				"south": { "uv": [ 0, 0, 0.75, 1 ], "texture": "#gray_concrete" },
				"west": { "uv": [ 0, 0, 8.25, 1 ], "texture": "#gray_concrete" },
				"east": { "uv": [ 0, 0, 8.25, 1 ], "texture": "#gray_concrete" }
			}
		},
		{
			"from": [ 7, 4, 3 ],
			"to": [ 9.25, 5, 3.75 ],
			"faces": {
				"down": { "uv": [ 0, 0, 2.25, 0.75 ], "texture": "#gray_concrete" },
				"up": { "uv": [ 0, 0, 2.25, 0.75 ], "texture": "#gray_concrete" },
				"north": { "uv": [ 0, 0, 2.25, 1 ], "texture": "#gray_concrete" },
				"south": { "uv": [ 0, 0, 2.25, 1 ], "texture": "#gray_concrete" },
				"west": { "uv": [ 0, 0, 0.75, 1 ], "texture": "#gray_concrete" },
				"east": { "uv": [ 0, 0, 0.75, 1 ], "texture": "#gray_concrete" }
			}
		},
		{
			"from": [ 7, 4, 7 ],
			"to": [ 9.25, 5, 7.75 ],
			"faces": {
				"up": { "uv": [ 0, 0, 2.25, 0.75 ], "texture": "#gray_concrete" },
				"north": { "uv": [ 0, 0, 2.25, 1 ], "texture": "#gray_concrete" },
				"south": { "uv": [ 0, 0, 2.25, 1 ], "texture": "#gray_concrete" }
			}
		}
	],
	"display": {
		"thirdperson_righthand": {
			"rotation":  [ 75, 315, 0 ],
			"translation":  [ 0, 2.5, 0 ],
			"scale":  [ 0.375, 0.375, 0.375 ]
		},
		"thirdperson_lefthand": {
			"rotation":  [ 75, 315, 0 ],
			"translation":  [ 0, 2.5, 0 ],
			"scale":  [ 0.375, 0.375, 0.375 ]
		},
		"firstperson_righthand": {
			"rotation":  [ 64, -14, 47 ],
			"translation":  [ 0, 2.5, 0 ]
		},
		"firstperson_lefthand": {
			"rotation":  [ 64, -14, 47 ],
			"translation":  [ 0, 2.5, 0 ]
		},
		"gui": {
			"rotation":  [ 90, 0, -35 ],
			"scale":  [ 0.625, 0.625, 0.625 ]
		},
		"head": {
			"rotation":  [ 0, 180, 0 ],
			"translation":  [ 0, -14, 0 ],
			"scale":  [ 9, 4, 7 ]
		},
		"ground": {
			"translation":  [ 0, 3, 0 ],
			"scale":  [ 1, 0.3, 1 ]
		},
		"fixed": {
			"rotation":  [ -90, 180, 0 ],
			"translation":  [ 0, 0, -16 ],
			"scale":  [ 9, 2, 6 ]
		}
	}
}