{
	"__comment": "Model generated using MrCrayfish's Model Creator (https://mrcrayfish.com/tools?id=mc)",
	"textures": {
		"spruce_log": "block/oak_log"
	},
	"elements": [
		{
			"from": [ 2, 0, 2 ],
			"to": [ 3.5, 9.5, 3.5 ],
			"faces": {
				"down": { "uv": [ 0, 0, 1.5, 1.5 ], "texture": "#spruce_log" },
				"up": { "uv": [ 0, 0, 1.5, 1.5 ], "texture": "#spruce_log" },
				"north": { "uv": [ 0, 0, 1.5, 9.5 ], "texture": "#spruce_log" },
				"south": { "uv": [ 0, 0, 1.5, 9.5 ], "texture": "#spruce_log" },
				"west": { "uv": [ 0, 0, 1.5, 9.5 ], "texture": "#spruce_log" },
				"east": { "uv": [ 0, 0, 1.5, 9.5 ], "texture": "#spruce_log" }
			}
		},
		{
			"from": [ 13.5, 0, 2 ],
			"to": [ 15, 9.5, 3.5 ],
			"faces": {
				"down": { "uv": [ 0, 0, 1.5, 1.5 ], "texture": "#spruce_log" },
				"north": { "uv": [ 0, 0, 1.5, 9.5 ], "texture": "#spruce_log" },
				"south": { "uv": [ 0, 0, 1.5, 9.5 ], "texture": "#spruce_log" },
				"west": { "uv": [ 0, 0, 1.5, 9.5 ], "texture": "#spruce_log" },
				"east": { "uv": [ 0, 0, 1.5, 9.5 ], "texture": "#spruce_log" }
			}
		},
		{
			"from": [ 13.5, 0, 12.5 ],
			"to": [ 15, 9.5, 14 ],
			"faces": {
				"down": { "uv": [ 0, 0, 1.5, 1.5 ], "texture": "#spruce_log" },
				"north": { "uv": [ 0, 0, 1.5, 9.5 ], "texture": "#spruce_log" },
				"south": { "uv": [ 0, 0, 1.5, 9.5 ], "texture": "#spruce_log" },
				"west": { "uv": [ 0, 0, 1.5, 9.5 ], "texture": "#spruce_log" },
				"east": { "uv": [ 0, 0, 1.5, 9.5 ], "texture": "#spruce_log" }
			}
		},
		{
			"from": [ 2, 0, 12.5 ],
			"to": [ 3.5, 9.5, 14 ],
			"faces": {
				"down": { "uv": [ 0, 0, 1.5, 1.5 ], "texture": "#spruce_log" },
				"up": { "uv": [ 0, 0, 1.5, 1.5 ], "texture": "#spruce_log" },
				"north": { "uv": [ 0, 0, 1.5, 9.5 ], "texture": "#spruce_log" },
				"south": { "uv": [ 0, 0, 1.5, 9.5 ], "texture": "#spruce_log" },
				"west": { "uv": [ 0, 0, 1.5, 9.5 ], "texture": "#spruce_log" },
				"east": { "uv": [ 0, 0, 1.5, 9.5 ], "texture": "#spruce_log" }
			}
		},
		{
			"from": [ 2, 1.5, 3.5 ],
			"to": [ 3.5, 3, 12.5 ],
			"faces": {
				"down": { "uv": [ 0, 0, 1.5, 9 ], "texture": "#spruce_log" },
				"up": { "uv": [ 0, 0, 1.5, 9 ], "texture": "#spruce_log" },
				"west": { "uv": [ 0, 0, 9, 1.5 ], "texture": "#spruce_log" },
				"east": { "uv": [ 0, 0, 9, 1.5 ], "texture": "#spruce_log" }
			}
		},
		{
			"from": [ 13.5, 1.5, 3.5 ],
			"to": [ 15, 3, 12.5 ],
			"faces": {
				"down": { "uv": [ 0, 0, 1.5, 9 ], "texture": "#spruce_log" },
				"up": { "uv": [ 0, 0, 1.5, 9 ], "texture": "#spruce_log" },
				"west": { "uv": [ 0, 0, 9, 1.5 ], "texture": "#spruce_log" },
				"east": { "uv": [ 0, 0, 9, 1.5 ], "texture": "#spruce_log" }
			}
		},
		{
			"from": [ 13.5, 9.5, 1.5 ],
			"to": [ 15, 11, 15.8 ],
			"faces": {
				"down": { "uv": [ 9, 1, 10.5, 15.3 ], "texture": "#spruce_log" },
				"up": { "uv": [ 4, 1, 5.5, 15.3 ], "texture": "#spruce_log" },
				"north": { "uv": [ 0, 0, 1.5, 1.5 ], "texture": "#spruce_log" },
				"south": { "uv": [ 0, 0, 1.5, 1.5 ], "texture": "#spruce_log" },
				"west": { "uv": [ 0, 0, 14.3, 1.5 ], "texture": "#spruce_log" },
				"east": { "uv": [ 0, 0, 14.3, 1.5 ], "texture": "#spruce_log" }
			}
		},
		{
			"from": [ 12, 9.5, 1.5 ],
			"to": [ 13.5, 11, 15.5 ],
			"faces": {
				"down": { "uv": [ 14, 0, 15.5, 14 ], "texture": "#spruce_log" },
				"up": { "uv": [ 14, 1, 15.5, 15 ], "texture": "#spruce_log" },
				"north": { "uv": [ 0, 0, 1.5, 1.5 ], "texture": "#spruce_log" },
				"south": { "uv": [ 0, 0, 1.5, 1.5 ], "texture": "#spruce_log" }
			}
		},
		{
			"from": [ 10.5, 9.5, 1.5 ],
			"to": [ 12, 11, 15.6 ],
			"faces": {
				"down": { "uv": [ 8, 0, 9.5, 14.1 ], "texture": "#spruce_log" },
				"up": { "uv": [ 7, 0, 8.5, 14.1 ], "texture": "#spruce_log" },
				"north": { "uv": [ 0, 0, 1.5, 1.5 ], "texture": "#spruce_log" },
				"south": { "uv": [ 0, 0, 1.5, 1.5 ], "texture": "#spruce_log" },
				"east": { "uv": [ 0, 0, 14.1, 1.5 ], "texture": "#spruce_log" }
			}
		},
		{
			"from": [ 9, 9.5, 1.5 ],
			"to": [ 10.5, 11, 15.6 ],
			"faces": {
				"down": { "uv": [ 7, 1, 8.5, 15.1 ], "texture": "#spruce_log" },
				"up": { "uv": [ 4, 1, 5.5, 15.1 ], "texture": "#spruce_log" },
				"north": { "uv": [ 0, 0, 1.5, 1.5 ], "texture": "#spruce_log" },
				"south": { "uv": [ 0, 0, 1.5, 1.5 ], "texture": "#spruce_log" }
			}
		},
		{
			"from": [ 7.5, 9.5, 1.5 ],
			"to": [ 9, 11, 15.8 ],
			"faces": {
				"down": { "uv": [ 6, 0, 7.5, 14.3 ], "texture": "#spruce_log" },
				"up": { "uv": [ 10, 0, 11.5, 14.3 ], "texture": "#spruce_log" },
				"north": { "uv": [ 0, 0, 1.5, 1.5 ], "texture": "#spruce_log" },
				"south": { "uv": [ 0, 0, 1.5, 1.5 ], "texture": "#spruce_log" },
				"west": { "uv": [ 0, 0, 14.3, 1.5 ], "texture": "#spruce_log" },
				"east": { "uv": [ 0, 0, 14.3, 1.5 ], "texture": "#spruce_log" }
			}
		},
		{
			"from": [ 6, 9.5, 1.5 ],
			"to": [ 7.5, 11, 15.4 ],
			"faces": {
				"down": { "uv": [ 11, 0, 12.5, 13.9 ], "texture": "#spruce_log" },
				"up": { "uv": [ 8, 2, 9.5, 15.9 ], "texture": "#spruce_log" },
				"north": { "uv": [ 0, 0, 1.5, 1.5 ], "texture": "#spruce_log" },
				"south": { "uv": [ 0, 0, 1.5, 1.5 ], "texture": "#spruce_log" }
			}
		},
		{
			"from": [ 4.5, 9.5, 1.5 ],
			"to": [ 6, 11, 15.5 ],
			"faces": {
				"down": { "uv": [ 1, 0, 2.5, 14 ], "texture": "#spruce_log" },
				"up": { "uv": [ 7, 0, 8.5, 14 ], "texture": "#spruce_log" },
				"north": { "uv": [ 0, 0, 1.5, 1.5 ], "texture": "#spruce_log" },
				"south": { "uv": [ 0, 0, 1.5, 1.5 ], "texture": "#spruce_log" },
				"east": { "uv": [ 0, 0, 14, 1.5 ], "texture": "#spruce_log" }
			}
		},
		{
			"from": [ 3, 9.5, 1.5 ],
			"to": [ 4.5, 11, 15.6 ],
			"faces": {
				"down": { "uv": [ 8, 0, 9.5, 14.1 ], "texture": "#spruce_log" },
				"up": { "uv": [ 0, 0, 1.5, 14.1 ], "texture": "#spruce_log" },
				"north": { "uv": [ 0, 0, 1.5, 1.5 ], "texture": "#spruce_log" },
				"south": { "uv": [ 0, 0, 1.5, 1.5 ], "texture": "#spruce_log" },
				"east": { "uv": [ 0, 0, 14.1, 1.5 ], "texture": "#spruce_log" }
			}
		},
		{
			"from": [ 2, 9.5, 1.5 ],
			"to": [ 3, 11, 15.7 ],
			"faces": {
				"down": { "uv": [ 4, 1, 5, 15.2 ], "texture": "#spruce_log" },
				"up": { "uv": [ 14, 0, 15, 14.2 ], "texture": "#spruce_log" },
				"north": { "uv": [ 0, 0, 1, 1.5 ], "texture": "#spruce_log" },
				"south": { "uv": [ 0, 0, 1, 1.5 ], "texture": "#spruce_log" },
				"west": { "uv": [ 0, 0, 14.2, 1.5 ], "texture": "#spruce_log" },
				"east": { "uv": [ 0, 0, 14.2, 1.5 ], "texture": "#spruce_log" }
			}
		},
		{
			"from": [ 2, 11, 1.5 ],
			"to": [ 3.5, 25.5, 3 ],
			"faces": {
				"down": { "uv": [ 0, 0, 1.5, 1.5 ], "texture": "#spruce_log" },
				"north": { "uv": [ 0, 0, 1.5, 14.5 ], "texture": "#spruce_log" },
				"south": { "uv": [ 0, 0, 1.5, 14.5 ], "texture": "#spruce_log" },
				"west": { "uv": [ 0, 0, 1.5, 14.5 ], "texture": "#spruce_log" },
				"east": { "uv": [ 0, 0, 1.5, 14.5 ], "texture": "#spruce_log" }
			}
		},
		{
			"from": [ 13.5, 11, 1.5 ],
			"to": [ 15, 25.5, 3 ],
			"faces": {
				"north": { "uv": [ 0, 0, 1.5, 14.5 ], "texture": "#spruce_log" },
				"south": { "uv": [ 0, 0, 1.5, 14.5 ], "texture": "#spruce_log" },
				"west": { "uv": [ 0, 0, 1.5, 14.5 ], "texture": "#spruce_log" },
				"east": { "uv": [ 0, 0, 1.5, 14.5 ], "texture": "#spruce_log" }
			}
		},
		{
			"from": [ 3.5, 18, 1.5 ],
			"to": [ 13.5, 19, 2.5 ],
			"faces": {
				"down": { "uv": [ 0, 0, 10, 1 ], "texture": "#spruce_log" },
				"up": { "uv": [ 0, 0, 10, 1 ], "texture": "#spruce_log" },
				"north": { "uv": [ 0, 0, 10, 1 ], "texture": "#spruce_log" },
				"south": { "uv": [ 0, 0, 10, 1 ], "texture": "#spruce_log" }
			}
		},
		{
			"from": [ 3.5, 22, 1.5 ],
			"to": [ 13.5, 23, 2.5 ],
			"faces": {
				"down": { "uv": [ 0, 0, 10, 1 ], "texture": "#spruce_log" },
				"up": { "uv": [ 0, 0, 10, 1 ], "texture": "#spruce_log" },
				"north": { "uv": [ 0, 0, 10, 1 ], "texture": "#spruce_log" },
				"south": { "uv": [ 0, 0, 10, 1 ], "texture": "#spruce_log" }
			}
		},
		{
			"from": [ 3.5, 27, 1.5 ],
			"to": [ 13.5, 28, 2.5 ],
			"faces": {
				"down": { "uv": [ 0, 0, 10, 1 ], "texture": "#spruce_log" },
				"up": { "uv": [ 0, 0, 10, 1 ], "texture": "#spruce_log" },
				"north": { "uv": [ 0, 0, 10, 1 ], "texture": "#spruce_log" },
				"south": { "uv": [ 0, 0, 10, 1 ], "texture": "#spruce_log" }
			}
		},
		{
			"from": [ 2, 25.5, 1.5 ],
			"to": [ 3.5, 29, 3 ],
			"faces": {
				"up": { "uv": [ 0, 0, 1.5, 1.5 ], "texture": "#spruce_log" },
				"north": { "uv": [ 0, 0, 1.5, 3.5 ], "texture": "#spruce_log" },
				"south": { "uv": [ 0, 0, 1.5, 3.5 ], "texture": "#spruce_log" },
				"west": { "uv": [ 0, 0, 1.5, 3.5 ], "texture": "#spruce_log" },
				"east": { "uv": [ 0, 0, 1.5, 3.5 ], "texture": "#spruce_log" }
			}
		},
		{
			"from": [ 13.5, 25.5, 1.5 ],
			"to": [ 15, 29, 3 ],
			"faces": {
				"up": { "uv": [ 0, 0, 1.5, 1.5 ], "texture": "#spruce_log" },
				"north": { "uv": [ 0, 0, 1.5, 3.5 ], "texture": "#spruce_log" },
				"south": { "uv": [ 0, 0, 1.5, 3.5 ], "texture": "#spruce_log" },
				"west": { "uv": [ 0, 0, 1.5, 3.5 ], "texture": "#spruce_log" },
				"east": { "uv": [ 0, 0, 1.5, 3.5 ], "texture": "#spruce_log" }
			}
		}
	],
	"display": {
		"gui": {
			"rotation":  [ 30, 45, 0 ],
			"translation":  [ 0, -3, 0 ],
			"scale":  [ 0.4, 0.4, 0.4 ]
		},
		"head": {
			"rotation":  [ 0, 180, 0 ],
			"translation":  [ 0, -34, 0 ],
			"scale":  [ 1.5, 1.5, 1.5 ]
		},
		"ground": {
			"translation":  [ 0, 3, 0 ],
			"scale":  [ 0.25, 0.25, 0.25 ]
		},
		"fixed": {
			"rotation":  [ 0, 180, 0 ],
			"translation":  [ 0, -5, -5 ],
			"scale":  [ 0.5, 0.5, 0.5 ]
		}
	}
}