{
	"__comment": "Model generated using MrCrayfish's Model Creator (https://mrcrayfish.com/tools?id=mc)",
	"textures": {
		"red_concrete": "block/red_concrete",
		"oak_planks": "block/oak_planks",
		"yellow_wool": "block/yellow_wool",
		"lime_concrete": "block/lime_concrete",
		"coarse_dirt": "block/coarse_dirt",
		"yellow_terracotta": "block/yellow_terracotta",
		"red_glazed_terracotta": "block/red_glazed_terracotta",
		"white_concrete": "block/white_concrete",
		"black_concrete": "block/black_concrete",
		"pink_concrete": "block/pink_concrete"
	},
	"elements": [
		{
			"from": [ 4, 0, 5 ],
			"to": [ 12, 2, 11 ],
			"faces": {
				"down": { "uv": [ 0, 0, 8, 6 ], "texture": "#yellow_terracotta", "rotation": 180 },
				"north": { "uv": [ 0, 0, 8, 2 ], "texture": "#yellow_terracotta" },
				"south": { "uv": [ 0, 0, 8, 2 ], "texture": "#yellow_terracotta" },
				"west": { "uv": [ 0, 0, 6, 2 ], "texture": "#yellow_terracotta" },
				"east": { "uv": [ 0, 0, 6, 2 ], "texture": "#yellow_terracotta" }
			}
		},
		{
			"from": [ 5, 0, 4 ],
			"to": [ 11, 1.99, 12 ],
			"faces": {
				"down": { "uv": [ 0, 0, 6, 8 ], "texture": "#yellow_terracotta", "rotation": 180 },
				"up": { "uv": [ 0, 0, 6, 8 ], "texture": "#yellow_terracotta", "rotation": 180 },
				"north": { "uv": [ 0, 0, 6, 1.99 ], "texture": "#yellow_terracotta" },
				"south": { "uv": [ 0, 0, 6, 1.99 ], "texture": "#yellow_terracotta" },
				"west": { "uv": [ 0, 0, 8, 1.99 ], "texture": "#yellow_terracotta" },
				"east": { "uv": [ 0, 0, 8, 1.99 ], "texture": "#yellow_terracotta" }
			}
		},
		{
			"from": [ 5, 2, 4 ],
			"to": [ 11, 3.99, 12 ],
			"faces": {
				"down": { "uv": [ 0, 0, 6, 8 ], "texture": "#coarse_dirt", "rotation": 180 },
				"up": { "uv": [ 0, 0, 6, 8 ], "texture": "#coarse_dirt", "rotation": 180 },
				"north": { "uv": [ 0, 0, 6, 1.99 ], "texture": "#coarse_dirt" },
				"south": { "uv": [ 0, 0, 6, 1.99 ], "texture": "#coarse_dirt" },
				"west": { "uv": [ 0, 0, 8, 1.99 ], "texture": "#coarse_dirt" },
				"east": { "uv": [ 0, 0, 8, 1.99 ], "texture": "#coarse_dirt" }
			}
		},
		{
			"from": [ 4, 2, 5 ],
			"to": [ 12, 4, 11 ],
			"faces": {
				"north": { "uv": [ 0, 0, 8, 2 ], "texture": "#coarse_dirt" },
				"south": { "uv": [ 0, 0, 8, 2 ], "texture": "#coarse_dirt" },
				"west": { "uv": [ 0, 0, 6, 2 ], "texture": "#coarse_dirt" },
				"east": { "uv": [ 0, 0, 6, 2 ], "texture": "#coarse_dirt" }
			}
		},
		{
			"from": [ 4, 4, 5 ],
			"to": [ 12, 4.4, 11 ],
			"faces": {
				"up": { "uv": [ 0, 0, 8, 6 ], "texture": "#yellow_wool", "rotation": 180 },
				"north": { "uv": [ 0, 0, 8, 0.3999996 ], "texture": "#yellow_wool" },
				"south": { "uv": [ 0, 0, 8, 0.3999996 ], "texture": "#yellow_wool" },
				"west": { "uv": [ 0, 0, 6, 0.3999996 ], "texture": "#yellow_wool" },
				"east": { "uv": [ 0, 0, 6, 0.3999996 ], "texture": "#yellow_wool" }
			}
		},
		{
			"from": [ 5, 4, 4 ],
			"to": [ 11, 4.39, 12 ],
			"faces": {
				"down": { "uv": [ 0, 0, 6, 8 ], "texture": "#yellow_wool", "rotation": 180 },
				"up": { "uv": [ 0, 0, 6, 8 ], "texture": "#yellow_wool", "rotation": 180 },
				"north": { "uv": [ 0, 0, 6, 0.3900003 ], "texture": "#yellow_wool" },
				"south": { "uv": [ 0, 0, 6, 0.3900003 ], "texture": "#yellow_wool" },
				"west": { "uv": [ 0, 0, 8, 0.3900003 ], "texture": "#yellow_wool" },
				"east": { "uv": [ 0, 0, 8, 0.3900003 ], "texture": "#yellow_wool" }
			}
		},
		{
			"from": [ 5, 4, 5 ],
			"to": [ 11, 5, 11 ],
			"faces": {
				"north": { "uv": [ 0, 0, 6, 1 ], "texture": "#red_glazed_terracotta" },
				"south": { "uv": [ 0, 0, 6, 1 ], "texture": "#red_glazed_terracotta" },
				"west": { "uv": [ 0, 0, 6, 1 ], "texture": "#red_glazed_terracotta" },
				"east": { "uv": [ 0, 0, 6, 1 ], "texture": "#red_glazed_terracotta" }
			}
		},
		{
			"from": [ 4, 5, 5 ],
			"to": [ 12, 7, 11 ],
			"faces": {
				"down": { "uv": [ 0, 0, 8, 6 ], "texture": "#yellow_terracotta", "rotation": 180 },
				"up": { "uv": [ 0, 0, 8, 6 ], "texture": "#yellow_terracotta", "rotation": 180 },
				"north": { "uv": [ 0, 0, 8, 2 ], "texture": "#yellow_terracotta" },
				"south": { "uv": [ 0, 0, 8, 2 ], "texture": "#yellow_terracotta" },
				"west": { "uv": [ 0, 0, 6, 2 ], "texture": "#yellow_terracotta" },
				"east": { "uv": [ 0, 0, 6, 2 ], "texture": "#yellow_terracotta" }
			}
		},
		{
			"from": [ 5, 5, 4 ],
			"to": [ 11, 6.99, 12 ],
			"faces": {
				"down": { "uv": [ 0, 0, 6, 8 ], "texture": "#yellow_terracotta", "rotation": 180 },
				"up": { "uv": [ 0, 0, 6, 8 ], "texture": "#yellow_terracotta", "rotation": 180 },
				"north": { "uv": [ 0, 0, 6, 1.99 ], "texture": "#yellow_terracotta" },
				"south": { "uv": [ 0, 0, 6, 1.99 ], "texture": "#yellow_terracotta" },
				"west": { "uv": [ 0, 0, 8, 1.99 ], "texture": "#yellow_terracotta" },
				"east": { "uv": [ 0, 0, 8, 1.99 ], "texture": "#yellow_terracotta" }
			}
		},
		{
			"from": [ 5, 7, 5 ],
			"to": [ 11, 9, 11 ],
			"faces": {
				"up": { "uv": [ 0, 0, 6, 6 ], "texture": "#yellow_terracotta", "rotation": 180 },
				"north": { "uv": [ 0, 0, 6, 2 ], "texture": "#yellow_terracotta" },
				"south": { "uv": [ 0, 0, 6, 2 ], "texture": "#yellow_terracotta" },
				"west": { "uv": [ 0, 0, 6, 2 ], "texture": "#yellow_terracotta" },
				"east": { "uv": [ 0, 0, 6, 2 ], "texture": "#yellow_terracotta" }
			}
		},
		{
			"from": [ 9.5, 7.5, 10.5 ],
			"to": [ 11.5, 9.5, 11.5 ],
			"faces": {
				"down": { "uv": [ 0, 0, 2, 1 ], "texture": "#white_concrete", "rotation": 180 },
				"up": { "uv": [ 0, 0, 2, 1 ], "texture": "#white_concrete", "rotation": 180 },
				"north": { "uv": [ 0, 0, 2, 2 ], "texture": "#white_concrete" },
				"south": { "uv": [ 0, 0, 2, 2 ], "texture": "#white_concrete" },
				"west": { "uv": [ 0, 0, 1, 2 ], "texture": "#white_concrete" },
				"east": { "uv": [ 0, 0, 1, 2 ], "texture": "#white_concrete" }
			}
		},
		{
			"from": [ 9.5, 7.5, 10.6 ],
			"to": [ 10.5, 8.5, 11.6 ],
			"faces": {
				"down": { "uv": [ 0, 0, 1, 1 ], "texture": "#white_concrete", "rotation": 180 },
				"up": { "uv": [ 0, 0, 1, 1 ], "texture": "#white_concrete", "rotation": 180 },
				"south": { "uv": [ 0, 0, 1, 1 ], "texture": "#black_concrete" },
				"west": { "uv": [ 0, 0, 1, 1 ], "texture": "#white_concrete" },
				"east": { "uv": [ 0, 0, 1, 1 ], "texture": "#white_concrete" }
			}
		},
		{
			"from": [ 5.5, 5.9, 9 ],
			"to": [ 10.5, 6.4, 14 ],
			"rotation": { "origin": [ 8, 2, 8 ], "axis": "x", "angle": 22.5 },
			"faces": {
				"down": { "uv": [ 0, 0, 5, 5 ], "texture": "#pink_concrete", "rotation": 180 },
				"up": { "uv": [ 0, 0, 5, 5 ], "texture": "#pink_concrete", "rotation": 180 },
				"north": { "uv": [ 0, 0, 5, 0.5 ], "texture": "#pink_concrete" },
				"south": { "uv": [ 0, 0, 5, 0.5 ], "texture": "#pink_concrete" },
				"west": { "uv": [ 0, 0, 5, 0.5 ], "texture": "#pink_concrete" },
				"east": { "uv": [ 0, 0, 5, 0.5 ], "texture": "#pink_concrete" }
			}
		},
		{
			"from": [ 7.75, 9, 7.5 ],
			"to": [ 8.25, 11, 8 ],
			"faces": {
				"up": { "uv": [ 0, 0, 0.5, 0.5 ], "texture": "#oak_planks", "rotation": 180 },
				"north": { "uv": [ 0, 0, 0.5, 2 ], "texture": "#oak_planks" },
				"south": { "uv": [ 6, 6, 6.5, 8 ], "texture": "#oak_planks" },
				"west": { "uv": [ 0, 0, 0.5, 2 ], "texture": "#oak_planks" },
				"east": { "uv": [ 0, 0, 0.5, 2 ], "texture": "#oak_planks" }
			}
		},
		{
			"from": [ 7.2, 10, 7.4 ],
			"to": [ 8.7, 10.9, 8.1 ],
			"faces": {
				"down": { "uv": [ 0, 0, 1.5, 0.6999998 ], "texture": "#lime_concrete", "rotation": 180 },
				"up": { "uv": [ 0, 0, 1.5, 0.6999998 ], "texture": "#lime_concrete", "rotation": 180 },
				"north": { "uv": [ 0, 0, 1.5, 0.8999996 ], "texture": "#lime_concrete" },
				"south": { "uv": [ 6, 6, 7.5, 6.9 ], "texture": "#lime_concrete" },
				"west": { "uv": [ 0, 0, 0.7, 0.8999996 ], "texture": "#lime_concrete" },
				"east": { "uv": [ 0, 0, 0.7, 0.8999996 ], "texture": "#lime_concrete" }
			}
		},
		{
			"from": [ 7.7, 10.2, 7.95 ],
			"to": [ 8.3, 10.7, 8.2 ],
			"faces": {
				"down": { "uv": [ 0, 0, 0.6, 0.25 ], "texture": "#red_concrete", "rotation": 180 },
				"up": { "uv": [ 0, 0, 0.6, 0.25 ], "texture": "#red_concrete", "rotation": 180 },
				"south": { "uv": [ 0, 0, 0.6, 0.5 ], "texture": "#red_concrete" },
				"west": { "uv": [ 0, 0, 0.25, 0.5 ], "texture": "#red_concrete" },
				"east": { "uv": [ 0, 0, 0.25, 0.5 ], "texture": "#red_concrete" }
			}
		},
		{
			"from": [ 4.5, 7.5, 10.5 ],
			"to": [ 6.5, 9.5, 11.5 ],
			"faces": {
				"down": { "uv": [ 0, 0, 2, 1 ], "texture": "#white_concrete", "rotation": 180 },
				"up": { "uv": [ 0, 0, 2, 1 ], "texture": "#white_concrete", "rotation": 180 },
				"north": { "uv": [ 0, 0, 2, 2 ], "texture": "#white_concrete" },
				"south": { "uv": [ 0, 0, 2, 2 ], "texture": "#white_concrete" },
				"west": { "uv": [ 0, 0, 1, 2 ], "texture": "#white_concrete" },
				"east": { "uv": [ 0, 0, 1, 2 ], "texture": "#white_concrete" }
			}
		},
		{
			"from": [ 5.5, 7.5, 10.6 ],
			"to": [ 6.5, 8.5, 11.6 ],
			"faces": {
				"down": { "uv": [ 0, 0, 1, 1 ], "texture": "#white_concrete", "rotation": 180 },
				"up": { "uv": [ 0, 0, 1, 1 ], "texture": "#white_concrete", "rotation": 180 },
				"south": { "uv": [ 0, 0, 1, 1 ], "texture": "#black_concrete" },
				"west": { "uv": [ 0, 0, 1, 1 ], "texture": "#white_concrete" },
				"east": { "uv": [ 0, 0, 1, 1 ], "texture": "#white_concrete" }
			}
		}
	],
	"display": {
		"thirdperson_righthand": {
			"rotation":  [ 75, -158, 6 ],
			"translation":  [ -1.391, 1.1086, 1.3913 ],
			"scale":  [ 0.7, 0.7, 0.7 ]
		},
		"thirdperson_lefthand": {
			"rotation":  [ 75, -158, 6 ],
			"translation":  [ -1.391, 1.1086, 1.3913 ],
			"scale":  [ 0.7, 0.7, 0.7 ]
		},
		"firstperson_righthand": {
			"rotation":  [ 0, 315, 0 ],
			"translation":  [ 0, 6.6739, 0 ],
			"scale":  [ 0.7, 0.7, 0.7 ]
		},
		"firstperson_lefthand": {
			"rotation":  [ 0, 315, 0 ],
			"translation":  [ 0, 6.6739, 0 ],
			"scale":  [ 0.7, 0.7, 0.7 ]
		},
		"gui": {
			"rotation":  [ 30, 45, 0 ],
			"translation":  [ 0, 2.7826, 0 ]
		},
		"head": {
			"rotation":  [ 0, 180, 0 ],
			"translation":  [ 0, 6.2608, 0 ],
			"scale":  [ 2.5, 2, 2.5 ]
		},
		"ground": {
			"translation":  [ 0, 33.608, 0 ],
			"scale":  [ 3, 3, 3 ]
		},
		"fixed": {
			"rotation":  [ 0, 180, 0 ],
			"translation":  [ 0, 5.5652, 0 ],
			"scale":  [ 2, 2, 2 ]
		}
	}
}