{
	"__comment": "Model generated using MrCrayfish's Model Creator (https://mrcrayfish.com/tools?id=mc)",
	"textures": {
		"white_wool": "block/cyan_wool",
		"spruce_log": "block/spruce_log"
	},
	"elements": [
		{
			"from": [ 2, 0, 2 ],
			"to": [ 3.5, 9.5, 3.5 ],
			"faces": {
				"down": { "uv": [ 0, 0, 1.5, 1.5 ], "texture": "#spruce_log" },
				"north": { "uv": [ 0, 0, 1.5, 9.5 ], "texture": "#spruce_log" },
				"south": { "uv": [ 0, 0, 1.5, 9.5 ], "texture": "#spruce_log" },
				"west": { "uv": [ 0, 0, 1.5, 9.5 ], "texture": "#spruce_log" },
				"east": { "uv": [ 0, 0, 1.5, 9.5 ], "texture": "#spruce_log" }
			}
		},
		{
			"from": [ 13.5, 0, 2 ],
			"to": [ 15, 9.5, 3.5 ],
			"faces": {
				"down": { "uv": [ 0, 0, 1.5, 1.5 ], "texture": "#spruce_log" },
				"north": { "uv": [ 0, 0, 1.5, 9.5 ], "texture": "#spruce_log" },
				"south": { "uv": [ 0, 0, 1.5, 9.5 ], "texture": "#spruce_log" },
				"west": { "uv": [ 0, 0, 1.5, 9.5 ], "texture": "#spruce_log" },
				"east": { "uv": [ 0, 0, 1.5, 9.5 ], "texture": "#spruce_log" }
			}
		},
		{
			"from": [ 13.5, 0, 12.5 ],
			"to": [ 15, 9.5, 14 ],
			"faces": {
				"down": { "uv": [ 0, 0, 1.5, 1.5 ], "texture": "#spruce_log" },
				"north": { "uv": [ 0, 0, 1.5, 9.5 ], "texture": "#spruce_log" },
				"south": { "uv": [ 0, 0, 1.5, 9.5 ], "texture": "#spruce_log" },
				"west": { "uv": [ 0, 0, 1.5, 9.5 ], "texture": "#spruce_log" },
				"east": { "uv": [ 0, 0, 1.5, 9.5 ], "texture": "#spruce_log" }
			}
		},
		{
			"from": [ 2, 0, 12.5 ],
			"to": [ 3.5, 9.5, 14 ],
			"faces": {
				"down": { "uv": [ 0, 0, 1.5, 1.5 ], "texture": "#spruce_log" },
				"north": { "uv": [ 0, 0, 1.5, 9.5 ], "texture": "#spruce_log" },
				"south": { "uv": [ 0, 0, 1.5, 9.5 ], "texture": "#spruce_log" },
				"west": { "uv": [ 0, 0, 1.5, 9.5 ], "texture": "#spruce_log" },
				"east": { "uv": [ 0, 0, 1.5, 9.5 ], "texture": "#spruce_log" }
			}
		},
		{
			"from": [ 2, 1.5, 3.5 ],
			"to": [ 3.5, 3, 12.5 ],
			"faces": {
				"down": { "uv": [ 0, 0, 1.5, 9 ], "texture": "#spruce_log" },
				"up": { "uv": [ 0, 0, 1.5, 9 ], "texture": "#spruce_log" },
				"west": { "uv": [ 0, 0, 9, 1.5 ], "texture": "#spruce_log" },
				"east": { "uv": [ 0, 0, 9, 1.5 ], "texture": "#spruce_log" }
			}
		},
		{
			"from": [ 13.5, 1.5, 3.5 ],
			"to": [ 15, 3, 12.5 ],
			"faces": {
				"down": { "uv": [ 0, 0, 1.5, 9 ], "texture": "#spruce_log" },
				"up": { "uv": [ 0, 0, 1.5, 9 ], "texture": "#spruce_log" },
				"west": { "uv": [ 0, 0, 9, 1.5 ], "texture": "#spruce_log" },
				"east": { "uv": [ 0, 0, 9, 1.5 ], "texture": "#spruce_log" }
			}
		},
		{
			"from": [ 1.5, 9.5, 1.5 ],
			"to": [ 15.25, 11, 15.5 ],
			"faces": {
				"down": { "uv": [ 1, 0, 14.75, 14 ], "texture": "#spruce_log" },
				"up": { "uv": [ 7, 0, 16, 14 ], "texture": "#spruce_log" },
				"north": { "uv": [ 0, 0, 13.75, 1.5 ], "texture": "#spruce_log" },
				"south": { "uv": [ 0, 0, 13.75, 1.5 ], "texture": "#spruce_log" },
				"west": { "uv": [ 0, 0, 14, 1.5 ], "texture": "#spruce_log" },
				"east": { "uv": [ 0, 0, 14, 1.5 ], "texture": "#spruce_log" }
			}
		},
		{
			"from": [ 2, 11, 1.5 ],
			"to": [ 3.5, 25.5, 3 ],
			"faces": {
				"north": { "uv": [ 0, 0, 1.5, 14.5 ], "texture": "#spruce_log" },
				"south": { "uv": [ 0, 0, 1.5, 14.5 ], "texture": "#spruce_log" },
				"west": { "uv": [ 0, 0, 1.5, 14.5 ], "texture": "#spruce_log" },
				"east": { "uv": [ 0, 0, 1.5, 14.5 ], "texture": "#spruce_log" }
			}
		},
		{
			"from": [ 13.5, 11, 1.5 ],
			"to": [ 15, 25.5, 3 ],
			"faces": {
				"north": { "uv": [ 0, 0, 1.5, 14.5 ], "texture": "#spruce_log" },
				"south": { "uv": [ 0, 0, 1.5, 14.5 ], "texture": "#spruce_log" },
				"west": { "uv": [ 0, 0, 1.5, 14.5 ], "texture": "#spruce_log" },
				"east": { "uv": [ 0, 0, 1.5, 14.5 ], "texture": "#spruce_log" }
			}
		},
		{
			"from": [ 3.5, 18, 1.5 ],
			"to": [ 13.5, 19, 2.5 ],
			"faces": {
				"down": { "uv": [ 0, 0, 10, 1 ], "texture": "#spruce_log" },
				"up": { "uv": [ 0, 0, 10, 1 ], "texture": "#spruce_log" },
				"north": { "uv": [ 0, 0, 10, 1 ], "texture": "#spruce_log" },
				"south": { "uv": [ 0, 0, 10, 1 ], "texture": "#spruce_log" }
			}
		},
		{
			"from": [ 3.5, 22, 1.5 ],
			"to": [ 13.5, 23, 2.5 ],
			"faces": {
				"down": { "uv": [ 0, 0, 10, 1 ], "texture": "#spruce_log" },
				"up": { "uv": [ 0, 0, 10, 1 ], "texture": "#spruce_log" },
				"north": { "uv": [ 0, 0, 10, 1 ], "texture": "#spruce_log" },
				"south": { "uv": [ 0, 0, 10, 1 ], "texture": "#spruce_log" }
			}
		},
		{
			"from": [ 3.5, 27, 1.5 ],
			"to": [ 13.5, 28, 2.5 ],
			"faces": {
				"down": { "uv": [ 0, 0, 10, 1 ], "texture": "#spruce_log" },
				"up": { "uv": [ 0, 0, 10, 1 ], "texture": "#spruce_log" },
				"north": { "uv": [ 0, 0, 10, 1 ], "texture": "#spruce_log" },
				"south": { "uv": [ 0, 0, 10, 1 ], "texture": "#spruce_log" }
			}
		},
		{
			"from": [ 2, 25.5, 1.5 ],
			"to": [ 3.5, 29, 3 ],
			"faces": {
				"up": { "uv": [ 0, 0, 1.5, 1.5 ], "texture": "#spruce_log" },
				"north": { "uv": [ 0, 0, 1.5, 3.5 ], "texture": "#spruce_log" },
				"south": { "uv": [ 0, 0, 1.5, 3.5 ], "texture": "#spruce_log" },
				"west": { "uv": [ 0, 0, 1.5, 3.5 ], "texture": "#spruce_log" },
				"east": { "uv": [ 0, 0, 1.5, 3.5 ], "texture": "#spruce_log" }
			}
		},
		{
			"from": [ 13.5, 25.5, 1.5 ],
			"to": [ 15, 29, 3 ],
			"faces": {
				"up": { "uv": [ 0, 0, 1.5, 1.5 ], "texture": "#spruce_log" },
				"north": { "uv": [ 0, 0, 1.5, 3.5 ], "texture": "#spruce_log" },
				"south": { "uv": [ 0, 0, 1.5, 3.5 ], "texture": "#spruce_log" },
				"west": { "uv": [ 0, 0, 1.5, 3.5 ], "texture": "#spruce_log" },
				"east": { "uv": [ 0, 0, 1.5, 3.5 ], "texture": "#spruce_log" }
			}
		},
		{
			"from": [ 2, 11, 3 ],
			"to": [ 14.75, 12, 15 ],
			"faces": {
				"up": { "uv": [ 7, 0, 16, 12 ], "texture": "#white_wool" },
				"north": { "uv": [ 0, 0, 12.75, 1 ], "texture": "#white_wool" },
				"south": { "uv": [ 0, 0, 12.75, 1 ], "texture": "#white_wool" },
				"west": { "uv": [ 0, 0, 12, 1 ], "texture": "#white_wool" },
				"east": { "uv": [ 0, 0, 12, 1 ], "texture": "#white_wool" }
			}
		}
	],
	"display": {
		"thirdperson_righthand": {
			"rotation":  [ 75, 315, 0 ],
			"translation":  [ 0, 2.5, 0 ],
			"scale":  [ 0.375, 0.375, 0.375 ]
		},
		"thirdperson_lefthand": {
			"rotation":  [ 75, 315, 0 ],
			"translation":  [ 0, 2.5, 0 ],
			"scale":  [ 0.375, 0.375, 0.375 ]
		},
		"firstperson_righthand": {
			"rotation":  [ 0, 315, 0 ],
			"translation":  [ 0, 2.5, 0 ],
			"scale":  [ 0.4, 0.4, 0.4 ]
		},
		"firstperson_lefthand": {
			"rotation":  [ 0, 315, 0 ],
			"translation":  [ 0, 2.5, 0 ],
			"scale":  [ 0.4, 0.4, 0.4 ]
		},
		"gui": {
			"rotation":  [ 30, 45, 0 ],
			"translation":  [ 0, -2, 0 ],
			"scale":  [ 0.5, 0.5, 0.5 ]
		},
		"head": {
			"rotation":  [ 0, 180, 0 ],
			"translation":  [ 0, -33, 0 ],
			"scale":  [ 1.5, 1.5, 1.5 ]
		},
		"ground": {
			"translation":  [ 0, 3, 0 ],
			"scale":  [ 0.25, 0.25, 0.25 ]
		},
		"fixed": {
			"rotation":  [ 0, 180, 0 ],
			"translation":  [ 0, -2, -5 ],
			"scale":  [ 0.5, 0.5, 0.5 ]
		}
	}
}