{
	"__comment": "Model generated using MrCrayfish's Model Creator (https://mrcrayfish.com/tools?id=mc)",
	"textures": {
		"light_blue_stained_glass": "block/light_blue_stained_glass",
		"iron_block": "block/iron_block",
		"red_stained_glass": "block/red_stained_glass",
		"black_concrete": "block/black_concrete",
		"blue_concrete": "block/blue_concrete",
		"white_concrete": "block/white_concrete",
		"light_gray_concrete": "block/light_gray_concrete",
		"white_stained_glass": "block/white_stained_glass"
	},
	"elements": [
		{
			"from": [ 7.75, 1, 1 ],
			"to": [ 8.25, 2, 7.75 ],
			"faces": {
				"down": { "uv": [ 0, 0, 0.5, 6.75 ], "texture": "#light_gray_concrete" },
				"up": { "uv": [ 0, 0, 0.5, 6.75 ], "texture": "#light_gray_concrete" },
				"north": { "uv": [ 0, 0, 0.5, 1 ], "texture": "#light_gray_concrete" },
				"west": { "uv": [ 0, 0, 6.75, 1 ], "texture": "#light_gray_concrete" },
				"east": { "uv": [ 0, 0, 6.75, 1 ], "texture": "#light_gray_concrete" }
			}
		},
		{
			"from": [ 7.75, 1, 8.25 ],
			"to": [ 8.25, 2, 15.25 ],
			"faces": {
				"down": { "uv": [ 0, 0, 0.5, 7 ], "texture": "#light_gray_concrete" },
				"up": { "uv": [ 0, 0, 0.5, 7 ], "texture": "#light_gray_concrete" },
				"south": { "uv": [ 0, 0, 0.5, 1 ], "texture": "#light_gray_concrete" },
				"west": { "uv": [ 0, 0, 7, 1 ], "texture": "#light_gray_concrete" },
				"east": { "uv": [ 0, 0, 7, 1 ], "texture": "#light_gray_concrete" }
			}
		},
		{
			"from": [ 8.25, 1, 7.75 ],
			"to": [ 15, 2, 8.25 ],
			"faces": {
				"down": { "uv": [ 0, 0, 6.75, 0.5 ], "texture": "#light_gray_concrete" },
				"up": { "uv": [ 0, 0, 6.75, 0.5 ], "texture": "#light_gray_concrete" },
				"north": { "uv": [ 0, 0, 6.75, 1 ], "texture": "#light_gray_concrete" },
				"south": { "uv": [ 0, 0, 6.75, 1 ], "texture": "#light_gray_concrete" },
				"east": { "uv": [ 0, 0, 0.5, 1 ], "texture": "#light_gray_concrete" }
			}
		},
		{
			"from": [ 1, 1, 7.75 ],
			"to": [ 7.75, 2, 8.25 ],
			"faces": {
				"down": { "uv": [ 0, 0, 6.75, 0.5 ], "texture": "#light_gray_concrete" },
				"up": { "uv": [ 0, 0, 6.75, 0.5 ], "texture": "#light_gray_concrete" },
				"north": { "uv": [ 0, 0, 6.75, 1 ], "texture": "#light_gray_concrete" },
				"south": { "uv": [ 0, 0, 6.75, 1 ], "texture": "#light_gray_concrete" },
				"west": { "uv": [ 0, 0, 0.5, 1 ], "texture": "#light_gray_concrete" }
			}
		},
		{
			"from": [ 7.75, 0.5, 7.75 ],
			"to": [ 8.25, 13, 8.25 ],
			"faces": {
				"down": { "uv": [ 0, 0, 0.5, 0.5 ], "texture": "#light_gray_concrete" },
				"north": { "uv": [ 0, 0, 0.5, 12.5 ], "texture": "#light_gray_concrete" },
				"south": { "uv": [ 0, 0, 0.5, 12.5 ], "texture": "#light_gray_concrete" },
				"west": { "uv": [ 0, 0, 0.5, 12.5 ], "texture": "#light_gray_concrete" },
				"east": { "uv": [ 0, 0, 0.5, 12.5 ], "texture": "#light_gray_concrete" }
			}
		},
		{
			"from": [ 7.75, 13, 7.75 ],
			"to": [ 8.25, 23.5, 8.25 ],
			"faces": {
				"north": { "uv": [ 0, 0, 0.5, 10.5 ], "texture": "#light_gray_concrete" },
				"south": { "uv": [ 0, 0, 0.5, 10.5 ], "texture": "#light_gray_concrete" },
				"west": { "uv": [ 0, 0, 0.5, 10.5 ], "texture": "#light_gray_concrete" },
				"east": { "uv": [ 0, 0, 0.5, 10.5 ], "texture": "#light_gray_concrete" }
			}
		},
		{
			"from": [ 7.75, 23.5, 7.75 ],
			"to": [ 8.25, 24.5, 8.25 ],
			"faces": {
				"north": { "uv": [ 0, 0, 0.5, 1 ], "texture": "#black_concrete" },
				"south": { "uv": [ 0, 0, 0.5, 1 ], "texture": "#black_concrete" },
				"west": { "uv": [ 0, 0, 0.5, 1 ], "texture": "#black_concrete" },
				"east": { "uv": [ 0, 0, 0.5, 1 ], "texture": "#black_concrete" }
			}
		},
		{
			"from": [ 7.65, 0, 1.2 ],
			"to": [ 8.4, 1.25, 2.45 ],
			"faces": {
				"down": { "uv": [ 0, 0, 0.75, 1.25 ], "texture": "#black_concrete" },
				"up": { "uv": [ 0, 0, 0.75, 1.25 ], "texture": "#black_concrete" },
				"north": { "uv": [ 0, 0, 0.75, 1.25 ], "texture": "#black_concrete" },
				"south": { "uv": [ 0, 0, 0.75, 1.25 ], "texture": "#black_concrete" },
				"west": { "uv": [ 0, 0, 1.25, 1.25 ], "texture": "#black_concrete" },
				"east": { "uv": [ 0, 0, 1.25, 1.25 ], "texture": "#black_concrete" }
			}
		},
		{
			"from": [ 7.625, 0, 13.8 ],
			"to": [ 8.375, 1.25, 15.05 ],
			"faces": {
				"down": { "uv": [ 0, 0, 0.75, 1.25 ], "texture": "#black_concrete" },
				"up": { "uv": [ 0, 0, 0.75, 1.25 ], "texture": "#black_concrete" },
				"north": { "uv": [ 0, 0, 0.75, 1.25 ], "texture": "#black_concrete" },
				"south": { "uv": [ 0, 0, 0.75, 1.25 ], "texture": "#black_concrete" },
				"west": { "uv": [ 0, 0, 1.25, 1.25 ], "texture": "#black_concrete" },
				"east": { "uv": [ 0, 0, 1.25, 1.25 ], "texture": "#black_concrete" }
			}
		},
		{
			"from": [ 13.5, 0, 7.625 ],
			"to": [ 14.75, 1.25, 8.375 ],
			"faces": {
				"down": { "uv": [ 0, 0, 1.25, 0.75 ], "texture": "#black_concrete" },
				"up": { "uv": [ 0, 0, 1.25, 0.75 ], "texture": "#black_concrete" },
				"north": { "uv": [ 0, 0, 1.25, 1.25 ], "texture": "#black_concrete" },
				"south": { "uv": [ 0, 0, 1.25, 1.25 ], "texture": "#black_concrete" },
				"west": { "uv": [ 0, 0, 0.75, 1.25 ], "texture": "#black_concrete" },
				"east": { "uv": [ 0, 0, 0.75, 1.25 ], "texture": "#black_concrete" }
			}
		},
		{
			"from": [ 1.2, 0, 7.625 ],
			"to": [ 2.45, 1.25, 8.375 ],
			"faces": {
				"down": { "uv": [ 0, 0, 1.25, 0.75 ], "texture": "#black_concrete" },
				"up": { "uv": [ 0, 0, 1.25, 0.75 ], "texture": "#black_concrete" },
				"north": { "uv": [ 0, 0, 1.25, 1.25 ], "texture": "#black_concrete" },
				"south": { "uv": [ 0, 0, 1.25, 1.25 ], "texture": "#black_concrete" },
				"west": { "uv": [ 0, 0, 0.75, 1.25 ], "texture": "#black_concrete" },
				"east": { "uv": [ 0, 0, 0.75, 1.25 ], "texture": "#black_concrete" }
			}
		},
		{
			"from": [ 7.75, 24.5, 7.75 ],
			"to": [ 8.25, 25.5, 8.25 ],
			"faces": {
				"up": { "uv": [ 0, 0, 0.5, 0.5 ], "texture": "#light_gray_concrete" },
				"north": { "uv": [ 0, 0, 0.5, 1 ], "texture": "#light_gray_concrete" },
				"south": { "uv": [ 0, 0, 0.5, 1 ], "texture": "#light_gray_concrete" },
				"west": { "uv": [ 0, 0, 0.5, 1 ], "texture": "#light_gray_concrete" },
				"east": { "uv": [ 0, 0, 0.5, 1 ], "texture": "#light_gray_concrete" }
			}
		},
		{
			"from": [ 5, 25, 7.75 ],
			"to": [ 7.75, 25.5, 8.25 ],
			"faces": {
				"down": { "uv": [ 0, 0, 2.75, 0.5 ], "texture": "#light_gray_concrete" },
				"up": { "uv": [ 0, 0, 2.75, 0.5 ], "texture": "#light_gray_concrete" },
				"north": { "uv": [ 0, 0, 2.75, 0.5 ], "texture": "#light_gray_concrete" },
				"south": { "uv": [ 0, 0, 2.75, 0.5 ], "texture": "#light_gray_concrete" },
				"west": { "uv": [ 0, 0, 0.5, 0.5 ], "texture": "#light_gray_concrete" }
			}
		},
		{
			"from": [ 8.25, 25, 7.75 ],
			"to": [ 11, 25.5, 8.25 ],
			"faces": {
				"down": { "uv": [ 0, 0, 2.75, 0.5 ], "texture": "#light_gray_concrete" },
				"up": { "uv": [ 0, 0, 2.75, 0.5 ], "texture": "#light_gray_concrete" },
				"north": { "uv": [ 0, 0, 2.75, 0.5 ], "texture": "#light_gray_concrete" },
				"south": { "uv": [ 0, 0, 2.75, 0.5 ], "texture": "#light_gray_concrete" },
				"east": { "uv": [ 0, 0, 0.5, 0.5 ], "texture": "#light_gray_concrete" }
			}
		},
		{
			"from": [ 7.75, 25, 5 ],
			"to": [ 8.25, 25.5, 7.75 ],
			"faces": {
				"down": { "uv": [ 0, 0, 0.5, 2.75 ], "texture": "#light_gray_concrete" },
				"up": { "uv": [ 0, 0, 0.5, 2.75 ], "texture": "#light_gray_concrete" },
				"north": { "uv": [ 0, 0, 0.5, 0.5 ], "texture": "#light_gray_concrete" },
				"west": { "uv": [ 0, 0, 2.75, 0.5 ], "texture": "#light_gray_concrete" },
				"east": { "uv": [ 0, 0, 2.75, 0.5 ], "texture": "#light_gray_concrete" }
			}
		},
		{
			"from": [ 7.75, 25, 8.25 ],
			"to": [ 8.25, 25.5, 11 ],
			"faces": {
				"down": { "uv": [ 0, 0, 0.5, 2.75 ], "texture": "#light_gray_concrete" },
				"up": { "uv": [ 0, 0, 0.5, 2.75 ], "texture": "#light_gray_concrete" },
				"south": { "uv": [ 0, 0, 0.5, 0.5 ], "texture": "#light_gray_concrete" },
				"west": { "uv": [ 0, 0, 2.75, 0.5 ], "texture": "#light_gray_concrete" },
				"east": { "uv": [ 0, 0, 2.75, 0.5 ], "texture": "#light_gray_concrete" }
			}
		},
		{
			"from": [ 7.75, 24.5, 10.5 ],
			"to": [ 8.25, 25, 11 ],
			"faces": {
				"down": { "uv": [ 0, 0, 0.5, 0.5 ], "texture": "#light_gray_concrete" },
				"north": { "uv": [ 0, 0, 0.5, 0.5 ], "texture": "#light_gray_concrete" },
				"south": { "uv": [ 0, 0, 0.5, 0.5 ], "texture": "#light_gray_concrete" },
				"west": { "uv": [ 0, 0, 0.5, 0.5 ], "texture": "#light_gray_concrete" },
				"east": { "uv": [ 0, 0, 0.5, 0.5 ], "texture": "#light_gray_concrete" }
			}
		},
		{
			"from": [ 7.75, 24.25, 9.5 ],
			"to": [ 8.25, 24.75, 10 ],
			"faces": {
				"down": { "uv": [ 0, 0, 0.5, 0.5 ], "texture": "#light_gray_concrete" },
				"up": { "uv": [ 0, 0, 0.5, 0.5 ], "texture": "#light_gray_concrete" },
				"north": { "uv": [ 0, 0, 0.5, 0.5 ], "texture": "#light_gray_concrete" },
				"south": { "uv": [ 0, 0, 0.5, 0.5 ], "texture": "#light_gray_concrete" },
				"west": { "uv": [ 0, 0, 0.5, 0.5 ], "texture": "#light_gray_concrete" },
				"east": { "uv": [ 0, 0, 0.5, 0.5 ], "texture": "#light_gray_concrete" }
			}
		},
		{
			"from": [ 7.75, 24, 10 ],
			"to": [ 8.25, 24.5, 10.5 ],
			"faces": {
				"down": { "uv": [ 0, 0, 0.5, 0.5 ], "texture": "#light_gray_concrete" },
				"up": { "uv": [ 0, 0, 0.5, 0.5 ], "texture": "#light_gray_concrete" },
				"north": { "uv": [ 0, 0, 0.5, 0.5 ], "texture": "#light_gray_concrete" },
				"south": { "uv": [ 0, 0, 0.5, 0.5 ], "texture": "#light_gray_concrete" },
				"west": { "uv": [ 0, 0, 0.5, 0.5 ], "texture": "#light_gray_concrete" },
				"east": { "uv": [ 0, 0, 0.5, 0.5 ], "texture": "#light_gray_concrete" }
			}
		},
		{
			"from": [ 7.75, 24.5, 5 ],
			"to": [ 8.25, 25, 5.5 ],
			"faces": {
				"down": { "uv": [ 0, 0, 0.5, 0.5 ], "texture": "#light_gray_concrete" },
				"north": { "uv": [ 0, 0, 0.5, 0.5 ], "texture": "#light_gray_concrete" },
				"south": { "uv": [ 0, 0, 0.5, 0.5 ], "texture": "#light_gray_concrete" },
				"west": { "uv": [ 0, 0, 0.5, 0.5 ], "texture": "#light_gray_concrete" },
				"east": { "uv": [ 0, 0, 0.5, 0.5 ], "texture": "#light_gray_concrete" }
			}
		},
		{
			"from": [ 7.75, 24, 5.5 ],
			"to": [ 8.25, 24.5, 6 ],
			"faces": {
				"down": { "uv": [ 0, 0, 0.5, 0.5 ], "texture": "#light_gray_concrete" },
				"up": { "uv": [ 0, 0, 0.5, 0.5 ], "texture": "#light_gray_concrete" },
				"north": { "uv": [ 0, 0, 0.5, 0.5 ], "texture": "#light_gray_concrete" },
				"south": { "uv": [ 0, 0, 0.5, 0.5 ], "texture": "#light_gray_concrete" },
				"west": { "uv": [ 0, 0, 0.5, 0.5 ], "texture": "#light_gray_concrete" },
				"east": { "uv": [ 0, 0, 0.5, 0.5 ], "texture": "#light_gray_concrete" }
			}
		},
		{
			"from": [ 7.75, 24.25, 6 ],
			"to": [ 8.25, 24.75, 6.5 ],
			"faces": {
				"down": { "uv": [ 0, 0, 0.5, 0.5 ], "texture": "#light_gray_concrete" },
				"up": { "uv": [ 0, 0, 0.5, 0.5 ], "texture": "#light_gray_concrete" },
				"north": { "uv": [ 0, 0, 0.5, 0.5 ], "texture": "#light_gray_concrete" },
				"south": { "uv": [ 0, 0, 0.5, 0.5 ], "texture": "#light_gray_concrete" },
				"west": { "uv": [ 0, 0, 0.5, 0.5 ], "texture": "#light_gray_concrete" },
				"east": { "uv": [ 0, 0, 0.5, 0.5 ], "texture": "#light_gray_concrete" }
			}
		},
		{
			"from": [ 10.5, 24.5, 7.75 ],
			"to": [ 11, 25, 8.25 ],
			"faces": {
				"down": { "uv": [ 0, 0, 0.5, 0.5 ], "texture": "#light_gray_concrete" },
				"north": { "uv": [ 0, 0, 0.5, 0.5 ], "texture": "#light_gray_concrete" },
				"south": { "uv": [ 0, 0, 0.5, 0.5 ], "texture": "#light_gray_concrete" },
				"west": { "uv": [ 0, 0, 0.5, 0.5 ], "texture": "#light_gray_concrete" },
				"east": { "uv": [ 0, 0, 0.5, 0.5 ], "texture": "#light_gray_concrete" }
			}
		},
		{
			"from": [ 10, 24, 7.75 ],
			"to": [ 10.5, 24.5, 8.25 ],
			"faces": {
				"down": { "uv": [ 0, 0, 0.5, 0.5 ], "texture": "#light_gray_concrete" },
				"up": { "uv": [ 0, 0, 0.5, 0.5 ], "texture": "#light_gray_concrete" },
				"north": { "uv": [ 0, 0, 0.5, 0.5 ], "texture": "#light_gray_concrete" },
				"south": { "uv": [ 0, 0, 0.5, 0.5 ], "texture": "#light_gray_concrete" },
				"west": { "uv": [ 0, 0, 0.5, 0.5 ], "texture": "#light_gray_concrete" },
				"east": { "uv": [ 0, 0, 0.5, 0.5 ], "texture": "#light_gray_concrete" }
			}
		},
		{
			"from": [ 9.5, 24.25, 7.75 ],
			"to": [ 10, 24.75, 8.25 ],
			"faces": {
				"down": { "uv": [ 0, 0, 0.5, 0.5 ], "texture": "#light_gray_concrete" },
				"up": { "uv": [ 0, 0, 0.5, 0.5 ], "texture": "#light_gray_concrete" },
				"north": { "uv": [ 0, 0, 0.5, 0.5 ], "texture": "#light_gray_concrete" },
				"south": { "uv": [ 0, 0, 0.5, 0.5 ], "texture": "#light_gray_concrete" },
				"west": { "uv": [ 0, 0, 0.5, 0.5 ], "texture": "#light_gray_concrete" },
				"east": { "uv": [ 0, 0, 0.5, 0.5 ], "texture": "#light_gray_concrete" }
			}
		},
		{
			"from": [ 6, 24.25, 7.75 ],
			"to": [ 6.5, 24.75, 8.25 ],
			"faces": {
				"down": { "uv": [ 0, 0, 0.5, 0.5 ], "texture": "#light_gray_concrete" },
				"up": { "uv": [ 0, 0, 0.5, 0.5 ], "texture": "#light_gray_concrete" },
				"north": { "uv": [ 0, 0, 0.5, 0.5 ], "texture": "#light_gray_concrete" },
				"south": { "uv": [ 0, 0, 0.5, 0.5 ], "texture": "#light_gray_concrete" },
				"west": { "uv": [ 0, 0, 0.5, 0.5 ], "texture": "#light_gray_concrete" },
				"east": { "uv": [ 0, 0, 0.5, 0.5 ], "texture": "#light_gray_concrete" }
			}
		},
		{
			"from": [ 5.5, 24, 7.75 ],
			"to": [ 6, 24.5, 8.25 ],
			"faces": {
				"down": { "uv": [ 0, 0, 0.5, 0.5 ], "texture": "#light_gray_concrete" },
				"up": { "uv": [ 0, 0, 0.5, 0.5 ], "texture": "#light_gray_concrete" },
				"north": { "uv": [ 0, 0, 0.5, 0.5 ], "texture": "#light_gray_concrete" },
				"south": { "uv": [ 0, 0, 0.5, 0.5 ], "texture": "#light_gray_concrete" },
				"west": { "uv": [ 0, 0, 0.5, 0.5 ], "texture": "#light_gray_concrete" },
				"east": { "uv": [ 0, 0, 0.5, 0.5 ], "texture": "#light_gray_concrete" }
			}
		},
		{
			"from": [ 5, 24.5, 7.75 ],
			"to": [ 5.5, 25, 8.25 ],
			"faces": {
				"down": { "uv": [ 0, 0, 0.5, 0.5 ], "texture": "#light_gray_concrete" },
				"north": { "uv": [ 0, 0, 0.5, 0.5 ], "texture": "#light_gray_concrete" },
				"south": { "uv": [ 0, 0, 0.5, 0.5 ], "texture": "#light_gray_concrete" },
				"west": { "uv": [ 0, 0, 0.5, 0.5 ], "texture": "#light_gray_concrete" },
				"east": { "uv": [ 0, 0, 0.5, 0.5 ], "texture": "#light_gray_concrete" }
			}
		},
		{
			"from": [ 5.75, 12, 8 ],
			"to": [ 9.75, 17, 9.5 ],
			"faces": {
				"down": { "uv": [ 6, 0, 10, 1 ], "texture": "#iron_block" },
				"up": { "uv": [ 0, 0, 4, 1.5 ], "texture": "#iron_block" },
				"north": { "uv": [ 5, 6, 9, 11 ], "texture": "#iron_block" },
				"south": { "uv": [ 5, 6, 9, 11 ], "texture": "#iron_block" },
				"west": { "uv": [ 0, 3, 1, 8 ], "texture": "#iron_block" },
				"east": { "uv": [ 0, 0, 1, 5 ], "texture": "#iron_block" }
			}
		},
		{
			"from": [ 6.25, 12.5, 8.25 ],
			"to": [ 7.25, 16.5, 9.75 ],
			"faces": {
				"down": { "uv": [ 0, 0, 1, 1.5 ], "texture": "#blue_concrete" },
				"up": { "uv": [ 0, 0, 1, 1.5 ], "texture": "#blue_concrete" },
				"south": { "uv": [ 0, 0, 1, 4 ], "texture": "#blue_concrete" },
				"west": { "uv": [ 0, 0, 1.5, 4 ], "texture": "#blue_concrete" },
				"east": { "uv": [ 0, 0, 1.5, 4 ], "texture": "#blue_concrete" }
			}
		},
		{
			"from": [ 6.5, 14, 8.26 ],
			"to": [ 7, 16, 9.76 ],
			"faces": {
				"down": { "uv": [ 0, 0, 0.5, 1.5 ], "texture": "#white_concrete" },
				"up": { "uv": [ 0, 0, 0.5, 1.5 ], "texture": "#white_concrete" },
				"south": { "uv": [ 0, 0, 0.5, 2 ], "texture": "#white_concrete" },
				"west": { "uv": [ 0, 0, 1.5, 2 ], "texture": "#white_concrete" },
				"east": { "uv": [ 0, 0, 1.5, 2 ], "texture": "#white_concrete" }
			}
		},
		{
			"from": [ 8, 14.5, 8.03 ],
			"to": [ 9.5, 16.5, 9.53 ],
			"faces": {
				"down": { "uv": [ 0, 0, 1.5, 1.5 ], "texture": "#blue_concrete" },
				"up": { "uv": [ 0, 0, 1.5, 1.5 ], "texture": "#blue_concrete" },
				"south": { "uv": [ 0, 0, 1.5, 2 ], "texture": "#blue_concrete" },
				"west": { "uv": [ 0, 0, 1.5, 2 ], "texture": "#blue_concrete" },
				"east": { "uv": [ 0, 0, 1.5, 2 ], "texture": "#blue_concrete" }
			}
		},
		{
			"from": [ 7.6, 14.5, 9.3 ],
			"to": [ 7.8, 14.7, 9.6 ],
			"faces": {
				"down": { "uv": [ 0, 0, 0.2, 0.3000002 ], "texture": "#blue_concrete" },
				"up": { "uv": [ 0, 0, 0.2, 0.3000002 ], "texture": "#blue_concrete" },
				"south": { "uv": [ 0, 0, 0.2, 0.1999998 ], "texture": "#blue_concrete" },
				"west": { "uv": [ 0, 0, 0.3, 0.1999998 ], "texture": "#blue_concrete" },
				"east": { "uv": [ 0, 0, 0.3, 0.1999998 ], "texture": "#blue_concrete" }
			}
		},
		{
			"from": [ 8.099999, 14.6, 8.04 ],
			"to": [ 9.399999, 16.4, 9.54 ],
			"faces": {
				"down": { "uv": [ 0, 0, 1.3, 1.5 ], "texture": "#white_concrete" },
				"up": { "uv": [ 0, 0, 1.3, 1.5 ], "texture": "#white_concrete" },
				"south": { "uv": [ 0, 0, 1.3, 1.8 ], "texture": "#white_concrete" },
				"west": { "uv": [ 0, 0, 1.5, 1.8 ], "texture": "#white_concrete" },
				"east": { "uv": [ 0, 0, 1.5, 1.8 ], "texture": "#white_concrete" }
			}
		},
		{
			"from": [ 7.6, 15, 9.3 ],
			"to": [ 7.8, 15.2, 9.6 ],
			"faces": {
				"down": { "uv": [ 0, 0, 0.2, 0.3000002 ], "texture": "#blue_concrete" },
				"up": { "uv": [ 0, 0, 0.2, 0.3000002 ], "texture": "#blue_concrete" },
				"south": { "uv": [ 0, 0, 0.2, 0.1999998 ], "texture": "#blue_concrete" },
				"west": { "uv": [ 0, 0, 0.3, 0.1999998 ], "texture": "#blue_concrete" },
				"east": { "uv": [ 0, 0, 0.3, 0.1999998 ], "texture": "#blue_concrete" }
			}
		},
		{
			"from": [ 7.6, 15.5, 9.3 ],
			"to": [ 7.8, 15.7, 9.6 ],
			"faces": {
				"down": { "uv": [ 0, 0, 0.2, 0.3000002 ], "texture": "#blue_concrete" },
				"up": { "uv": [ 0, 0, 0.2, 0.3000002 ], "texture": "#blue_concrete" },
				"south": { "uv": [ 0, 0, 0.2, 0.1999998 ], "texture": "#blue_concrete" },
				"west": { "uv": [ 0, 0, 0.3, 0.1999998 ], "texture": "#blue_concrete" },
				"east": { "uv": [ 0, 0, 0.3, 0.1999998 ], "texture": "#blue_concrete" }
			}
		},
		{
			"from": [ 7.6, 16, 9.3 ],
			"to": [ 7.8, 16.2, 9.6 ],
			"faces": {
				"down": { "uv": [ 0, 0, 0.2, 0.3000002 ], "texture": "#blue_concrete" },
				"up": { "uv": [ 0, 0, 0.2, 0.3000002 ], "texture": "#blue_concrete" },
				"south": { "uv": [ 0, 0, 0.2, 0.1999998 ], "texture": "#blue_concrete" },
				"west": { "uv": [ 0, 0, 0.3, 0.1999998 ], "texture": "#blue_concrete" },
				"east": { "uv": [ 0, 0, 0.3, 0.1999998 ], "texture": "#blue_concrete" }
			}
		},
		{
			"from": [ 7.6, 16.5, 9.3 ],
			"to": [ 7.8, 16.7, 9.6 ],
			"faces": {
				"down": { "uv": [ 0, 0, 0.2, 0.3000002 ], "texture": "#blue_concrete" },
				"up": { "uv": [ 0, 0, 0.2, 0.3000002 ], "texture": "#blue_concrete" },
				"south": { "uv": [ 0, 0, 0.2, 0.1999998 ], "texture": "#blue_concrete" },
				"west": { "uv": [ 0, 0, 0.3, 0.1999998 ], "texture": "#blue_concrete" },
				"east": { "uv": [ 0, 0, 0.3, 0.1999998 ], "texture": "#blue_concrete" }
			}
		},
		{
			"from": [ 7.6, 13.5, 9.3 ],
			"to": [ 7.8, 13.7, 9.6 ],
			"faces": {
				"down": { "uv": [ 0, 0, 0.2, 0.3000002 ], "texture": "#light_gray_concrete" },
				"up": { "uv": [ 0, 0, 0.2, 0.3000002 ], "texture": "#light_gray_concrete" },
				"south": { "uv": [ 0, 0, 0.2, 0.1999998 ], "texture": "#light_gray_concrete" },
				"west": { "uv": [ 0, 0, 0.3, 0.1999998 ], "texture": "#light_gray_concrete" },
				"east": { "uv": [ 0, 0, 0.3, 0.1999998 ], "texture": "#light_gray_concrete" }
			}
		},
		{
			"from": [ 8, 13.5, 9.3 ],
			"to": [ 8.2, 13.7, 9.6 ],
			"faces": {
				"down": { "uv": [ 0, 0, 0.2, 0.3000002 ], "texture": "#light_gray_concrete" },
				"up": { "uv": [ 0, 0, 0.2, 0.3000002 ], "texture": "#light_gray_concrete" },
				"south": { "uv": [ 0, 0, 0.2, 0.1999998 ], "texture": "#light_gray_concrete" },
				"west": { "uv": [ 0, 0, 0.3, 0.1999998 ], "texture": "#light_gray_concrete" },
				"east": { "uv": [ 0, 0, 0.3, 0.1999998 ], "texture": "#light_gray_concrete" }
			}
		},
		{
			"from": [ 8.4, 13.5, 9.3 ],
			"to": [ 8.6, 13.7, 9.6 ],
			"faces": {
				"down": { "uv": [ 0, 0, 0.2, 0.3000002 ], "texture": "#light_gray_concrete" },
				"up": { "uv": [ 0, 0, 0.2, 0.3000002 ], "texture": "#light_gray_concrete" },
				"south": { "uv": [ 0, 0, 0.2, 0.1999998 ], "texture": "#light_gray_concrete" },
				"west": { "uv": [ 0, 0, 0.3, 0.1999998 ], "texture": "#light_gray_concrete" },
				"east": { "uv": [ 0, 0, 0.3, 0.1999998 ], "texture": "#light_gray_concrete" }
			}
		},
		{
			"from": [ 8.8, 13.5, 9.3 ],
			"to": [ 9, 13.7, 9.6 ],
			"faces": {
				"down": { "uv": [ 0, 0, 0.2, 0.3000002 ], "texture": "#blue_concrete" },
				"up": { "uv": [ 0, 0, 0.2, 0.3000002 ], "texture": "#blue_concrete" },
				"south": { "uv": [ 0, 0, 0.2, 0.1999998 ], "texture": "#blue_concrete" },
				"west": { "uv": [ 0, 0, 0.3, 0.1999998 ], "texture": "#blue_concrete" },
				"east": { "uv": [ 0, 0, 0.3, 0.1999998 ], "texture": "#blue_concrete" }
			}
		},
		{
			"from": [ 8.8, 13, 9.3 ],
			"to": [ 9, 13.2, 9.6 ],
			"faces": {
				"down": { "uv": [ 0, 0, 0.2, 0.3000002 ], "texture": "#blue_concrete" },
				"up": { "uv": [ 0, 0, 0.2, 0.3000002 ], "texture": "#blue_concrete" },
				"south": { "uv": [ 0, 0, 0.2, 0.1999998 ], "texture": "#blue_concrete" },
				"west": { "uv": [ 0, 0, 0.3, 0.1999998 ], "texture": "#blue_concrete" },
				"east": { "uv": [ 0, 0, 0.3, 0.1999998 ], "texture": "#blue_concrete" }
			}
		},
		{
			"from": [ 8.4, 13, 9.3 ],
			"to": [ 8.6, 13.2, 9.6 ],
			"faces": {
				"down": { "uv": [ 0, 0, 0.2, 0.3000002 ], "texture": "#light_gray_concrete" },
				"up": { "uv": [ 0, 0, 0.2, 0.3000002 ], "texture": "#light_gray_concrete" },
				"south": { "uv": [ 0, 0, 0.2, 0.1999998 ], "texture": "#light_gray_concrete" },
				"west": { "uv": [ 0, 0, 0.3, 0.1999998 ], "texture": "#light_gray_concrete" },
				"east": { "uv": [ 0, 0, 0.3, 0.1999998 ], "texture": "#light_gray_concrete" }
			}
		},
		{
			"from": [ 8, 13, 9.3 ],
			"to": [ 8.2, 13.2, 9.6 ],
			"faces": {
				"down": { "uv": [ 0, 0, 0.2, 0.3000002 ], "texture": "#light_gray_concrete" },
				"up": { "uv": [ 0, 0, 0.2, 0.3000002 ], "texture": "#light_gray_concrete" },
				"south": { "uv": [ 0, 0, 0.2, 0.1999998 ], "texture": "#light_gray_concrete" },
				"west": { "uv": [ 0, 0, 0.3, 0.1999998 ], "texture": "#light_gray_concrete" },
				"east": { "uv": [ 0, 0, 0.3, 0.1999998 ], "texture": "#light_gray_concrete" }
			}
		},
		{
			"from": [ 7.6, 13, 9.3 ],
			"to": [ 7.8, 13.2, 9.6 ],
			"faces": {
				"down": { "uv": [ 0, 0, 0.2, 0.3000002 ], "texture": "#light_gray_concrete" },
				"up": { "uv": [ 0, 0, 0.2, 0.3000002 ], "texture": "#light_gray_concrete" },
				"south": { "uv": [ 0, 0, 0.2, 0.1999998 ], "texture": "#light_gray_concrete" },
				"west": { "uv": [ 0, 0, 0.3, 0.1999998 ], "texture": "#light_gray_concrete" },
				"east": { "uv": [ 0, 0, 0.3, 0.1999998 ], "texture": "#light_gray_concrete" }
			}
		},
		{
			"from": [ 8.3, 14.8, 9.3 ],
			"to": [ 8.4, 15.4, 9.6 ],
			"faces": {
				"down": { "uv": [ 0, 0, 0.1, 0.3000002 ], "texture": "#blue_concrete" },
				"up": { "uv": [ 0, 0, 0.1, 0.3000002 ], "texture": "#blue_concrete" },
				"south": { "uv": [ 0, 0, 0.1, 0.6000004 ], "texture": "#blue_concrete" },
				"west": { "uv": [ 0, 0, 0.3, 0.6000004 ], "texture": "#blue_concrete" },
				"east": { "uv": [ 0, 0, 0.3, 0.6000004 ], "texture": "#blue_concrete" }
			}
		},
		{
			"from": [ 8.4, 14.8, 9.3 ],
			"to": [ 8.6, 14.9, 9.6 ],
			"faces": {
				"down": { "uv": [ 0, 0, 0.2, 0.3000002 ], "texture": "#blue_concrete" },
				"up": { "uv": [ 0, 0, 0.2, 0.3000002 ], "texture": "#blue_concrete" },
				"south": { "uv": [ 0, 0, 0.2, 0.1000004 ], "texture": "#blue_concrete" },
				"east": { "uv": [ 0, 0, 0.3, 0.1000004 ], "texture": "#blue_concrete" }
			}
		},
		{
			"from": [ 8.5, 14.9, 9.3 ],
			"to": [ 8.6, 15.1, 9.6 ],
			"faces": {
				"up": { "uv": [ 0, 0, 0.1, 0.3000002 ], "texture": "#blue_concrete" },
				"south": { "uv": [ 0, 0, 0.1, 0.1999998 ], "texture": "#blue_concrete" },
				"west": { "uv": [ 0, 0, 0.3, 0.1999998 ], "texture": "#blue_concrete" },
				"east": { "uv": [ 0, 0, 0.3, 0.1999998 ], "texture": "#blue_concrete" }
			}
		},
		{
			"from": [ 8.4, 15, 9.3 ],
			"to": [ 8.5, 15.1, 9.6 ],
			"faces": {
				"down": { "uv": [ 0, 0, 0.1, 0.3000002 ], "texture": "#blue_concrete" },
				"up": { "uv": [ 0, 0, 0.1, 0.3000002 ], "texture": "#blue_concrete" },
				"south": { "uv": [ 0, 0, 0.1, 0.1000004 ], "texture": "#blue_concrete" }
			}
		},
		{
			"from": [ 8.9, 15.3, 9.3 ],
			"to": [ 9, 15.4, 9.6 ],
			"faces": {
				"down": { "uv": [ 0, 0, 0.1, 0.3000002 ], "texture": "#blue_concrete" },
				"up": { "uv": [ 0, 0, 0.1, 0.3000002 ], "texture": "#blue_concrete" },
				"south": { "uv": [ 0, 0, 0.1, 0.1000004 ], "texture": "#blue_concrete" },
				"west": { "uv": [ 0, 0, 0.3, 0.1000004 ], "texture": "#blue_concrete" }
			}
		},
		{
			"from": [ 8.8, 15.2, 9.3 ],
			"to": [ 8.9, 15.4, 9.6 ],
			"faces": {
				"up": { "uv": [ 0, 0, 0.1, 0.3000002 ], "texture": "#blue_concrete" },
				"south": { "uv": [ 0, 0, 0.1, 0.1999998 ], "texture": "#blue_concrete" },
				"west": { "uv": [ 0, 0, 0.3, 0.1999998 ], "texture": "#blue_concrete" },
				"east": { "uv": [ 0, 0, 0.3, 0.1999998 ], "texture": "#blue_concrete" }
			}
		},
		{
			"from": [ 8.8, 15.1, 9.3 ],
			"to": [ 9, 15.2, 9.6 ],
			"faces": {
				"down": { "uv": [ 0, 0, 0.2, 0.3000002 ], "texture": "#blue_concrete" },
				"up": { "uv": [ 0, 0, 0.2, 0.3000002 ], "texture": "#blue_concrete" },
				"south": { "uv": [ 0, 0, 0.2, 0.1000004 ], "texture": "#blue_concrete" },
				"west": { "uv": [ 0, 0, 0.3, 0.1000004 ], "texture": "#blue_concrete" }
			}
		},
		{
			"from": [ 9, 14.8, 9.3 ],
			"to": [ 9.1, 15.4, 9.6 ],
			"faces": {
				"down": { "uv": [ 0, 0, 0.1, 0.3000002 ], "texture": "#blue_concrete" },
				"up": { "uv": [ 0, 0, 0.1, 0.3000002 ], "texture": "#blue_concrete" },
				"south": { "uv": [ 0, 0, 0.1, 0.6000004 ], "texture": "#blue_concrete" },
				"west": { "uv": [ 0, 0, 0.3, 0.6000004 ], "texture": "#blue_concrete" },
				"east": { "uv": [ 0, 0, 0.3, 0.6000004 ], "texture": "#blue_concrete" }
			}
		},
		{
			"from": [ 5.45, 21.6, 7.3 ],
			"to": [ 6.05, 23.6, 8.699999 ],
			"faces": {
				"down": { "uv": [ 0, 0, 0.6, 1.4 ], "texture": "#red_stained_glass" },
				"up": { "uv": [ 0, 0, 0.6, 1.4 ], "texture": "#red_stained_glass" },
				"north": { "uv": [ 0, 5, 1, 7 ], "texture": "#red_stained_glass" },
				"south": { "uv": [ 0, 7, 0.4, 9 ], "texture": "#red_stained_glass" },
				"west": { "uv": [ 0, 5, 0.4, 7 ], "texture": "#red_stained_glass" },
				"east": { "uv": [ 0, 8, 0.4, 10 ], "texture": "#red_stained_glass" }
			}
		},
		{
			"from": [ 5.55, 23.6, 7.3 ],
			"to": [ 5.949999, 24, 8.699999 ],
			"faces": {
				"up": { "uv": [ 0, 0, 0.4, 1.4 ], "texture": "#red_stained_glass" },
				"north": { "uv": [ 0, 0, 0.4, 0.3999996 ], "texture": "#red_stained_glass" },
				"south": { "uv": [ 0, 0, 0.4, 0.3999996 ], "texture": "#red_stained_glass" },
				"west": { "uv": [ 0, 0, 1.4, 0.3999996 ], "texture": "#red_stained_glass" },
				"east": { "uv": [ 0, 0, 1.4, 0.3999996 ], "texture": "#red_stained_glass" }
			}
		},
		{
			"from": [ 5.55, 21.2, 7.3 ],
			"to": [ 5.949999, 21.6, 8.699999 ],
			"faces": {
				"down": { "uv": [ 0, 0, 0.4, 1.4 ], "texture": "#red_stained_glass" },
				"up": { "uv": [ 0, 0, 0.4, 1.4 ], "texture": "#red_stained_glass" },
				"north": { "uv": [ 0, 0, 0.4, 0.3999996 ], "texture": "#red_stained_glass" },
				"south": { "uv": [ 0, 0, 0.4, 0.3999996 ], "texture": "#red_stained_glass" },
				"west": { "uv": [ 0, 0, 1.4, 0.3999996 ], "texture": "#red_stained_glass" },
				"east": { "uv": [ 0, 0, 1.4, 0.3999996 ], "texture": "#red_stained_glass" }
			}
		},
		{
			"from": [ 5.55, 24, 7.7 ],
			"to": [ 5.949999, 24.6, 8.3 ],
			"faces": {
				"up": { "uv": [ 0, 0, 0.4, 0.6000004 ], "texture": "#white_stained_glass" },
				"north": { "uv": [ 0, 0, 0.4, 0.6000004 ], "texture": "#white_stained_glass" },
				"south": { "uv": [ 0, 0, 0.4, 0.6000004 ], "texture": "#white_stained_glass" },
				"west": { "uv": [ 0, 0, 0.6, 0.6000004 ], "texture": "#white_stained_glass" },
				"east": { "uv": [ 0, 0, 0.6, 0.6000004 ], "texture": "#white_stained_glass" }
			}
		},
		{
			"from": [ 10.05, 24, 7.7 ],
			"to": [ 10.45, 24.6, 8.3 ],
			"faces": {
				"up": { "uv": [ 0, 0, 0.4, 0.6000004 ], "texture": "#white_stained_glass" },
				"north": { "uv": [ 0, 0, 0.4, 0.6000004 ], "texture": "#white_stained_glass" },
				"south": { "uv": [ 0, 0, 0.4, 0.6000004 ], "texture": "#white_stained_glass" },
				"west": { "uv": [ 0, 0, 0.6, 0.6000004 ], "texture": "#white_stained_glass" },
				"east": { "uv": [ 0, 0, 0.6, 0.6000004 ], "texture": "#white_stained_glass" }
			}
		},
		{
			"from": [ 10.05, 23.6, 7.3 ],
			"to": [ 10.45, 24, 8.699999 ],
			"faces": {
				"down": { "uv": [ 0, 0, 0.4, 1.4 ], "texture": "#light_blue_stained_glass" },
				"up": { "uv": [ 0, 0, 0.4, 1.4 ], "texture": "#light_blue_stained_glass" },
				"north": { "uv": [ 0, 0, 0.4, 0.3999996 ], "texture": "#light_blue_stained_glass" },
				"south": { "uv": [ 0, 0, 0.4, 0.3999996 ], "texture": "#light_blue_stained_glass" },
				"west": { "uv": [ 0, 0, 1.4, 0.3999996 ], "texture": "#light_blue_stained_glass" },
				"east": { "uv": [ 0, 0, 1.4, 0.3999996 ], "texture": "#light_blue_stained_glass" }
			}
		},
		{
			"from": [ 9.95, 21.6, 7.3 ],
			"to": [ 10.55, 23.6, 8.699999 ],
			"faces": {
				"down": { "uv": [ 0, 0, 0.6, 1.4 ], "texture": "#light_blue_stained_glass" },
				"up": { "uv": [ 0, 0, 0.6, 1.4 ], "texture": "#light_blue_stained_glass" },
				"north": { "uv": [ 0, 5, 1, 7 ], "texture": "#light_blue_stained_glass" },
				"south": { "uv": [ 0, 7, 0.4, 9 ], "texture": "#light_blue_stained_glass" },
				"west": { "uv": [ 0, 5, 0.4, 7 ], "texture": "#light_blue_stained_glass" },
				"east": { "uv": [ 0, 8, 0.4, 10 ], "texture": "#light_blue_stained_glass" }
			}
		},
		{
			"from": [ 10.05, 21.2, 7.3 ],
			"to": [ 10.45, 21.6, 8.699999 ],
			"faces": {
				"down": { "uv": [ 0, 0, 0.4, 1.4 ], "texture": "#light_blue_stained_glass" },
				"up": { "uv": [ 0, 0, 0.4, 1.4 ], "texture": "#light_blue_stained_glass" },
				"north": { "uv": [ 0, 0, 0.4, 0.3999996 ], "texture": "#light_blue_stained_glass" },
				"south": { "uv": [ 0, 0, 0.4, 0.3999996 ], "texture": "#light_blue_stained_glass" },
				"west": { "uv": [ 0, 0, 1.4, 0.3999996 ], "texture": "#light_blue_stained_glass" },
				"east": { "uv": [ 0, 0, 1.4, 0.3999996 ], "texture": "#light_blue_stained_glass" }
			}
		}
	],
	"display": {
		"gui": {
			"rotation":  [ 3, 11, 30 ],
			"scale":  [ 0.625, 0.625, 0.625 ]
		},
		"head": {
			"rotation":  [ 0, 180, 0 ],
			"translation":  [ 0, -30, 0 ],
			"scale":  [ 2, 2, 2 ]
		},
		"ground": {
			"translation":  [ 0, 3, 0 ],
			"scale":  [ 0.5, 0.5, 0.5 ]
		},
		"fixed": {
			"rotation":  [ 0, 180, 0 ]
		}
	}
}