{
	"__comment": "Model generated using MrCrayfish's Model Creator (https://mrcrayfish.com/tools?id=mc)",
	"textures": {
		"yellow_concrete": "block/lime_concrete",
		"black_concrete": "block/black_concrete",
		"white_concrete": "block/white_concrete",
		"light_gray_concrete": "block/light_gray_concrete"
	},
	"elements": [
		{
			"from": [ 1, 2, 0 ],
			"to": [ 15, 14, 1 ],
			"faces": {
				"down": { "uv": [ 0, 0, 14, 1 ], "texture": "#yellow_concrete" },
				"north": { "uv": [ 0, 0, 14, 12 ], "texture": "#yellow_concrete" },
				"south": { "uv": [ 0, 0, 14, 12 ], "texture": "#yellow_concrete" },
				"west": { "uv": [ 0, 0, 1, 12 ], "texture": "#yellow_concrete" },
				"east": { "uv": [ 0, 0, 1, 12 ], "texture": "#yellow_concrete" }
			}
		},
		{
			"from": [ 1, 14, 0 ],
			"to": [ 15, 28, 1 ],
			"faces": {
				"north": { "uv": [ 0, 0, 14, 14 ], "texture": "#yellow_concrete" },
				"south": { "uv": [ 0, 0, 14, 14 ], "texture": "#yellow_concrete" },
				"west": { "uv": [ 0, 0, 1, 14 ], "texture": "#yellow_concrete" },
				"east": { "uv": [ 0, 0, 1, 14 ], "texture": "#yellow_concrete" }
			}
		},
		{
			"from": [ 1, 2, 1 ],
			"to": [ 15, 3, 14 ],
			"faces": {
				"down": { "uv": [ 0, 0, 14, 13 ], "texture": "#yellow_concrete" },
				"up": { "uv": [ 0, 0, 14, 13 ], "texture": "#yellow_concrete" },
				"south": { "uv": [ 0, 0, 14, 1 ], "texture": "#yellow_concrete" }
			}
		},
		{
			"from": [ 2, 0, 1 ],
			"to": [ 4, 2, 3 ],
			"faces": {
				"down": { "uv": [ 0, 0, 2, 2 ], "texture": "#light_gray_concrete" },
				"north": { "uv": [ 0, 0, 2, 2 ], "texture": "#light_gray_concrete" },
				"south": { "uv": [ 0, 0, 2, 2 ], "texture": "#light_gray_concrete" },
				"west": { "uv": [ 0, 0, 2, 2 ], "texture": "#light_gray_concrete" },
				"east": { "uv": [ 0, 0, 2, 2 ], "texture": "#light_gray_concrete" }
			}
		},
		{
			"from": [ 12, 0, 1 ],
			"to": [ 14, 2, 3 ],
			"faces": {
				"down": { "uv": [ 0, 0, 2, 2 ], "texture": "#light_gray_concrete" },
				"north": { "uv": [ 0, 0, 2, 2 ], "texture": "#light_gray_concrete" },
				"south": { "uv": [ 0, 0, 2, 2 ], "texture": "#light_gray_concrete" },
				"west": { "uv": [ 0, 0, 2, 2 ], "texture": "#light_gray_concrete" },
				"east": { "uv": [ 0, 0, 2, 2 ], "texture": "#light_gray_concrete" }
			}
		},
		{
			"from": [ 12, 0, 11 ],
			"to": [ 14, 2, 13 ],
			"faces": {
				"down": { "uv": [ 0, 0, 2, 2 ], "texture": "#light_gray_concrete" },
				"north": { "uv": [ 0, 0, 2, 2 ], "texture": "#light_gray_concrete" },
				"south": { "uv": [ 0, 0, 2, 2 ], "texture": "#light_gray_concrete" },
				"west": { "uv": [ 0, 0, 2, 2 ], "texture": "#light_gray_concrete" },
				"east": { "uv": [ 0, 0, 2, 2 ], "texture": "#light_gray_concrete" }
			}
		},
		{
			"from": [ 2, 0, 11 ],
			"to": [ 4, 2, 13 ],
			"faces": {
				"down": { "uv": [ 0, 0, 2, 2 ], "texture": "#light_gray_concrete" },
				"north": { "uv": [ 0, 0, 2, 2 ], "texture": "#light_gray_concrete" },
				"south": { "uv": [ 0, 0, 2, 2 ], "texture": "#light_gray_concrete" },
				"west": { "uv": [ 0, 0, 2, 2 ], "texture": "#light_gray_concrete" },
				"east": { "uv": [ 0, 0, 2, 2 ], "texture": "#light_gray_concrete" }
			}
		},
		{
			"from": [ 1, 3, 13 ],
			"to": [ 15, 9, 14 ],
			"faces": {
				"up": { "uv": [ 0, 0, 14, 1 ], "texture": "#yellow_concrete" },
				"north": { "uv": [ 0, 0, 14, 6 ], "texture": "#yellow_concrete" },
				"south": { "uv": [ 0, 0, 14, 6 ], "texture": "#yellow_concrete" }
			}
		},
		{
			"from": [ 1, 6, 12.5 ],
			"to": [ 15, 7, 18.5 ],
			"rotation": { "origin": [ 8, 8, 8 ], "axis": "x", "angle": -22.5 },
			"faces": {
				"down": { "uv": [ 0, 0, 14, 6 ], "texture": "#yellow_concrete" },
				"up": { "uv": [ 0, 0, 14, 6 ], "texture": "#yellow_concrete" },
				"north": { "uv": [ 0, 0, 14, 1 ], "texture": "#yellow_concrete" },
				"south": { "uv": [ 0, 0, 14, 1 ], "texture": "#yellow_concrete" },
				"west": { "uv": [ 0, 0, 6, 1 ], "texture": "#yellow_concrete" },
				"east": { "uv": [ 0, 0, 6, 1 ], "texture": "#yellow_concrete" }
			}
		},
		{
			"from": [ 1, 14.5, 12.5 ],
			"to": [ 15, 15.5, 18.5 ],
			"faces": {
				"down": { "uv": [ 0, 0, 14, 6 ], "texture": "#yellow_concrete" },
				"up": { "uv": [ 0, 0, 14, 6 ], "texture": "#yellow_concrete" },
				"north": { "uv": [ 0, 0, 14, 1 ], "texture": "#yellow_concrete" },
				"south": { "uv": [ 0, 0, 14, 1 ], "texture": "#yellow_concrete" },
				"west": { "uv": [ 0, 0, 6, 1 ], "texture": "#yellow_concrete" },
				"east": { "uv": [ 0, 0, 6, 1 ], "texture": "#yellow_concrete" }
			}
		},
		{
			"from": [ 1, 10, 17.5 ],
			"to": [ 15, 15.25, 18.5 ],
			"faces": {
				"down": { "uv": [ 0, 0, 14, 1 ], "texture": "#yellow_concrete" },
				"north": { "uv": [ 0, 0, 14, 5.25 ], "texture": "#yellow_concrete" },
				"south": { "uv": [ 0, 0, 14, 5.25 ], "texture": "#yellow_concrete" },
				"west": { "uv": [ 0, 0, 1, 5.25 ], "texture": "#yellow_concrete" },
				"east": { "uv": [ 0, 0, 1, 5.25 ], "texture": "#yellow_concrete" }
			}
		},
		{
			"from": [ 1, 13.5, 12.5 ],
			"to": [ 15, 20.5, 13.5 ],
			"rotation": { "origin": [ 8, 15, 9 ], "axis": "x", "angle": -22.5 },
			"faces": {
				"down": { "uv": [ 0, 0, 14, 1 ], "texture": "#black_concrete" },
				"up": { "uv": [ 0, 0, 14, 1 ], "texture": "#black_concrete" },
				"north": { "uv": [ 0, 0, 14, 7 ], "texture": "#black_concrete" },
				"south": { "uv": [ 0, 0, 14, 7 ], "texture": "#black_concrete" },
				"west": { "uv": [ 0, 0, 1, 7 ], "texture": "#black_concrete" },
				"east": { "uv": [ 0, 0, 1, 7 ], "texture": "#black_concrete" }
			}
		},
		{
			"from": [ 1, 21.5, 7.5 ],
			"to": [ 15, 24.5, 8.5 ],
			"rotation": { "origin": [ 8, 15, 9 ], "axis": "x", "angle": 22.5 },
			"faces": {
				"down": { "uv": [ 0, 0, 14, 1 ], "texture": "#yellow_concrete" },
				"up": { "uv": [ 0, 0, 14, 1 ], "texture": "#yellow_concrete" },
				"north": { "uv": [ 0, 0, 14, 3 ], "texture": "#yellow_concrete" },
				"south": { "uv": [ 0, 0, 14, 3 ], "texture": "#yellow_concrete" },
				"west": { "uv": [ 0, 0, 1, 3 ], "texture": "#yellow_concrete" },
				"east": { "uv": [ 0, 0, 1, 3 ], "texture": "#yellow_concrete" }
			}
		},
		{
			"from": [ 1, 24, 11.2 ],
			"to": [ 15, 27, 12.2 ],
			"faces": {
				"down": { "uv": [ 0, 0, 14, 1 ], "texture": "#yellow_concrete" },
				"north": { "uv": [ 0, 0, 14, 3 ], "texture": "#yellow_concrete" },
				"south": { "uv": [ 0, 0, 14, 3 ], "texture": "#yellow_concrete" },
				"west": { "uv": [ 0, 0, 1, 3 ], "texture": "#yellow_concrete" },
				"east": { "uv": [ 0, 0, 1, 3 ], "texture": "#yellow_concrete" }
			}
		},
		{
			"from": [ 0.5, 15, 18 ],
			"to": [ 15.5, 16, 19 ],
			"faces": {
				"down": { "uv": [ 0, 0, 15, 1 ], "texture": "#black_concrete" },
				"up": { "uv": [ 0, 0, 15, 1 ], "texture": "#black_concrete" },
				"north": { "uv": [ 0, 0, 15, 1 ], "texture": "#black_concrete" },
				"south": { "uv": [ 0, 0, 15, 1 ], "texture": "#black_concrete" },
				"west": { "uv": [ 0, 0, 1, 1 ], "texture": "#black_concrete" },
				"east": { "uv": [ 0, 0, 1, 1 ], "texture": "#black_concrete" }
			}
		},
		{
			"from": [ 3, 14.5, 13.5 ],
			"to": [ 13, 19.5, 13.7 ],
			"rotation": { "origin": [ 8, 15, 9 ], "axis": "x", "angle": -22.5 },
			"faces": {
				"down": { "uv": [ 0, 0, 10, 0.1999998 ], "texture": "#white_concrete" },
				"up": { "uv": [ 0, 0, 10, 0.1999998 ], "texture": "#white_concrete" },
				"north": { "uv": [ 0, 0, 10, 5 ], "texture": "#white_concrete" },
				"south": { "uv": [ 0, 0, 10, 5 ], "texture": "#white_concrete" },
				"west": { "uv": [ 0, 0, 0.2, 5 ], "texture": "#white_concrete" },
				"east": { "uv": [ 0, 0, 0.2, 5 ], "texture": "#white_concrete" }
			}
		},
		{
			"from": [ 3, 22.25, 8.5 ],
			"to": [ 5, 24.25, 8.7 ],
			"rotation": { "origin": [ 8, 15, 9 ], "axis": "x", "angle": 22.5 },
			"faces": {
				"down": { "uv": [ 0, 0, 2, 0.1999998 ], "texture": "#black_concrete" },
				"up": { "uv": [ 0, 0, 2, 0.1999998 ], "texture": "#black_concrete" },
				"north": { "uv": [ 0, 0, 2, 2 ], "texture": "#black_concrete" },
				"south": { "uv": [ 0, 0, 2, 2 ], "texture": "#black_concrete" },
				"west": { "uv": [ 0, 0, 0.2, 2 ], "texture": "#black_concrete" },
				"east": { "uv": [ 0, 0, 0.2, 2 ], "texture": "#black_concrete" }
			}
		},
		{
			"from": [ 11, 22.25, 8.5 ],
			"to": [ 13, 24.25, 8.7 ],
			"rotation": { "origin": [ 8, 15, 9 ], "axis": "x", "angle": 22.5 },
			"faces": {
				"down": { "uv": [ 0, 0, 2, 0.1999998 ], "texture": "#black_concrete" },
				"up": { "uv": [ 0, 0, 2, 0.1999998 ], "texture": "#black_concrete" },
				"north": { "uv": [ 0, 0, 2, 2 ], "texture": "#black_concrete" },
				"south": { "uv": [ 0, 0, 2, 2 ], "texture": "#black_concrete" },
				"west": { "uv": [ 0, 0, 0.2, 2 ], "texture": "#black_concrete" },
				"east": { "uv": [ 0, 0, 0.2, 2 ], "texture": "#black_concrete" }
			}
		},
		{
			"from": [ 3, 15.5, 15.5 ],
			"to": [ 3.5, 16.5, 16 ],
			"faces": {
				"north": { "uv": [ 0, 0, 0.5, 1 ], "texture": "#black_concrete" },
				"south": { "uv": [ 0, 0, 0.5, 1 ], "texture": "#black_concrete" },
				"west": { "uv": [ 0, 0, 0.5, 1 ], "texture": "#black_concrete" },
				"east": { "uv": [ 0, 0, 0.5, 1 ], "texture": "#black_concrete" }
			}
		},
		{
			"from": [ 2.75, 16.5, 15.25 ],
			"to": [ 3.75, 17.5, 16.25 ],
			"faces": {
				"down": { "uv": [ 0, 0, 1, 1 ], "texture": "#black_concrete" },
				"up": { "uv": [ 0, 0, 1, 1 ], "texture": "#black_concrete" },
				"north": { "uv": [ 0, 0, 1, 1 ], "texture": "#black_concrete" },
				"south": { "uv": [ 0, 0, 1, 1 ], "texture": "#black_concrete" },
				"west": { "uv": [ 0, 0, 1, 1 ], "texture": "#black_concrete" },
				"east": { "uv": [ 0, 0, 1, 1 ], "texture": "#black_concrete" }
			}
		},
		{
			"from": [ 9, 15.5, 15.5 ],
			"to": [ 9.5, 16.5, 16 ],
			"faces": {
				"north": { "uv": [ 0, 0, 0.5, 1 ], "texture": "#black_concrete" },
				"south": { "uv": [ 0, 0, 0.5, 1 ], "texture": "#black_concrete" },
				"west": { "uv": [ 0, 0, 0.5, 1 ], "texture": "#black_concrete" },
				"east": { "uv": [ 0, 0, 0.5, 1 ], "texture": "#black_concrete" }
			}
		},
		{
			"from": [ 8.75, 16.5, 15.25 ],
			"to": [ 9.75, 17.5, 16.25 ],
			"faces": {
				"down": { "uv": [ 0, 0, 1, 1 ], "texture": "#black_concrete" },
				"up": { "uv": [ 0, 0, 1, 1 ], "texture": "#black_concrete" },
				"north": { "uv": [ 0, 0, 1, 1 ], "texture": "#black_concrete" },
				"south": { "uv": [ 0, 0, 1, 1 ], "texture": "#black_concrete" },
				"west": { "uv": [ 0, 0, 1, 1 ], "texture": "#black_concrete" },
				"east": { "uv": [ 0, 0, 1, 1 ], "texture": "#black_concrete" }
			}
		},
		{
			"from": [ 4, 15.5, 14.5 ],
			"to": [ 4.5, 15.7, 15 ],
			"faces": {
				"up": { "uv": [ 0, 0, 0.5, 0.5 ], "texture": "#black_concrete" },
				"north": { "uv": [ 0, 0, 0.5, 0.1999998 ], "texture": "#black_concrete" },
				"south": { "uv": [ 0, 0, 0.5, 0.1999998 ], "texture": "#black_concrete" },
				"west": { "uv": [ 0, 0, 0.5, 0.1999998 ], "texture": "#black_concrete" },
				"east": { "uv": [ 0, 0, 0.5, 0.1999998 ], "texture": "#black_concrete" }
			}
		},
		{
			"from": [ 4, 15.5, 15.5 ],
			"to": [ 4.5, 15.7, 16 ],
			"faces": {
				"up": { "uv": [ 0, 0, 0.5, 0.5 ], "texture": "#black_concrete" },
				"north": { "uv": [ 0, 0, 0.5, 0.1999998 ], "texture": "#black_concrete" },
				"south": { "uv": [ 0, 0, 0.5, 0.1999998 ], "texture": "#black_concrete" },
				"west": { "uv": [ 0, 0, 0.5, 0.1999998 ], "texture": "#black_concrete" },
				"east": { "uv": [ 0, 0, 0.5, 0.1999998 ], "texture": "#black_concrete" }
			}
		},
		{
			"from": [ 5, 15.5, 15.5 ],
			"to": [ 5.5, 15.7, 16 ],
			"faces": {
				"up": { "uv": [ 0, 0, 0.5, 0.5 ], "texture": "#black_concrete" },
				"north": { "uv": [ 0, 0, 0.5, 0.1999998 ], "texture": "#black_concrete" },
				"south": { "uv": [ 0, 0, 0.5, 0.1999998 ], "texture": "#black_concrete" },
				"west": { "uv": [ 0, 0, 0.5, 0.1999998 ], "texture": "#black_concrete" },
				"east": { "uv": [ 0, 0, 0.5, 0.1999998 ], "texture": "#black_concrete" }
			}
		},
		{
			"from": [ 6, 15.5, 15.5 ],
			"to": [ 6.5, 15.7, 16 ],
			"faces": {
				"up": { "uv": [ 0, 0, 0.5, 0.5 ], "texture": "#black_concrete" },
				"north": { "uv": [ 0, 0, 0.5, 0.1999998 ], "texture": "#black_concrete" },
				"south": { "uv": [ 0, 0, 0.5, 0.1999998 ], "texture": "#black_concrete" },
				"west": { "uv": [ 0, 0, 0.5, 0.1999998 ], "texture": "#black_concrete" },
				"east": { "uv": [ 0, 0, 0.5, 0.1999998 ], "texture": "#black_concrete" }
			}
		},
		{
			"from": [ 6, 15.5, 14.5 ],
			"to": [ 6.5, 15.7, 15 ],
			"faces": {
				"up": { "uv": [ 0, 0, 0.5, 0.5 ], "texture": "#black_concrete" },
				"north": { "uv": [ 0, 0, 0.5, 0.1999998 ], "texture": "#black_concrete" },
				"south": { "uv": [ 0, 0, 0.5, 0.1999998 ], "texture": "#black_concrete" },
				"west": { "uv": [ 0, 0, 0.5, 0.1999998 ], "texture": "#black_concrete" },
				"east": { "uv": [ 0, 0, 0.5, 0.1999998 ], "texture": "#black_concrete" }
			}
		},
		{
			"from": [ 5, 15.5, 14.5 ],
			"to": [ 5.5, 15.7, 15 ],
			"faces": {
				"up": { "uv": [ 0, 0, 0.5, 0.5 ], "texture": "#black_concrete" },
				"north": { "uv": [ 0, 0, 0.5, 0.1999998 ], "texture": "#black_concrete" },
				"south": { "uv": [ 0, 0, 0.5, 0.1999998 ], "texture": "#black_concrete" },
				"west": { "uv": [ 0, 0, 0.5, 0.1999998 ], "texture": "#black_concrete" },
				"east": { "uv": [ 0, 0, 0.5, 0.1999998 ], "texture": "#black_concrete" }
			}
		},
		{
			"from": [ 10, 15.5, 14.5 ],
			"to": [ 10.5, 15.7, 15 ],
			"faces": {
				"up": { "uv": [ 0, 0, 0.5, 0.5 ], "texture": "#black_concrete" },
				"north": { "uv": [ 0, 0, 0.5, 0.1999998 ], "texture": "#black_concrete" },
				"south": { "uv": [ 0, 0, 0.5, 0.1999998 ], "texture": "#black_concrete" },
				"west": { "uv": [ 0, 0, 0.5, 0.1999998 ], "texture": "#black_concrete" },
				"east": { "uv": [ 0, 0, 0.5, 0.1999998 ], "texture": "#black_concrete" }
			}
		},
		{
			"from": [ 11, 15.5, 14.5 ],
			"to": [ 11.5, 15.7, 15 ],
			"faces": {
				"up": { "uv": [ 0, 0, 0.5, 0.5 ], "texture": "#black_concrete" },
				"north": { "uv": [ 0, 0, 0.5, 0.1999998 ], "texture": "#black_concrete" },
				"south": { "uv": [ 0, 0, 0.5, 0.1999998 ], "texture": "#black_concrete" },
				"west": { "uv": [ 0, 0, 0.5, 0.1999998 ], "texture": "#black_concrete" },
				"east": { "uv": [ 0, 0, 0.5, 0.1999998 ], "texture": "#black_concrete" }
			}
		},
		{
			"from": [ 12, 15.5, 14.5 ],
			"to": [ 12.5, 15.7, 15 ],
			"faces": {
				"up": { "uv": [ 0, 0, 0.5, 0.5 ], "texture": "#black_concrete" },
				"north": { "uv": [ 0, 0, 0.5, 0.1999998 ], "texture": "#black_concrete" },
				"south": { "uv": [ 0, 0, 0.5, 0.1999998 ], "texture": "#black_concrete" },
				"west": { "uv": [ 0, 0, 0.5, 0.1999998 ], "texture": "#black_concrete" },
				"east": { "uv": [ 0, 0, 0.5, 0.1999998 ], "texture": "#black_concrete" }
			}
		},
		{
			"from": [ 12, 15.5, 15.5 ],
			"to": [ 12.5, 15.7, 16 ],
			"faces": {
				"up": { "uv": [ 0, 0, 0.5, 0.5 ], "texture": "#black_concrete" },
				"north": { "uv": [ 0, 0, 0.5, 0.1999998 ], "texture": "#black_concrete" },
				"south": { "uv": [ 0, 0, 0.5, 0.1999998 ], "texture": "#black_concrete" },
				"west": { "uv": [ 0, 0, 0.5, 0.1999998 ], "texture": "#black_concrete" },
				"east": { "uv": [ 0, 0, 0.5, 0.1999998 ], "texture": "#black_concrete" }
			}
		},
		{
			"from": [ 11, 15.5, 15.5 ],
			"to": [ 11.5, 15.7, 16 ],
			"faces": {
				"up": { "uv": [ 0, 0, 0.5, 0.5 ], "texture": "#black_concrete" },
				"north": { "uv": [ 0, 0, 0.5, 0.1999998 ], "texture": "#black_concrete" },
				"south": { "uv": [ 0, 0, 0.5, 0.1999998 ], "texture": "#black_concrete" },
				"west": { "uv": [ 0, 0, 0.5, 0.1999998 ], "texture": "#black_concrete" },
				"east": { "uv": [ 0, 0, 0.5, 0.1999998 ], "texture": "#black_concrete" }
			}
		},
		{
			"from": [ 10, 15.5, 15.5 ],
			"to": [ 10.5, 15.7, 16 ],
			"faces": {
				"up": { "uv": [ 0, 0, 0.5, 0.5 ], "texture": "#black_concrete" },
				"north": { "uv": [ 0, 0, 0.5, 0.1999998 ], "texture": "#black_concrete" },
				"south": { "uv": [ 0, 0, 0.5, 0.1999998 ], "texture": "#black_concrete" },
				"west": { "uv": [ 0, 0, 0.5, 0.1999998 ], "texture": "#black_concrete" },
				"east": { "uv": [ 0, 0, 0.5, 0.1999998 ], "texture": "#black_concrete" }
			}
		},
		{
			"from": [ 14.1, 2, 0 ],
			"to": [ 15.1, 9, 15 ],
			"faces": {
				"down": { "uv": [ 0, 0, 1, 15 ], "texture": "#yellow_concrete" },
				"up": { "uv": [ 0, 0, 1, 15 ], "texture": "#yellow_concrete" },
				"north": { "uv": [ 0, 0, 1, 7 ], "texture": "#yellow_concrete" },
				"south": { "uv": [ 0, 0, 1, 7 ], "texture": "#yellow_concrete" },
				"west": { "uv": [ 0, 0, 15, 7 ], "texture": "#yellow_concrete" },
				"east": { "uv": [ 0, 0, 15, 7 ], "texture": "#yellow_concrete" }
			}
		},
		{
			"from": [ 0.9899999, 14, 0 ],
			"to": [ 1.99, 26, 14 ],
			"faces": {
				"down": { "uv": [ 0, 0, 1, 14 ], "texture": "#yellow_concrete" },
				"up": { "uv": [ 0, 0, 1, 14 ], "texture": "#yellow_concrete" },
				"north": { "uv": [ 0, 0, 1, 12 ], "texture": "#yellow_concrete" },
				"south": { "uv": [ 0, 0, 1, 12 ], "texture": "#yellow_concrete" },
				"west": { "uv": [ 0, 0, 14, 12 ], "texture": "#yellow_concrete" },
				"east": { "uv": [ 0, 0, 14, 12 ], "texture": "#yellow_concrete" }
			}
		},
		{
			"from": [ 0.9899999, 26, 0 ],
			"to": [ 15.99, 28, 16 ],
			"faces": {
				"down": { "uv": [ 0, 0, 15, 16 ], "texture": "#yellow_concrete" },
				"up": { "uv": [ 0, 0, 15, 16 ], "texture": "#yellow_concrete" },
				"north": { "uv": [ 0, 0, 15, 2 ], "texture": "#yellow_concrete" },
				"south": { "uv": [ 0, 0, 15, 2 ], "texture": "#yellow_concrete" },
				"west": { "uv": [ 0, 0, 16, 2 ], "texture": "#yellow_concrete" },
				"east": { "uv": [ 0, 0, 16, 2 ], "texture": "#yellow_concrete" }
			}
		},
		{
			"from": [ 14.1, 14, 0 ],
			"to": [ 15.1, 26, 14 ],
			"faces": {
				"down": { "uv": [ 0, 0, 1, 14 ], "texture": "#yellow_concrete" },
				"north": { "uv": [ 0, 0, 1, 12 ], "texture": "#yellow_concrete" },
				"south": { "uv": [ 0, 0, 1, 12 ], "texture": "#yellow_concrete" },
				"west": { "uv": [ 0, 0, 14, 12 ], "texture": "#yellow_concrete" },
				"east": { "uv": [ 0, 0, 14, 12 ], "texture": "#yellow_concrete" }
			}
		},
		{
			"from": [ 14.1, 9, 4 ],
			"to": [ 15.1, 15, 19 ],
			"faces": {
				"down": { "uv": [ 0, 0, 1, 15 ], "texture": "#yellow_concrete" },
				"up": { "uv": [ 0, 0, 1, 15 ], "texture": "#yellow_concrete" },
				"south": { "uv": [ 0, 0, 1, 6 ], "texture": "#yellow_concrete" },
				"west": { "uv": [ 0, 0, 15, 6 ], "texture": "#yellow_concrete" },
				"east": { "uv": [ 0, 0, 15, 6 ], "texture": "#yellow_concrete" }
			}
		},
		{
			"from": [ 14.1, 9, 0 ],
			"to": [ 15.1, 15, 4 ],
			"faces": {
				"north": { "uv": [ 0, 0, 1, 6 ], "texture": "#yellow_concrete" },
				"west": { "uv": [ 0, 0, 4, 6 ], "texture": "#yellow_concrete" },
				"east": { "uv": [ 0, 0, 4, 6 ], "texture": "#yellow_concrete" }
			}
		},
		{
			"from": [ 0.9899999, 9, 0 ],
			"to": [ 1.99, 15, 4 ],
			"faces": {
				"north": { "uv": [ 0, 0, 1, 6 ], "texture": "#yellow_concrete" },
				"west": { "uv": [ 0, 0, 4, 6 ], "texture": "#yellow_concrete" },
				"east": { "uv": [ 0, 0, 4, 6 ], "texture": "#yellow_concrete" }
			}
		},
		{
			"from": [ 0.9899999, 9, 4 ],
			"to": [ 1.99, 15, 19 ],
			"faces": {
				"down": { "uv": [ 0, 0, 1, 15 ], "texture": "#yellow_concrete" },
				"up": { "uv": [ 0, 0, 1, 15 ], "texture": "#yellow_concrete" },
				"south": { "uv": [ 0, 0, 1, 6 ], "texture": "#yellow_concrete" },
				"west": { "uv": [ 0, 0, 15, 6 ], "texture": "#yellow_concrete" },
				"east": { "uv": [ 0, 0, 15, 6 ], "texture": "#yellow_concrete" }
			}
		},
		{
			"from": [ 0.9899999, 2, 0 ],
			"to": [ 1.99, 9, 15 ],
			"faces": {
				"down": { "uv": [ 0, 0, 1, 15 ], "texture": "#yellow_concrete" },
				"up": { "uv": [ 0, 0, 1, 15 ], "texture": "#yellow_concrete" },
				"north": { "uv": [ 0, 0, 1, 7 ], "texture": "#yellow_concrete" },
				"south": { "uv": [ 0, 0, 1, 7 ], "texture": "#yellow_concrete" },
				"west": { "uv": [ 0, 0, 15, 7 ], "texture": "#yellow_concrete" },
				"east": { "uv": [ 0, 0, 15, 7 ], "texture": "#yellow_concrete" }
			}
		}
	],
	"display": {
		"gui": {
			"rotation":  [ 30, 45, 0 ],
			"translation":  [ 0, -5, 0 ],
			"scale":  [ 0.5, 0.6, 0.5 ]
		},
		"head": {
			"rotation":  [ 0, 180, 0 ],
			"translation":  [ 0, -25, 0 ],
			"scale":  [ 2, 2.5, 2 ]
		},
		"ground": {
			"translation":  [ 0, 3, 0 ],
			"scale":  [ 0.25, 0.25, 0.25 ]
		},
		"fixed": {
			"rotation":  [ 0, 180, 0 ],
			"translation":  [ 0, -5, 0 ],
			"scale":  [ 0.5, 0.5, 0.5 ]
		}
	}
}