{
	"credit": "Made with Blockbench",
	"textures": {
		"0": "block/red_concrete",
		"2": "block/coal_block",
		"3": "block/iron_block",
		"4": "block/jungle_door_bottom",
		"particle": "block/red_concrete"
	},
	"elements": [
		{
			"from": [7, 4.5, 6],
			"to": [9, 10.7, 8],
			"rotation": {"angle": 0, "axis": "y", "origin": [15, -3, 15]},
			"faces": {
				"north": {"uv": [5, 6, 11, 14], "texture": "#4"},
				"east": {"uv": [5, 6, 11, 14], "texture": "#4"},
				"south": {"uv": [5, 6, 11, 14], "texture": "#4"},
				"west": {"uv": [5, 6, 11, 14], "texture": "#4"},
				"up": {"uv": [5, 6, 11, 14], "texture": "#4"},
				"down": {"uv": [5, 6, 11, 14], "texture": "#4"}
			}
		},
		{
			"from": [7, -1.7, 6],
			"to": [9, 4.5, 8],
			"rotation": {"angle": 0, "axis": "y", "origin": [15, -9.2, 15]},
			"faces": {
				"north": {"uv": [5, 6, 11, 14], "texture": "#4"},
				"east": {"uv": [5, 6, 11, 14], "texture": "#4"},
				"south": {"uv": [5, 6, 11, 14], "texture": "#4"},
				"west": {"uv": [5, 6, 11, 14], "texture": "#4"},
				"up": {"uv": [5, 6, 11, 14], "texture": "#4"},
				"down": {"uv": [5, 6, 11, 14], "texture": "#4"}
			}
		},
		{
			"from": [7, -7.7, 6],
			"to": [9, -1.5, 8],
			"rotation": {"angle": 0, "axis": "y", "origin": [15, -15.2, 15]},
			"faces": {
				"north": {"uv": [5, 6, 11, 14], "texture": "#4"},
				"east": {"uv": [5, 6, 11, 14], "texture": "#4"},
				"south": {"uv": [5, 6, 11, 14], "texture": "#4"},
				"west": {"uv": [5, 6, 11, 14], "texture": "#4"},
				"up": {"uv": [5, 6, 11, 14], "texture": "#4"},
				"down": {"uv": [5, 6, 11, 14], "texture": "#4"}
			}
		},
		{
			"from": [5, 10.7, 0],
			"to": [11, 11, 15],
			"rotation": {"angle": 0, "axis": "y", "origin": [15, 18, 15]},
			"faces": {
				"north": {"uv": [0, 0, 6, 0.3], "texture": "#2"},
				"east": {"uv": [0, 0, 15, 0.3], "texture": "#2"},
				"south": {"uv": [0, 0, 6, 0.3], "texture": "#2"},
				"west": {"uv": [0, 0, 15, 0.3], "texture": "#2"},
				"up": {"uv": [0, 0, 6, 15], "texture": "#2"},
				"down": {"uv": [0, 0, 6, 15], "texture": "#2"}
			}
		},
		{
			"name": "hexadecagon",
			"from": [7.60326, 15.55, -0.7],
			"to": [8.39674, 16.75, -0.5],
			"rotation": {"angle": 0, "axis": "y", "origin": [8, 13.95, -0.4]},
			"faces": {
				"north": {"uv": [0, 3, 1, 4], "texture": "#3"},
				"east": {"uv": [0, 3, 1, 4], "texture": "#3"},
				"south": {"uv": [0, 3, 1, 4], "texture": "#3"},
				"west": {"uv": [0, 3, 1, 4], "texture": "#3"},
				"up": {"uv": [0, 3, 1, 4], "texture": "#3"},
				"down": {"uv": [0, 3, 1, 4], "texture": "#3"}
			}
		},
		{
			"name": "hexadecagon",
			"from": [7.60326, 16.45, -0.5],
			"to": [8.39674, 16.75, -0.2],
			"rotation": {"angle": 0, "axis": "y", "origin": [8, 13.95, -0.2]},
			"faces": {
				"north": {"uv": [0, 3, 1, 4], "texture": "#3"},
				"east": {"uv": [0, 3, 1, 4], "texture": "#3"},
				"south": {"uv": [0, 3, 1, 4], "texture": "#3"},
				"west": {"uv": [0, 3, 1, 4], "texture": "#3"},
				"up": {"uv": [0, 3, 1, 4], "texture": "#3"},
				"down": {"uv": [0, 3, 1, 4], "texture": "#3"}
			}
		},
		{
			"name": "hexadecagon",
			"from": [7.40326, 14.65, -0.2],
			"to": [8.59674, 17.05, 0],
			"rotation": {"angle": 0, "axis": "y", "origin": [8, 14.05, 0.1]},
			"faces": {
				"north": {"uv": [3, 3, 4, 4], "texture": "#0"},
				"east": {"uv": [3, 3, 4, 4], "texture": "#0"},
				"south": {"uv": [3, 3, 4, 4], "texture": "#0"},
				"west": {"uv": [3, 3, 4, 4], "texture": "#0"},
				"up": {"uv": [3, 3, 4, 4], "texture": "#0"},
				"down": {"uv": [3, 3, 4, 4], "texture": "#0"}
			}
		},
		{
			"name": "hexadecagon",
			"from": [5, 10.95326, -0.2],
			"to": [11, 14.64674, 0],
			"rotation": {"angle": 0, "axis": "y", "origin": [5.7, 14.05, 2.8]},
			"faces": {
				"north": {"uv": [3, 3, 4, 4], "texture": "#0"},
				"east": {"uv": [3, 3, 4, 4], "texture": "#0"},
				"south": {"uv": [3, 3, 4, 4], "texture": "#0"},
				"west": {"uv": [3, 3, 4, 4], "texture": "#0"},
				"up": {"uv": [3, 3, 4, 4], "texture": "#0"},
				"down": {"uv": [3, 3, 4, 4], "texture": "#0"}
			}
		},
		{
			"name": "hexadecagon",
			"from": [7.40326, 14.85, -0.2],
			"to": [8.59674, 17.05, 0],
			"rotation": {"angle": -45, "axis": "z", "origin": [8, 14.05, 0.1]},
			"faces": {
				"north": {"uv": [3, 3, 4, 4], "texture": "#0"},
				"east": {"uv": [3, 3, 4, 4], "texture": "#0"},
				"south": {"uv": [3, 3, 4, 4], "texture": "#0"},
				"west": {"uv": [3, 3, 4, 4], "texture": "#0"},
				"up": {"uv": [3, 3, 4, 4], "texture": "#0"},
				"down": {"uv": [3, 3, 4, 4], "texture": "#0"}
			}
		},
		{
			"name": "hexadecagon",
			"from": [9.5, 13.45326, -0.2],
			"to": [11, 14.64674, 0],
			"rotation": {"angle": 22.5, "axis": "z", "origin": [8, 14.05, 0.1]},
			"faces": {
				"north": {"uv": [3, 3, 4, 4], "texture": "#0"},
				"east": {"uv": [3, 3, 4, 4], "texture": "#0"},
				"south": {"uv": [3, 3, 4, 4], "texture": "#0"},
				"west": {"uv": [3, 3, 4, 4], "texture": "#0"},
				"up": {"uv": [3, 3, 4, 4], "texture": "#0"},
				"down": {"uv": [3, 3, 4, 4], "texture": "#0"}
			}
		},
		{
			"name": "hexadecagon",
			"from": [5, 13.45326, -0.2],
			"to": [7.2, 14.64674, 0],
			"rotation": {"angle": -45, "axis": "z", "origin": [8, 14.05, 0.1]},
			"faces": {
				"north": {"uv": [3, 3, 4, 4], "rotation": 90, "texture": "#0"},
				"east": {"uv": [3, 3, 4, 4], "rotation": 270, "texture": "#0"},
				"south": {"uv": [3, 3, 4, 4], "rotation": 270, "texture": "#0"},
				"west": {"uv": [3, 3, 4, 4], "rotation": 270, "texture": "#0"},
				"up": {"uv": [3, 3, 4, 4], "rotation": 270, "texture": "#0"},
				"down": {"uv": [3, 3, 4, 4], "rotation": 270, "texture": "#0"}
			}
		},
		{
			"name": "hexadecagon",
			"from": [5, 13.45326, -0.2],
			"to": [6.5, 14.64674, 0],
			"rotation": {"angle": -22.5, "axis": "z", "origin": [8, 14.05, 0.1]},
			"faces": {
				"north": {"uv": [3, 3, 4, 4], "texture": "#0"},
				"east": {"uv": [3, 3, 4, 4], "texture": "#0"},
				"south": {"uv": [3, 3, 4, 4], "texture": "#0"},
				"west": {"uv": [3, 3, 4, 4], "texture": "#0"},
				"up": {"uv": [3, 3, 4, 4], "texture": "#0"},
				"down": {"uv": [3, 3, 4, 4], "texture": "#0"}
			}
		},
		{
			"name": "hexadecagon",
			"from": [7.40326, 15.55, -0.2],
			"to": [8.59674, 17.05, 0],
			"rotation": {"angle": 22.5, "axis": "z", "origin": [8, 14.05, 0.1]},
			"faces": {
				"north": {"uv": [3, 3, 4, 4], "texture": "#0"},
				"east": {"uv": [3, 3, 4, 4], "texture": "#0"},
				"south": {"uv": [3, 3, 4, 4], "texture": "#0"},
				"west": {"uv": [3, 3, 4, 4], "texture": "#0"},
				"up": {"uv": [3, 3, 4, 4], "texture": "#0"},
				"down": {"uv": [3, 3, 4, 4], "texture": "#0"}
			}
		},
		{
			"name": "hexadecagon",
			"from": [7.40326, 15.55, -0.2],
			"to": [8.59674, 17.05, 0],
			"rotation": {"angle": -22.5, "axis": "z", "origin": [8, 14.05, 0.1]},
			"faces": {
				"north": {"uv": [3, 3, 4, 4], "texture": "#0"},
				"east": {"uv": [3, 3, 4, 4], "texture": "#0"},
				"south": {"uv": [3, 3, 4, 4], "texture": "#0"},
				"west": {"uv": [3, 3, 4, 4], "texture": "#0"},
				"up": {"uv": [3, 3, 4, 4], "texture": "#0"},
				"down": {"uv": [3, 3, 4, 4], "texture": "#0"}
			}
		},
		{
			"name": "hexadecagon",
			"from": [7.40326, 15.55, 14.8],
			"to": [8.59674, 17.05, 15],
			"rotation": {"angle": 22.5, "axis": "z", "origin": [8, 14.05, 15.1]},
			"faces": {
				"north": {"uv": [3, 3, 4, 4], "texture": "#0"},
				"east": {"uv": [3, 3, 4, 4], "texture": "#0"},
				"south": {"uv": [3, 3, 4, 4], "texture": "#0"},
				"west": {"uv": [3, 3, 4, 4], "texture": "#0"},
				"up": {"uv": [3, 3, 4, 4], "texture": "#0"},
				"down": {"uv": [3, 3, 4, 4], "texture": "#0"}
			}
		},
		{
			"name": "hexadecagon",
			"from": [7.40326, 16.85, 0],
			"to": [8.59674, 17.05, 14.8],
			"rotation": {"angle": -45, "axis": "z", "origin": [8, 14.05, 0.3]},
			"faces": {
				"north": {"uv": [3, 3, 4, 4], "texture": "#0"},
				"east": {"uv": [3, 3, 4, 4], "texture": "#0"},
				"south": {"uv": [3, 3, 4, 4], "texture": "#0"},
				"west": {"uv": [3, 3, 4, 4], "texture": "#0"},
				"up": {"uv": [3, 3, 4, 4], "texture": "#0"},
				"down": {"uv": [3, 3, 4, 4], "texture": "#0"}
			}
		},
		{
			"name": "hexadecagon",
			"from": [7.40326, 14.85, 14.8],
			"to": [8.59674, 17.05, 15],
			"rotation": {"angle": -45, "axis": "z", "origin": [8, 14.05, 15.1]},
			"faces": {
				"north": {"uv": [3, 3, 4, 4], "texture": "#0"},
				"east": {"uv": [3, 3, 4, 4], "texture": "#0"},
				"south": {"uv": [3, 3, 4, 4], "texture": "#0"},
				"west": {"uv": [3, 3, 4, 4], "texture": "#0"},
				"up": {"uv": [3, 3, 4, 4], "texture": "#0"},
				"down": {"uv": [3, 3, 4, 4], "texture": "#0"}
			}
		},
		{
			"name": "hexadecagon",
			"from": [7.40326, 16.85, 0],
			"to": [8.59674, 17.05, 14.8],
			"rotation": {"angle": -22.5, "axis": "z", "origin": [8, 14.05, 0.3]},
			"faces": {
				"north": {"uv": [3, 3, 4, 4], "texture": "#0"},
				"east": {"uv": [3, 3, 4, 4], "texture": "#0"},
				"south": {"uv": [3, 3, 4, 4], "texture": "#0"},
				"west": {"uv": [3, 3, 4, 4], "texture": "#0"},
				"up": {"uv": [3, 3, 4, 4], "texture": "#0"},
				"down": {"uv": [3, 3, 4, 4], "texture": "#0"}
			}
		},
		{
			"name": "hexadecagon",
			"from": [7.40326, 15.55, 14.8],
			"to": [8.59674, 17.05, 15],
			"rotation": {"angle": -22.5, "axis": "z", "origin": [8, 14.05, 15.1]},
			"faces": {
				"north": {"uv": [3, 3, 4, 4], "texture": "#0"},
				"east": {"uv": [3, 3, 4, 4], "texture": "#0"},
				"south": {"uv": [3, 3, 4, 4], "texture": "#0"},
				"west": {"uv": [3, 3, 4, 4], "texture": "#0"},
				"up": {"uv": [3, 3, 4, 4], "texture": "#0"},
				"down": {"uv": [3, 3, 4, 4], "texture": "#0"}
			}
		},
		{
			"name": "hexadecagon",
			"from": [7.40326, 16.85, 0],
			"to": [8.59674, 17.05, 14.8],
			"rotation": {"angle": 0, "axis": "y", "origin": [8, 14.05, 0.3]},
			"faces": {
				"north": {"uv": [3, 3, 4, 4], "texture": "#0"},
				"east": {"uv": [3, 3, 4, 4], "texture": "#0"},
				"south": {"uv": [3, 3, 4, 4], "texture": "#0"},
				"west": {"uv": [3, 3, 4, 4], "texture": "#0"},
				"up": {"uv": [3, 3, 4, 4], "texture": "#0"},
				"down": {"uv": [3, 3, 4, 4], "texture": "#0"}
			}
		},
		{
			"name": "hexadecagon",
			"from": [7.20326, 10.95, 3],
			"to": [9.69674, 11.15, 10.2],
			"rotation": {"angle": 0, "axis": "y", "origin": [8.5, 8.15, 3.3]},
			"faces": {
				"north": {"uv": [3, 3, 4, 4], "texture": "#0"},
				"east": {"uv": [3, 3, 4, 4], "texture": "#0"},
				"south": {"uv": [3, 3, 4, 4], "texture": "#0"},
				"west": {"uv": [3, 3, 4, 4], "texture": "#0"},
				"up": {"uv": [3, 3, 4, 4], "texture": "#0"},
				"down": {"uv": [3, 3, 4, 4], "texture": "#0"}
			}
		},
		{
			"name": "hexadecagon",
			"from": [10.45, 11.00326, 3],
			"to": [10.65, 14.79674, 10.2],
			"rotation": {"angle": 0, "axis": "y", "origin": [10.55, 12.05, 6.6]},
			"faces": {
				"north": {"uv": [3, 3, 4, 4], "rotation": 90, "texture": "#0"},
				"east": {"uv": [3, 3, 4, 4], "rotation": 270, "texture": "#0"},
				"south": {"uv": [3, 3, 4, 4], "rotation": 270, "texture": "#0"},
				"west": {"uv": [3, 3, 4, 4], "rotation": 270, "texture": "#0"},
				"up": {"uv": [3, 3, 4, 4], "rotation": 270, "texture": "#0"},
				"down": {"uv": [3, 3, 4, 4], "rotation": 270, "texture": "#0"}
			}
		},
		{
			"name": "hexadecagon",
			"from": [10.05, 11.00326, 2],
			"to": [10.25, 12.79674, 10.2],
			"rotation": {"angle": 0, "axis": "y", "origin": [10.15, 12.05, 6.6]},
			"faces": {
				"north": {"uv": [4, 3, 5, 4], "rotation": 90, "texture": "#0"},
				"east": {"uv": [3, 3, 4, 4], "rotation": 270, "texture": "#0"},
				"south": {"uv": [3, 3, 4, 4], "rotation": 270, "texture": "#0"},
				"west": {"uv": [3, 3, 4, 4], "rotation": 270, "texture": "#0"},
				"up": {"uv": [3, 3, 4, 4], "rotation": 270, "texture": "#0"},
				"down": {"uv": [3, 3, 4, 4], "rotation": 270, "texture": "#0"}
			}
		},
		{
			"name": "hexadecagon",
			"from": [9.75, 11.00326, 2],
			"to": [9.95, 12.79674, 10.2],
			"rotation": {"angle": 0, "axis": "y", "origin": [9.85, 12.05, 6.6]},
			"faces": {
				"north": {"uv": [4, 3, 5, 4], "rotation": 90, "texture": "#0"},
				"east": {"uv": [3, 3, 4, 4], "rotation": 270, "texture": "#0"},
				"south": {"uv": [3, 3, 4, 4], "rotation": 270, "texture": "#0"},
				"west": {"uv": [3, 3, 4, 4], "rotation": 270, "texture": "#0"},
				"up": {"uv": [3, 3, 4, 4], "rotation": 270, "texture": "#0"},
				"down": {"uv": [3, 3, 4, 4], "rotation": 270, "texture": "#0"}
			}
		},
		{
			"name": "hexadecagon",
			"from": [9.25, 11.10326, 2.6],
			"to": [9.45, 12.89674, 10.2],
			"rotation": {"angle": -22.5, "axis": "z", "origin": [9.35, 12.15, 6.6]},
			"faces": {
				"north": {"uv": [4, 3, 5, 4], "rotation": 90, "texture": "#0"},
				"east": {"uv": [3, 3, 4, 4], "rotation": 270, "texture": "#0"},
				"south": {"uv": [3, 3, 4, 4], "rotation": 270, "texture": "#0"},
				"west": {"uv": [3, 3, 4, 4], "rotation": 270, "texture": "#0"},
				"up": {"uv": [3, 3, 4, 4], "rotation": 270, "texture": "#0"},
				"down": {"uv": [3, 3, 4, 4], "rotation": 270, "texture": "#0"}
			}
		},
		{
			"name": "hexadecagon",
			"from": [7.40326, 14.65, 14.8],
			"to": [8.59674, 17.05, 15],
			"rotation": {"angle": 0, "axis": "y", "origin": [8, 14.05, 15.1]},
			"faces": {
				"north": {"uv": [3, 3, 4, 4], "texture": "#0"},
				"east": {"uv": [3, 3, 4, 4], "texture": "#0"},
				"south": {"uv": [3, 3, 4, 4], "texture": "#0"},
				"west": {"uv": [3, 3, 4, 4], "texture": "#0"},
				"up": {"uv": [3, 3, 4, 4], "texture": "#0"},
				"down": {"uv": [3, 3, 4, 4], "texture": "#0"}
			}
		},
		{
			"name": "hexadecagon",
			"from": [7.40326, 16.85, 0],
			"to": [8.59674, 17.05, 14.8],
			"rotation": {"angle": 22.5, "axis": "z", "origin": [8, 14.05, 0.3]},
			"faces": {
				"north": {"uv": [3, 3, 4, 4], "texture": "#0"},
				"east": {"uv": [3, 3, 4, 4], "texture": "#0"},
				"south": {"uv": [3, 3, 4, 4], "texture": "#0"},
				"west": {"uv": [3, 3, 4, 4], "texture": "#0"},
				"up": {"uv": [3, 3, 4, 4], "texture": "#0"},
				"down": {"uv": [3, 3, 4, 4], "texture": "#0"}
			}
		},
		{
			"name": "hexadecagon",
			"from": [7.40326, 16.85, 0],
			"to": [8.59674, 17.05, 14.8],
			"rotation": {"angle": 45, "axis": "z", "origin": [8, 14.05, 0.3]},
			"faces": {
				"north": {"uv": [3, 3, 4, 4], "texture": "#0"},
				"east": {"uv": [3, 3, 4, 4], "texture": "#0"},
				"south": {"uv": [3, 3, 4, 4], "texture": "#0"},
				"west": {"uv": [3, 3, 4, 4], "texture": "#0"},
				"up": {"uv": [3, 3, 4, 4], "texture": "#0"},
				"down": {"uv": [3, 3, 4, 4], "texture": "#0"}
			}
		},
		{
			"name": "hexadecagon",
			"from": [7.40326, 14.85, 14.8],
			"to": [8.59674, 17.05, 15],
			"rotation": {"angle": 45, "axis": "z", "origin": [8, 14.05, 15.1]},
			"faces": {
				"north": {"uv": [3, 3, 4, 4], "texture": "#0"},
				"east": {"uv": [3, 3, 4, 4], "texture": "#0"},
				"south": {"uv": [3, 3, 4, 4], "texture": "#0"},
				"west": {"uv": [3, 3, 4, 4], "texture": "#0"},
				"up": {"uv": [3, 3, 4, 4], "texture": "#0"},
				"down": {"uv": [3, 3, 4, 4], "texture": "#0"}
			}
		},
		{
			"name": "hexadecagon",
			"from": [5, 13.45326, 0],
			"to": [5.2, 14.64674, 14.8],
			"rotation": {"angle": -22.5, "axis": "z", "origin": [8, 14.05, 0.3]},
			"faces": {
				"north": {"uv": [3, 3, 4, 4], "texture": "#0"},
				"east": {"uv": [3, 3, 4, 4], "texture": "#0"},
				"south": {"uv": [3, 3, 4, 4], "texture": "#0"},
				"west": {"uv": [3, 3, 4, 4], "texture": "#0"},
				"up": {"uv": [3, 3, 4, 4], "texture": "#0"},
				"down": {"uv": [3, 3, 4, 4], "texture": "#0"}
			}
		},
		{
			"name": "hexadecagon",
			"from": [5, 13.45326, 14.8],
			"to": [6.5, 14.64674, 15],
			"rotation": {"angle": -22.5, "axis": "z", "origin": [8, 14.05, 15.1]},
			"faces": {
				"north": {"uv": [3, 3, 4, 4], "texture": "#0"},
				"east": {"uv": [3, 3, 4, 4], "texture": "#0"},
				"south": {"uv": [3, 3, 4, 4], "texture": "#0"},
				"west": {"uv": [3, 3, 4, 4], "texture": "#0"},
				"up": {"uv": [3, 3, 4, 4], "texture": "#0"},
				"down": {"uv": [3, 3, 4, 4], "texture": "#0"}
			}
		},
		{
			"name": "hexadecagon",
			"from": [5, 10.95326, 0],
			"to": [5.2, 14.64674, 15],
			"rotation": {"angle": 0, "axis": "y", "origin": [8, 14.05, 0.5]},
			"faces": {
				"north": {"uv": [3, 3, 4, 4], "texture": "#0"},
				"east": {"uv": [3, 3, 4, 4], "texture": "#0"},
				"south": {"uv": [3, 3, 4, 4], "texture": "#0"},
				"west": {"uv": [3, 3, 4, 4], "texture": "#0"},
				"up": {"uv": [3, 3, 4, 4], "texture": "#0"},
				"down": {"uv": [3, 3, 4, 4], "texture": "#0"}
			}
		},
		{
			"name": "hexadecagon",
			"from": [10.8, 10.95326, 0],
			"to": [11, 14.64674, 15],
			"rotation": {"angle": 0, "axis": "y", "origin": [8, 14.05, 0.5]},
			"faces": {
				"north": {"uv": [3, 3, 4, 4], "texture": "#0"},
				"east": {"uv": [3, 3, 4, 4], "texture": "#0"},
				"south": {"uv": [3, 3, 4, 4], "texture": "#0"},
				"west": {"uv": [3, 3, 4, 4], "texture": "#0"},
				"up": {"uv": [3, 3, 4, 4], "texture": "#0"},
				"down": {"uv": [3, 3, 4, 4], "texture": "#0"}
			}
		},
		{
			"name": "hexadecagon",
			"from": [5.2, 10.95326, 14.8],
			"to": [10.8, 14.64674, 15],
			"rotation": {"angle": 0, "axis": "y", "origin": [5.7, 14.05, 17.8]},
			"faces": {
				"north": {"uv": [3, 3, 4, 4], "texture": "#0"},
				"east": {"uv": [3, 3, 4, 4], "texture": "#0"},
				"south": {"uv": [3, 3, 4, 4], "texture": "#0"},
				"west": {"uv": [3, 3, 4, 4], "texture": "#0"},
				"up": {"uv": [3, 3, 4, 4], "texture": "#0"},
				"down": {"uv": [3, 3, 4, 4], "texture": "#0"}
			}
		},
		{
			"name": "hexadecagon",
			"from": [10.8, 13.45326, 0],
			"to": [11, 14.64674, 14.8],
			"rotation": {"angle": 22.5, "axis": "z", "origin": [8, 14.05, 0.3]},
			"faces": {
				"north": {"uv": [3, 3, 4, 4], "texture": "#0"},
				"east": {"uv": [3, 3, 4, 4], "texture": "#0"},
				"south": {"uv": [3, 3, 4, 4], "texture": "#0"},
				"west": {"uv": [3, 3, 4, 4], "texture": "#0"},
				"up": {"uv": [3, 3, 4, 4], "texture": "#0"},
				"down": {"uv": [3, 3, 4, 4], "texture": "#0"}
			}
		},
		{
			"name": "hexadecagon",
			"from": [9.5, 13.45326, 14.8],
			"to": [11, 14.64674, 15],
			"rotation": {"angle": 22.5, "axis": "z", "origin": [8, 14.05, 15.1]},
			"faces": {
				"north": {"uv": [3, 3, 4, 4], "texture": "#0"},
				"east": {"uv": [3, 3, 4, 4], "texture": "#0"},
				"south": {"uv": [3, 3, 4, 4], "texture": "#0"},
				"west": {"uv": [3, 3, 4, 4], "texture": "#0"},
				"up": {"uv": [3, 3, 4, 4], "texture": "#0"},
				"down": {"uv": [3, 3, 4, 4], "texture": "#0"}
			}
		},
		{
			"from": [4.6, 13, 1.6],
			"to": [5, 14, 2.6],
			"rotation": {"angle": 0, "axis": "y", "origin": [12, 21, 9.6]},
			"faces": {
				"north": {"uv": [0, 0, 0.4, 1], "texture": "#2"},
				"east": {"uv": [0, 0, 1, 1], "texture": "#2"},
				"south": {"uv": [0, 0, 0.4, 1], "texture": "#2"},
				"west": {"uv": [0, 0, 1, 1], "texture": "#2"},
				"up": {"uv": [0, 0, 0.4, 1], "texture": "#2"},
				"down": {"uv": [0, 0, 0.4, 1], "texture": "#2"}
			}
		},
		{
			"from": [4.7, 16.275, 1.875],
			"to": [4.8, 17.275, 2.875],
			"rotation": {"angle": 0, "axis": "y", "origin": [4.8, 13.425, 2.25]},
			"faces": {
				"north": {"uv": [0, 0, 0.1, 1], "rotation": 180, "texture": "#0"},
				"east": {"uv": [0, 0, 1, 1], "rotation": 90, "texture": "#0"},
				"south": {"uv": [0, 0, 0.1, 1], "texture": "#0"},
				"west": {"uv": [0, 0, 1, 1], "rotation": 270, "texture": "#0"},
				"up": {"uv": [0, 0, 0.1, 1], "texture": "#0"},
				"down": {"uv": [0, 0, 0.1, 1], "rotation": 180, "texture": "#0"}
			}
		},
		{
			"from": [4.7, 13.875, 1.875],
			"to": [4.8, 16.275, 2.375],
			"rotation": {"angle": 0, "axis": "y", "origin": [4.8, 13.425, 2.25]},
			"faces": {
				"north": {"uv": [0, 0, 0.1, 2.4], "rotation": 180, "texture": "#0"},
				"east": {"uv": [0, 0, 2.4, 0.5], "rotation": 90, "texture": "#0"},
				"south": {"uv": [0, 0, 0.1, 2.4], "texture": "#0"},
				"west": {"uv": [0, 0, 2.4, 0.5], "rotation": 270, "texture": "#0"},
				"up": {"uv": [0, 0, 0.1, 0.5], "texture": "#0"},
				"down": {"uv": [0, 0, 0.1, 0.5], "rotation": 180, "texture": "#0"}
			}
		},
		{
			"name": "hexadecagon",
			"from": [6.00109, 11.05, 1.9],
			"to": [6.39891, 13.05, 10.7],
			"rotation": {"angle": -45, "axis": "z", "origin": [6.2, 12.05, 2.4]},
			"faces": {
				"north": {"uv": [1, 0, 2, 1], "texture": "#4"},
				"east": {"uv": [1, 0, 2, 10], "texture": "#4"},
				"south": {"uv": [1, 9, 2, 10], "texture": "#4"},
				"west": {"uv": [1, 0, 2, 10], "texture": "#4"},
				"up": {"uv": [1, 0, 2, 10], "texture": "#4"},
				"down": {"uv": [1, 0, 2, 10], "rotation": 180, "texture": "#4"}
			}
		},
		{
			"name": "hexadecagon",
			"from": [6.00109, 11.05, 1.9],
			"to": [6.39891, 13.05, 10.7],
			"rotation": {"angle": -22.5, "axis": "z", "origin": [6.2, 12.05, 2.4]},
			"faces": {
				"north": {"uv": [1, 0, 2, 1], "texture": "#4"},
				"east": {"uv": [1, 0, 2, 10], "texture": "#4"},
				"south": {"uv": [1, 9, 2, 10], "texture": "#4"},
				"west": {"uv": [1, 0, 2, 10], "texture": "#4"},
				"up": {"uv": [1, 0, 2, 10], "texture": "#4"},
				"down": {"uv": [1, 0, 2, 10], "rotation": 180, "texture": "#4"}
			}
		},
		{
			"name": "hexadecagon",
			"from": [6.00109, 11.05, 1.9],
			"to": [6.39891, 13.05, 10.7],
			"rotation": {"angle": 0, "axis": "y", "origin": [6.2, 12.05, 2.4]},
			"faces": {
				"north": {"uv": [1, 0, 2, 1], "texture": "#4"},
				"east": {"uv": [1, 0, 2, 10], "texture": "#4"},
				"south": {"uv": [1, 9, 2, 10], "texture": "#4"},
				"west": {"uv": [1, 0, 2, 10], "texture": "#4"},
				"up": {"uv": [1, 0, 2, 10], "texture": "#4"},
				"down": {"uv": [1, 0, 2, 10], "rotation": 180, "texture": "#4"}
			}
		},
		{
			"name": "hexadecagon",
			"from": [6.00109, 11.05, 1.9],
			"to": [6.39891, 13.05, 10.7],
			"rotation": {"angle": 22.5, "axis": "z", "origin": [6.2, 12.05, 2.4]},
			"faces": {
				"north": {"uv": [1, 0, 2, 1], "texture": "#4"},
				"east": {"uv": [1, 0, 2, 10], "texture": "#4"},
				"south": {"uv": [1, 9, 2, 10], "texture": "#4"},
				"west": {"uv": [1, 0, 2, 10], "texture": "#4"},
				"up": {"uv": [1, 0, 2, 10], "texture": "#4"},
				"down": {"uv": [1, 0, 2, 10], "rotation": 180, "texture": "#4"}
			}
		},
		{
			"name": "hexadecagon",
			"from": [6.00109, 11.05, 1.9],
			"to": [6.39891, 13.05, 10.7],
			"rotation": {"angle": 45, "axis": "z", "origin": [6.2, 12.05, 2.4]},
			"faces": {
				"north": {"uv": [1, 0, 2, 1], "texture": "#4"},
				"east": {"uv": [1, 0, 2, 10], "texture": "#4"},
				"south": {"uv": [1, 9, 2, 10], "texture": "#4"},
				"west": {"uv": [1, 0, 2, 10], "texture": "#4"},
				"up": {"uv": [1, 0, 2, 10], "texture": "#4"},
				"down": {"uv": [1, 0, 2, 10], "rotation": 180, "texture": "#4"}
			}
		},
		{
			"name": "hexadecagon",
			"from": [5.2, 11.85109, 1.9],
			"to": [7.2, 12.24891, 10.7],
			"rotation": {"angle": -22.5, "axis": "z", "origin": [6.2, 12.05, 2.4]},
			"faces": {
				"north": {"uv": [1, 0, 2, 1], "texture": "#4"},
				"east": {"uv": [1, 0, 2, 10], "rotation": 90, "texture": "#4"},
				"south": {"uv": [1, 9, 2, 10], "texture": "#4"},
				"west": {"uv": [1, 0, 2, 10], "rotation": 270, "texture": "#4"},
				"up": {"uv": [1, 0, 2, 10], "texture": "#4"},
				"down": {"uv": [1, 0, 2, 10], "texture": "#4"}
			}
		},
		{
			"name": "hexadecagon",
			"from": [5.2, 11.85109, 1.9],
			"to": [7.2, 12.24891, 10.7],
			"rotation": {"angle": 0, "axis": "y", "origin": [6.2, 12.05, 2.4]},
			"faces": {
				"north": {"uv": [1, 0, 2, 1], "texture": "#4"},
				"east": {"uv": [1, 0, 2, 10], "rotation": 90, "texture": "#4"},
				"south": {"uv": [1, 9, 2, 10], "texture": "#4"},
				"west": {"uv": [1, 0, 2, 10], "rotation": 270, "texture": "#4"},
				"up": {"uv": [1, 0, 2, 10], "texture": "#4"},
				"down": {"uv": [1, 0, 2, 10], "texture": "#4"}
			}
		},
		{
			"name": "hexadecagon",
			"from": [5.2, 11.85109, 1.9],
			"to": [7.2, 12.24891, 10.7],
			"rotation": {"angle": 22.5, "axis": "z", "origin": [6.2, 12.05, 2.4]},
			"faces": {
				"north": {"uv": [1, 0, 2, 1], "texture": "#4"},
				"east": {"uv": [1, 0, 2, 10], "rotation": 90, "texture": "#4"},
				"south": {"uv": [1, 9, 2, 10], "texture": "#4"},
				"west": {"uv": [1, 0, 2, 10], "rotation": 270, "texture": "#4"},
				"up": {"uv": [1, 0, 2, 10], "texture": "#4"},
				"down": {"uv": [1, 0, 2, 10], "texture": "#4"}
			}
		}
	],
	"display": {
		"thirdperson_righthand": {
			"translation": [0, 4.75, 0]
		},
		"thirdperson_lefthand": {
			"translation": [0, 4.75, 0]
		},
		"firstperson_righthand": {
			"translation": [0, 3.75, 2.25]
		},
		"firstperson_lefthand": {
			"translation": [0, 5.75, 3.75]
		},
		"gui": {
			"rotation": [0, 146, 0],
			"translation": [0, 1.25, 0],
			"scale": [0.5, 0.5, 0.5]
		},
		"head": {
			"scale": [1.4, 1.4, 1.4]
		},
		"fixed": {
			"translation": [0, 0, -9.75]
		}
	},
	"groups": [0, 1, 2, 3,
		{
			"name": "hexadecagon",
			"origin": [8, 8, 8],
			"children": [
				{
					"name": "handle",
					"origin": [8, 13.95, -0.2],
					"children": [4, 5]
				},
				{
					"name": "door",
					"origin": [8, 14.05, 0.1],
					"children": [6, 7, 8, 9, 10, 11, 12, 13]
				},
				{
					"name": "SHELL",
					"origin": [8, 14.05, 15.1],
					"children": [14, 15, 16, 17, 18, 19, 20, 21, 22, 23, 24, 25, 26, 27, 28, 29, 30, 31, 32, 33, 34, 35]
				}
			]
		}, 36, 37, 38,
		{
			"name": "hexadecagon",
			"origin": [8, 8, 8],
			"children": [39, 40, 41, 42, 43, 44, 45, 46]
		}
	]
}