{
	"__comment": "Model generated using MrCrayfish's Model Creator (https://mrcrayfish.com/tools?id=mc)",
	"textures": {
		"light_gray_concrete_powder": "block/light_gray_concrete_powder",
		"lime_concrete": "block/lime_concrete",
		"gray_concrete": "block/gray_concrete",
		"light_gray_concrete": "block/light_gray_concrete"
	},
	"elements": [
		{
			"from": [ 7.135, 0, 5 ],
			"to": [ 7.885, 3, 11 ],
			"faces": {
				"down": { "uv": [ 0, 0, 0.75, 6 ], "texture": "#light_gray_concrete" },
				"up": { "uv": [ 0, 0, 0.75, 6 ], "texture": "#light_gray_concrete" },
				"north": { "uv": [ 0, 0, 0.75, 3 ], "texture": "#light_gray_concrete" },
				"south": { "uv": [ 0, 0, 0.75, 3 ], "texture": "#light_gray_concrete" },
				"west": { "uv": [ 0, 0, 6, 3 ], "texture": "#light_gray_concrete" }
			}
		},
		{
			"from": [ 8.115, 0, 5 ],
			"to": [ 8.865, 3, 11 ],
			"faces": {
				"down": { "uv": [ 0, 0, 0.75, 6 ], "texture": "#light_gray_concrete" },
				"up": { "uv": [ 0, 0, 0.75, 6 ], "texture": "#light_gray_concrete" },
				"north": { "uv": [ 0, 0, 0.75, 3 ], "texture": "#light_gray_concrete" },
				"south": { "uv": [ 0, 0, 0.75, 3 ], "texture": "#light_gray_concrete" },
				"east": { "uv": [ 0, 0, 6, 3 ], "texture": "#light_gray_concrete" }
			}
		},
		{
			"from": [ 7.865, 0, 5 ],
			"to": [ 8.115, 3, 11 ],
			"faces": {
				"down": { "uv": [ 0, 0, 0.25, 6 ], "texture": "#gray_concrete" },
				"up": { "uv": [ 0, 0, 0.25, 6 ], "texture": "#gray_concrete" },
				"north": { "uv": [ 0, 0, 0.25, 3 ], "texture": "#gray_concrete" },
				"south": { "uv": [ 0, 0, 0.25, 3 ], "texture": "#gray_concrete" }
			}
		},
		{
			"from": [ 7.8, 3, 5.25 ],
			"to": [ 8.15, 4, 10.75 ],
			"faces": {
				"down": { "uv": [ 0, 0, 0.35, 5.5 ], "texture": "#light_gray_concrete" },
				"up": { "uv": [ 0, 0, 0.35, 5.5 ], "texture": "#light_gray_concrete" },
				"north": { "uv": [ 0, 0, 0.35, 1 ], "texture": "#light_gray_concrete" },
				"south": { "uv": [ 0, 0, 0.35, 1 ], "texture": "#light_gray_concrete" },
				"west": { "uv": [ 0, 0, 5.5, 1 ], "texture": "#light_gray_concrete" },
				"east": { "uv": [ 0, 0, 5.5, 1 ], "texture": "#light_gray_concrete" }
			}
		},
		{
			"from": [ 7.8, 4, 5.25 ],
			"to": [ 8.15, 16, 6.25 ],
			"faces": {
				"up": { "uv": [ 0, 0, 0.35, 1 ], "texture": "#light_gray_concrete" },
				"north": { "uv": [ 0, 0, 0.35, 12 ], "texture": "#light_gray_concrete" },
				"south": { "uv": [ 0, 0, 0.35, 12 ], "texture": "#light_gray_concrete" },
				"west": { "uv": [ 0, 0, 1, 12 ], "texture": "#light_gray_concrete" },
				"east": { "uv": [ 0, 0, 1, 12 ], "texture": "#light_gray_concrete" }
			}
		},
		{
			"from": [ 7.8, 4, 9.75 ],
			"to": [ 8.15, 16, 10.75 ],
			"faces": {
				"up": { "uv": [ 0, 0, 0.35, 1 ], "texture": "#light_gray_concrete" },
				"north": { "uv": [ 0, 0, 0.35, 12 ], "texture": "#light_gray_concrete" },
				"south": { "uv": [ 0, 0, 0.35, 12 ], "texture": "#light_gray_concrete" },
				"west": { "uv": [ 0, 0, 1, 12 ], "texture": "#light_gray_concrete" },
				"east": { "uv": [ 0, 0, 1, 12 ], "texture": "#light_gray_concrete" }
			}
		},
		{
			"from": [ 7.805, 15.12, 4.47 ],
			"to": [ 8.145, 16.12, 5.97 ],
			"rotation": { "origin": [ 8, 17, 5 ], "axis": "x", "angle": -45 },
			"faces": {
				"down": { "uv": [ 0, 0, 0.34, 1.5 ], "texture": "#light_gray_concrete" },
				"up": { "uv": [ 0, 0, 0.34, 1.5 ], "texture": "#light_gray_concrete" },
				"north": { "uv": [ 0, 0, 0.34, 1 ], "texture": "#light_gray_concrete" },
				"south": { "uv": [ 0, 0, 0.34, 1 ], "texture": "#light_gray_concrete" },
				"west": { "uv": [ 0, 0, 1.5, 1 ], "texture": "#light_gray_concrete" },
				"east": { "uv": [ 0, 0, 1.5, 1 ], "texture": "#light_gray_concrete" }
			}
		},
		{
			"from": [ 7.8, 15.56, 6.23 ],
			"to": [ 8.15, 16.56, 7.73 ],
			"rotation": { "origin": [ 8, 17, 5 ], "axis": "x", "angle": -22.5 },
			"faces": {
				"down": { "uv": [ 0, 0, 0.35, 1.5 ], "texture": "#light_gray_concrete" },
				"up": { "uv": [ 0, 0, 0.35, 1.5 ], "texture": "#light_gray_concrete" },
				"north": { "uv": [ 0, 0, 0.35, 1 ], "texture": "#light_gray_concrete" },
				"south": { "uv": [ 0, 0, 0.35, 1 ], "texture": "#light_gray_concrete" },
				"west": { "uv": [ 0, 0, 1.5, 1 ], "texture": "#light_gray_concrete" },
				"east": { "uv": [ 0, 0, 1.5, 1 ], "texture": "#light_gray_concrete" }
			}
		},
		{
			"from": [ 7.805, 14.35, 8.24 ],
			"to": [ 8.145, 15.85, 9.24 ],
			"rotation": { "origin": [ 8, 17, 8 ], "axis": "x", "angle": -45 },
			"faces": {
				"down": { "uv": [ 0, 0, 0.34, 1 ], "texture": "#light_gray_concrete" },
				"up": { "uv": [ 0, 0, 0.34, 1 ], "texture": "#light_gray_concrete" },
				"north": { "uv": [ 0, 0, 0.34, 1.5 ], "texture": "#light_gray_concrete" },
				"south": { "uv": [ 0, 0, 0.34, 1.5 ], "texture": "#light_gray_concrete" },
				"west": { "uv": [ 0, 0, 1, 1.5 ], "texture": "#light_gray_concrete" },
				"east": { "uv": [ 0, 0, 1, 1.5 ], "texture": "#light_gray_concrete" }
			}
		},
		{
			"from": [ 7.8, 17.85, 7.815 ],
			"to": [ 8.15, 18.85, 9.314999 ],
			"rotation": { "origin": [ 8, 17, 5 ], "axis": "x", "angle": 22.5 },
			"faces": {
				"down": { "uv": [ 0, 0, 0.35, 1.5 ], "texture": "#light_gray_concrete" },
				"up": { "uv": [ 0, 0, 0.35, 1.5 ], "texture": "#light_gray_concrete" },
				"north": { "uv": [ 0, 0, 0.35, 1 ], "texture": "#light_gray_concrete" },
				"south": { "uv": [ 0, 0, 0.35, 1 ], "texture": "#light_gray_concrete" },
				"west": { "uv": [ 0, 0, 1.5, 1 ], "texture": "#light_gray_concrete" },
				"east": { "uv": [ 0, 0, 1.5, 1 ], "texture": "#light_gray_concrete" }
			}
		},
		{
			"from": [ 7.805, 16.7, 7.69 ],
			"to": [ 8.145, 17.64, 8.309999 ],
			"faces": {
				"down": { "uv": [ 0, 0, 0.34, 0.6199999 ], "texture": "#light_gray_concrete" },
				"up": { "uv": [ 0, 0, 0.34, 0.6199999 ], "texture": "#light_gray_concrete" },
				"north": { "uv": [ 0, 0, 0.34, 0.9399996 ], "texture": "#light_gray_concrete" },
				"south": { "uv": [ 0, 0, 0.34, 0.9399996 ], "texture": "#light_gray_concrete" },
				"west": { "uv": [ 0, 0, 0.62, 0.9399996 ], "texture": "#light_gray_concrete" },
				"east": { "uv": [ 0, 0, 0.62, 0.9399996 ], "texture": "#light_gray_concrete" }
			}
		},
		{
			"from": [ 7.95, 4, 6.25 ],
			"to": [ 8.05, 17, 9.75 ],
			"faces": {
				"up": { "uv": [ 0, 0, 0.1, 3.5 ], "texture": "#light_gray_concrete_powder" },
				"north": { "uv": [ 0, 0, 0.1, 13 ], "texture": "#light_gray_concrete_powder" },
				"south": { "uv": [ 0, 0, 0.1, 13 ], "texture": "#light_gray_concrete_powder" },
				"west": { "uv": [ 6, 2, 9.5, 15 ], "texture": "#light_gray_concrete_powder" },
				"east": { "uv": [ 5, 2, 8.5, 15 ], "texture": "#light_gray_concrete_powder" }
			}
		},
		{
			"from": [ 7.7, 17, 7.5 ],
			"to": [ 8.25, 17.3, 8.5 ],
			"faces": {
				"down": { "uv": [ 0, 0, 0.55, 1 ], "texture": "#lime_concrete" },
				"up": { "uv": [ 0, 0, 0.55, 1 ], "texture": "#lime_concrete" },
				"north": { "uv": [ 0, 0, 0.55, 0.3000002 ], "texture": "#lime_concrete" },
				"south": { "uv": [ 0, 0, 0.55, 0.3000002 ], "texture": "#lime_concrete" },
				"west": { "uv": [ 6, 2, 7, 2.3 ], "texture": "#lime_concrete" },
				"east": { "uv": [ 5, 2, 6, 2.3 ], "texture": "#lime_concrete" }
			}
		}
	],
	"display": {
		"gui": {
			"rotation":  [ 30, 45, 0 ]
		},
		"head": {
			"rotation":  [ 0, 90, 0 ],
			"translation":  [ 0, -15, 0 ],
			"scale":  [ 4, 4, 4 ]
		},
		"ground": {
			"translation":  [ 0, 3, 0 ]
		}
	}
}