{
	"__comment": "Model generated using MrCrayfish's Model Creator (https://mrcrayfish.com/tools?id=mc)",
	"textures": {
		"light_blue_wool": "block/light_blue_concrete"
	},
	"elements": [
		{
			"from": [ 5, 2, 7 ],
			"to": [ 11, 7, 8 ],
			"faces": {
				"down": { "uv": [ 0, 0, 6, 1 ], "texture": "#light_blue_wool" },
				"north": { "uv": [ 0, 0, 6, 5 ], "texture": "#light_blue_wool" },
				"south": { "uv": [ 0, 0, 6, 5 ], "texture": "#light_blue_wool" },
				"west": { "uv": [ 0, 0, 1, 5 ], "texture": "#light_blue_wool" },
				"east": { "uv": [ 0, 0, 1, 5 ], "texture": "#light_blue_wool" }
			}
		},
		{
			"from": [ 5, 7, 8 ],
			"to": [ 11, 8, 13 ],
			"faces": {
				"down": { "uv": [ 0, 0, 6, 5 ], "texture": "#light_blue_wool" },
				"up": { "uv": [ 0, 0, 6, 5 ], "texture": "#light_blue_wool" },
				"north": { "uv": [ 0, 0, 6, 1 ], "texture": "#light_blue_wool" },
				"south": { "uv": [ 0, 0, 6, 1 ], "texture": "#light_blue_wool" },
				"west": { "uv": [ 0, 0, 5, 1 ], "texture": "#light_blue_wool" },
				"east": { "uv": [ 0, 0, 5, 1 ], "texture": "#light_blue_wool" }
			}
		},
		{
			"from": [ 4, 12, 1 ],
			"to": [ 12, 16, 9 ],
			"faces": {
				"down": { "uv": [ 0, 0, 8, 8 ], "texture": "#light_blue_wool" },
				"up": { "uv": [ 0, 0, 8, 8 ], "texture": "#light_blue_wool" },
				"north": { "uv": [ 0, 0, 8, 4 ], "texture": "#light_blue_wool" },
				"west": { "uv": [ 0, 0, 8, 4 ], "texture": "#light_blue_wool" },
				"east": { "uv": [ 0, 0, 8, 4 ], "texture": "#light_blue_wool" }
			}
		},
		{
			"from": [ 4, 8, 9 ],
			"to": [ 12, 16, 10 ],
			"faces": {
				"up": { "uv": [ 0, 0, 8, 1 ], "texture": "#light_blue_wool" },
				"north": { "uv": [ 0, 0, 8, 8 ], "texture": "#light_blue_wool" },
				"south": { "uv": [ 0, 0, 8, 8 ], "texture": "#light_blue_wool" },
				"west": { "uv": [ 0, 0, 1, 8 ], "texture": "#light_blue_wool" },
				"east": { "uv": [ 0, 0, 1, 8 ], "texture": "#light_blue_wool" }
			}
		},
		{
			"from": [ 4, 8, 10 ],
			"to": [ 12, 15, 11 ],
			"faces": {
				"up": { "uv": [ 0, 0, 8, 1 ], "texture": "#light_blue_wool" },
				"south": { "uv": [ 0, 0, 8, 7 ], "texture": "#light_blue_wool" },
				"west": { "uv": [ 0, 0, 1, 7 ], "texture": "#light_blue_wool" },
				"east": { "uv": [ 0, 0, 1, 7 ], "texture": "#light_blue_wool" }
			}
		},
		{
			"from": [ 4, 8, 11 ],
			"to": [ 12, 14, 12 ],
			"faces": {
				"down": { "uv": [ 0, 0, 8, 1 ], "texture": "#light_blue_wool" },
				"up": { "uv": [ 0, 0, 8, 1 ], "texture": "#light_blue_wool" },
				"south": { "uv": [ 0, 0, 8, 6 ], "texture": "#light_blue_wool" },
				"west": { "uv": [ 0, 0, 1, 6 ], "texture": "#light_blue_wool" },
				"east": { "uv": [ 0, 0, 1, 6 ], "texture": "#light_blue_wool" }
			}
		},
		{
			"from": [ 4.5, 8, 12 ],
			"to": [ 11.5, 12, 13 ],
			"faces": {
				"down": { "uv": [ 0, 0, 7, 1 ], "texture": "#light_blue_wool" },
				"up": { "uv": [ 0, 0, 7, 1 ], "texture": "#light_blue_wool" },
				"south": { "uv": [ 0, 0, 7, 4 ], "texture": "#light_blue_wool" },
				"west": { "uv": [ 0, 0, 1, 4 ], "texture": "#light_blue_wool" },
				"east": { "uv": [ 0, 0, 1, 4 ], "texture": "#light_blue_wool" }
			}
		},
		{
			"from": [ 4.5, 3, 6 ],
			"to": [ 11.5, 8, 7 ],
			"faces": {
				"down": { "uv": [ 0, 0, 7, 1 ], "texture": "#light_blue_wool" },
				"north": { "uv": [ 0, 0, 7, 5 ], "texture": "#light_blue_wool" },
				"south": { "uv": [ 0, 0, 7, 5 ], "texture": "#light_blue_wool" },
				"west": { "uv": [ 0, 0, 1, 5 ], "texture": "#light_blue_wool" },
				"east": { "uv": [ 0, 0, 1, 5 ], "texture": "#light_blue_wool" }
			}
		},
		{
			"from": [ 4, 4, 5 ],
			"to": [ 12, 9, 6 ],
			"faces": {
				"down": { "uv": [ 0, 0, 8, 1 ], "texture": "#light_blue_wool" },
				"north": { "uv": [ 0, 0, 8, 5 ], "texture": "#light_blue_wool" },
				"south": { "uv": [ 0, 0, 8, 5 ], "texture": "#light_blue_wool" },
				"west": { "uv": [ 0, 0, 1, 5 ], "texture": "#light_blue_wool" },
				"east": { "uv": [ 0, 0, 1, 5 ], "texture": "#light_blue_wool" }
			}
		},
		{
			"from": [ 4, 5, 4 ],
			"to": [ 12, 10, 5 ],
			"faces": {
				"down": { "uv": [ 0, 0, 8, 1 ], "texture": "#light_blue_wool" },
				"north": { "uv": [ 0, 0, 8, 5 ], "texture": "#light_blue_wool" },
				"south": { "uv": [ 0, 0, 8, 5 ], "texture": "#light_blue_wool" },
				"west": { "uv": [ 0, 0, 1, 5 ], "texture": "#light_blue_wool" },
				"east": { "uv": [ 0, 0, 1, 5 ], "texture": "#light_blue_wool" }
			}
		},
		{
			"from": [ 4, 7, 3 ],
			"to": [ 12, 12, 4 ],
			"faces": {
				"down": { "uv": [ 0, 0, 8, 1 ], "texture": "#light_blue_wool" },
				"north": { "uv": [ 0, 0, 8, 5 ], "texture": "#light_blue_wool" },
				"south": { "uv": [ 0, 0, 8, 5 ], "texture": "#light_blue_wool" },
				"west": { "uv": [ 0, 0, 1, 5 ], "texture": "#light_blue_wool" },
				"east": { "uv": [ 0, 0, 1, 5 ], "texture": "#light_blue_wool" }
			}
		},
		{
			"from": [ 4, 9, 2 ],
			"to": [ 12, 12, 3 ],
			"faces": {
				"down": { "uv": [ 0, 0, 8, 1 ], "texture": "#light_blue_wool" },
				"north": { "uv": [ 0, 0, 8, 3 ], "texture": "#light_blue_wool" },
				"west": { "uv": [ 0, 0, 1, 3 ], "texture": "#light_blue_wool" },
				"east": { "uv": [ 0, 0, 1, 3 ], "texture": "#light_blue_wool" }
			}
		},
		{
			"from": [ 3, 12.5, 2.5 ],
			"to": [ 13, 16.5, 8.5 ],
			"faces": {
				"down": { "uv": [ 0, 0, 10, 6 ], "texture": "#light_blue_wool" },
				"up": { "uv": [ 0, 0, 10, 6 ], "texture": "#light_blue_wool" },
				"north": { "uv": [ 0, 0, 10, 4 ], "texture": "#light_blue_wool" },
				"south": { "uv": [ 0, 0, 10, 4 ], "texture": "#light_blue_wool" },
				"west": { "uv": [ 0, 0, 6, 4 ], "texture": "#light_blue_wool" },
				"east": { "uv": [ 0, 0, 6, 4 ], "texture": "#light_blue_wool" }
			}
		},
		{
			"from": [ 3, 13.5, 8.5 ],
			"to": [ 13, 15.5, 9.5 ],
			"faces": {
				"up": { "uv": [ 0, 0, 10, 1 ], "texture": "#light_blue_wool" },
				"south": { "uv": [ 0, 0, 10, 2 ], "texture": "#light_blue_wool" },
				"west": { "uv": [ 0, 0, 1, 2 ], "texture": "#light_blue_wool" },
				"east": { "uv": [ 0, 0, 1, 2 ], "texture": "#light_blue_wool" }
			}
		},
		{
			"from": [ 4, 16, 2 ],
			"to": [ 12, 17, 9 ],
			"faces": {
				"up": { "uv": [ 0, 0, 8, 7 ], "texture": "#light_blue_wool" },
				"north": { "uv": [ 0, 0, 8, 1 ], "texture": "#light_blue_wool" },
				"south": { "uv": [ 0, 0, 8, 1 ], "texture": "#light_blue_wool" },
				"west": { "uv": [ 0, 0, 7, 1 ], "texture": "#light_blue_wool" },
				"east": { "uv": [ 0, 0, 7, 1 ], "texture": "#light_blue_wool" }
			}
		},
		{
			"from": [ 3, 9.5, 3 ],
			"to": [ 13, 13.5, 11.5 ],
			"faces": {
				"down": { "uv": [ 0, 0, 10, 8.5 ], "texture": "#light_blue_wool" },
				"up": { "uv": [ 0, 0, 10, 8.5 ], "texture": "#light_blue_wool" },
				"north": { "uv": [ 0, 0, 10, 4 ], "texture": "#light_blue_wool" },
				"south": { "uv": [ 0, 0, 10, 4 ], "texture": "#light_blue_wool" },
				"west": { "uv": [ 0, 0, 8.5, 4 ], "texture": "#light_blue_wool" },
				"east": { "uv": [ 0, 0, 8.5, 4 ], "texture": "#light_blue_wool" }
			}
		},
		{
			"from": [ 3, 13.5, 9.5 ],
			"to": [ 13, 14.5, 10.5 ],
			"faces": {
				"up": { "uv": [ 0, 0, 10, 1 ], "texture": "#light_blue_wool" },
				"south": { "uv": [ 0, 0, 10, 1 ], "texture": "#light_blue_wool" },
				"west": { "uv": [ 0, 0, 1, 1 ], "texture": "#light_blue_wool" },
				"east": { "uv": [ 0, 0, 1, 1 ], "texture": "#light_blue_wool" }
			}
		},
		{
			"from": [ 3.5, 7.5, 4 ],
			"to": [ 12.5, 9.5, 11.5 ],
			"faces": {
				"down": { "uv": [ 0, 0, 9, 7.5 ], "texture": "#light_blue_wool" },
				"north": { "uv": [ 0, 0, 9, 2 ], "texture": "#light_blue_wool" },
				"south": { "uv": [ 0, 0, 9, 2 ], "texture": "#light_blue_wool" },
				"west": { "uv": [ 0, 0, 7.5, 2 ], "texture": "#light_blue_wool" },
				"east": { "uv": [ 0, 0, 7.5, 2 ], "texture": "#light_blue_wool" }
			}
		},
		{
			"from": [ 3, 7.5, 4.5 ],
			"to": [ 13, 9.5, 10.5 ],
			"faces": {
				"down": { "uv": [ 0, 0, 10, 6 ], "texture": "#light_blue_wool" },
				"north": { "uv": [ 0, 0, 10, 2 ], "texture": "#light_blue_wool" },
				"south": { "uv": [ 0, 0, 10, 2 ], "texture": "#light_blue_wool" },
				"west": { "uv": [ 0, 0, 6, 2 ], "texture": "#light_blue_wool" },
				"east": { "uv": [ 0, 0, 6, 2 ], "texture": "#light_blue_wool" }
			}
		},
		{
			"from": [ 3.5, 6.5, 4.5 ],
			"to": [ 12.5, 7.5, 10.5 ],
			"faces": {
				"down": { "uv": [ 0, 0, 9, 6 ], "texture": "#light_blue_wool" },
				"north": { "uv": [ 0, 0, 9, 1 ], "texture": "#light_blue_wool" },
				"south": { "uv": [ 0, 0, 9, 1 ], "texture": "#light_blue_wool" },
				"west": { "uv": [ 0, 0, 6, 1 ], "texture": "#light_blue_wool" },
				"east": { "uv": [ 0, 0, 6, 1 ], "texture": "#light_blue_wool" }
			}
		},
		{
			"from": [ 3, 6.5, 5.5 ],
			"to": [ 12, 7.5, 8.5 ],
			"faces": {
				"down": { "uv": [ 0, 0, 9, 3 ], "texture": "#light_blue_wool" },
				"north": { "uv": [ 0, 0, 9, 1 ], "texture": "#light_blue_wool" },
				"south": { "uv": [ 0, 0, 9, 1 ], "texture": "#light_blue_wool" },
				"west": { "uv": [ 0, 0, 3, 1 ], "texture": "#light_blue_wool" }
			}
		}
	],
	"display": {
		"thirdperson_righthand": {
			"rotation":  [ 0, 0, 0 ],
			"translation":  [ 0, 0, 0 ],
			"scale":  [ 1, 1, 1 ]
		},
		"thirdperson_righthand": {
			"rotation":  [ 0, 0, 0 ],
			"translation":  [ 0, 0, 0 ],
			"scale":  [ 1, 1, 1 ]
		},
		"firstperson_righthand": {
			"rotation":  [ 0, 0, 0 ],
			"translation":  [ 0, 0, 0 ]
		},
		"firstperson_righthand": {
			"rotation":  [ 0, 0, 0 ],
			"translation":  [ 0, 0, 0 ]
		},
		"gui": {
			"rotation":  [ 30, 45, 0 ],
			"translation":  [ 0, -2, 0 ]
		},
		"head": {
			"rotation":  [ 0, 180, 0 ],
			"translation":  [ 0, 5, 2.5 ],
			"scale":  [ 2, 2, 2 ]
		},
		"ground": {
			"translation":  [ 0, 3, 0 ],
			"scale":  [ 1, 1, 1 ]
		},
		"fixed": {
			"rotation":  [ 0, 180, 0 ],
			"translation":  [ 0, -2, -4 ],
			"scale":  [ 1, 1, 1 ]
		}
	}
}