{
	"__comment": "Model generated using MrCrayfish's Model Creator (https://mrcrayfish.com/tools?id=mc)",
	"textures": {
		"pink_stained_glass": "block/pink_stained_glass",
		"glass": "block/glass",
		"smooth_stone": "block/smooth_stone",
		"gray_concrete": "block/gray_concrete"
	},
	"elements": [
		{
			"from": [ 2, 0, 2 ],
			"to": [ 14, 1, 14 ],
			"faces": {
				"down": { "uv": [ 0, 0, 16, 16 ], "texture": "#smooth_stone" },
				"up": { "uv": [ 0, 0, 12, 12 ], "texture": "#smooth_stone" },
				"north": { "uv": [ 1, 0, 13, 1 ], "texture": "#smooth_stone" },
				"south": { "uv": [ 0, 0, 12, 1 ], "texture": "#smooth_stone" },
				"west": { "uv": [ 0, 0, 12, 1 ], "texture": "#smooth_stone" },
				"east": { "uv": [ 0, 0, 12, 1 ], "texture": "#smooth_stone" }
			}
		},
		{
			"from": [ 1.99, 0, 10 ],
			"to": [ 14.01, 1, 14 ],
			"rotation": { "origin": [ 8, 1, 14 ], "axis": "x", "angle": 45 },
			"faces": {
				"down": { "uv": [ 0, 0, 12.02, 4 ], "texture": "#smooth_stone" },
				"up": { "uv": [ 0, 0, 16.02, 4 ], "texture": "#smooth_stone" },
				"north": { "uv": [ 0, 0, 12.02, 1 ], "texture": "#smooth_stone" },
				"south": { "uv": [ 0, 0, 12.02, 1 ], "texture": "#smooth_stone" },
				"west": { "uv": [ 10, 15, 14, 16 ], "texture": "#smooth_stone" },
				"east": { "uv": [ 9, 15, 13, 16 ], "texture": "#smooth_stone" }
			}
		},
		{
			"from": [ 2, 1, 2 ],
			"to": [ 3, 2, 12.7 ],
			"faces": {
				"up": { "uv": [ 0, 0, 1, 10.7 ], "texture": "#smooth_stone" },
				"north": { "uv": [ 0, 0, 1, 1 ], "texture": "#smooth_stone" },
				"south": { "uv": [ 0, 0, 1, 1 ], "texture": "#smooth_stone" },
				"west": { "uv": [ 0, 5, 10.7, 6 ], "texture": "#smooth_stone" },
				"east": { "uv": [ 5, 0, 15.7, 1 ], "texture": "#smooth_stone" }
			}
		},
		{
			"from": [ 13, 1, 2 ],
			"to": [ 14, 2, 12.7 ],
			"faces": {
				"up": { "uv": [ 0, 0, 1, 10.7 ], "texture": "#smooth_stone" },
				"north": { "uv": [ 0, 0, 1, 1 ], "texture": "#smooth_stone" },
				"south": { "uv": [ 0, 0, 1, 1 ], "texture": "#smooth_stone" },
				"west": { "uv": [ 5, 9, 15.7, 10 ], "texture": "#smooth_stone" },
				"east": { "uv": [ 5, 12, 15.7, 13 ], "texture": "#smooth_stone" }
			}
		},
		{
			"from": [ 13, 2, 2 ],
			"to": [ 14, 3, 11.7 ],
			"faces": {
				"up": { "uv": [ 0, 0, 1, 9.7 ], "texture": "#smooth_stone" },
				"north": { "uv": [ 0, 0, 1, 1 ], "texture": "#smooth_stone" },
				"south": { "uv": [ 0, 0, 1, 1 ], "texture": "#smooth_stone" },
				"west": { "uv": [ 0, 0, 9.7, 1 ], "texture": "#smooth_stone" },
				"east": { "uv": [ 6, 4, 15.7, 5 ], "texture": "#smooth_stone" }
			}
		},
		{
			"from": [ 2, 2, 2 ],
			"to": [ 3, 3, 11.7 ],
			"faces": {
				"up": { "uv": [ 0, 0, 1, 9.7 ], "texture": "#smooth_stone" },
				"north": { "uv": [ 0, 0, 1, 1 ], "texture": "#smooth_stone" },
				"south": { "uv": [ 0, 0, 1, 1 ], "texture": "#smooth_stone" },
				"west": { "uv": [ 0, 3, 9.7, 4 ], "texture": "#smooth_stone" },
				"east": { "uv": [ 0, 0, 9.7, 1 ], "texture": "#smooth_stone" }
			}
		},
		{
			"from": [ 2, 3, 2 ],
			"to": [ 14, 3.83, 11.17 ],
			"faces": {
				"down": { "uv": [ 0, 0, 12, 9.17 ], "texture": "#smooth_stone" },
				"up": { "uv": [ 0, 0, 16, 16.17 ], "texture": "#smooth_stone" },
				"north": { "uv": [ 0, 0, 12, 0.8299999 ], "texture": "#smooth_stone" },
				"south": { "uv": [ 0, 0, 12, 0.8299999 ], "texture": "#smooth_stone" },
				"west": { "uv": [ 0, 0, 9.17, 0.8299999 ], "texture": "#smooth_stone" },
				"east": { "uv": [ 0, 0, 9.17, 0.8299999 ], "texture": "#smooth_stone" }
			}
		},
		{
			"from": [ 3, 1, 2 ],
			"to": [ 13, 3, 3 ],
			"faces": {
				"north": { "uv": [ 2, 6, 12, 8 ], "texture": "#smooth_stone" },
				"south": { "uv": [ 3, 3, 13, 5 ], "texture": "#smooth_stone" },
				"west": { "uv": [ 0, 0, 1, 2 ], "texture": "#smooth_stone" },
				"east": { "uv": [ 0, 0, 1, 2 ], "texture": "#smooth_stone" }
			}
		},
		{
			"from": [ 5, 3.83, 3.5 ],
			"to": [ 11, 4.5, 9.5 ],
			"faces": {
				"up": { "uv": [ 0, 0, 6, 6 ], "texture": "#gray_concrete" },
				"north": { "uv": [ 0, 0, 6, 0.6700001 ], "texture": "#gray_concrete" },
				"south": { "uv": [ 0, 0, 6, 0.6700001 ], "texture": "#gray_concrete" },
				"west": { "uv": [ 0, 0, 6, 0.6700001 ], "texture": "#gray_concrete" },
				"east": { "uv": [ 0, 0, 6, 0.6700001 ], "texture": "#gray_concrete" }
			}
		},
		{
			"from": [ 6.75, 4.5, 5.5 ],
			"to": [ 9.25, 9.1, 8 ],
			"faces": {
				"north": { "uv": [ 0, 0, 16, 16 ], "texture": "#pink_stained_glass" },
				"south": { "uv": [ 0, 0, 16, 16 ], "texture": "#pink_stained_glass" },
				"west": { "uv": [ 0, 0, 16, 16 ], "texture": "#pink_stained_glass" },
				"east": { "uv": [ 0, 0, 16, 16 ], "texture": "#pink_stained_glass" }
			}
		},
		{
			"from": [ 6.7, 4.5, 5.45 ],
			"to": [ 9.3, 4.65, 8.05 ],
			"faces": {
				"up": { "uv": [ 0, 0, 2.6, 2.6 ], "texture": "#gray_concrete" },
				"north": { "uv": [ 0, 0, 2.6, 0.1499996 ], "texture": "#gray_concrete" },
				"south": { "uv": [ 0, 0, 2.6, 0.1499996 ], "texture": "#gray_concrete" },
				"west": { "uv": [ 0, 0, 2.6, 0.1499996 ], "texture": "#gray_concrete" },
				"east": { "uv": [ 0, 0, 2.6, 0.1499996 ], "texture": "#gray_concrete" }
			}
		},
		{
			"from": [ 6.6, 8.7, 5.35 ],
			"to": [ 9.4, 9.2, 8.15 ],
			"faces": {
				"down": { "uv": [ 0, 0, 2.8, 2.8 ], "texture": "#gray_concrete" },
				"up": { "uv": [ 0, 0, 2.8, 2.8 ], "texture": "#gray_concrete" },
				"north": { "uv": [ 0, 0, 2.8, 0.5 ], "texture": "#gray_concrete" },
				"south": { "uv": [ 0, 0, 2.8, 0.5 ], "texture": "#gray_concrete" },
				"west": { "uv": [ 0, 0, 2.8, 0.5 ], "texture": "#gray_concrete" },
				"east": { "uv": [ 0, 0, 2.8, 0.5 ], "texture": "#gray_concrete" }
			}
		},
		{
			"from": [ 7.6, 9.2, 5.85 ],
			"to": [ 8.4, 9.39, 7.65 ],
			"faces": {
				"up": { "uv": [ 0, 0, 0.8, 1.8 ], "texture": "#gray_concrete" },
				"north": { "uv": [ 0, 0, 0.8, 0.1899996 ], "texture": "#gray_concrete" },
				"south": { "uv": [ 0, 0, 0.8, 0.1899996 ], "texture": "#gray_concrete" },
				"west": { "uv": [ 0, 0, 1.8, 0.1899996 ], "texture": "#gray_concrete" },
				"east": { "uv": [ 0, 0, 1.8, 0.1899996 ], "texture": "#gray_concrete" }
			}
		},
		{
			"from": [ 7.1, 9.2, 6.35 ],
			"to": [ 8.9, 9.4, 7.15 ],
			"faces": {
				"up": { "uv": [ 0, 0, 1.8, 0.8000002 ], "texture": "#gray_concrete" },
				"north": { "uv": [ 0, 0, 1.8, 0.1999998 ], "texture": "#gray_concrete" },
				"south": { "uv": [ 0, 0, 1.8, 0.1999998 ], "texture": "#gray_concrete" },
				"west": { "uv": [ 0, 0, 0.8, 0.1999998 ], "texture": "#gray_concrete" },
				"east": { "uv": [ 0, 0, 0.8, 0.1999998 ], "texture": "#gray_concrete" }
			}
		},
		{
			"from": [ 5, 4.6, 3.5 ],
			"to": [ 11, 11.27, 4 ],
			"rotation": { "origin": [ 8, 4, 4 ], "axis": "x", "angle": -22.5 },
			"faces": {
				"down": { "uv": [ 0, 0, 6, 0.5 ], "texture": "#glass" },
				"up": { "uv": [ 0, 0, 6, 0.5 ], "texture": "#glass" },
				"north": { "uv": [ 0, 0, 16, 16 ], "texture": "#glass" },
				"south": { "uv": [ 0, 0, 6, 6.67 ], "texture": "#glass" },
				"west": { "uv": [ 0, 0, 0.5, 6.67 ], "texture": "#glass" },
				"east": { "uv": [ 0, 0, 0.5, 6.67 ], "texture": "#glass" }
			}
		},
		{
			"from": [ 5, 11.25, 3.5 ],
			"to": [ 11, 11.75, 9 ],
			"rotation": { "origin": [ 8, 4, 4 ], "axis": "x", "angle": -22.5 },
			"faces": {
				"down": { "uv": [ 0, 0, 6, 5.5 ], "texture": "#glass" },
				"up": { "uv": [ 0, 0, 16, 16 ], "texture": "#glass" },
				"north": { "uv": [ 4, 0, 10, 0.5 ], "texture": "#glass" },
				"south": { "uv": [ 0, 0, 6, 0.5 ], "texture": "#glass" },
				"west": { "uv": [ 0, 0, 5.5, 0.5 ], "texture": "#glass" },
				"east": { "uv": [ 0, 0, 5.5, 0.5 ], "texture": "#glass" }
			}
		},
		{
			"from": [ 5, 4.6, 4 ],
			"to": [ 5.5, 11.25, 9 ],
			"rotation": { "origin": [ 8, 4, 4 ], "axis": "x", "angle": -22.5 },
			"faces": {
				"down": { "uv": [ 0, 0, 0.5, 5 ], "texture": "#glass" },
				"up": { "uv": [ 0, 0, 0.5, 5 ], "texture": "#glass" },
				"north": { "uv": [ 0, 0, 0.5, 6.65 ], "texture": "#glass" },
				"south": { "uv": [ 0, 0, 0.5, 6.65 ], "texture": "#glass" },
				"west": { "uv": [ 2, 4, 7, 10.65 ], "texture": "#glass" },
				"east": { "uv": [ 11, 0, 16, 6.65 ], "texture": "#glass" }
			}
		},
		{
			"from": [ 10.5, 4.6, 4 ],
			"to": [ 11, 11.25, 9 ],
			"rotation": { "origin": [ 8, 4, 4 ], "axis": "x", "angle": -22.5 },
			"faces": {
				"down": { "uv": [ 0, 1, 0.5, 6 ], "texture": "#glass" },
				"up": { "uv": [ 0, 0, 0.5, 5 ], "texture": "#glass" },
				"north": { "uv": [ 9, 3, 9.5, 9.65 ], "texture": "#glass" },
				"south": { "uv": [ 0, 0, 0.5, 6.65 ], "texture": "#glass" },
				"west": { "uv": [ 0, 0, 5, 6.65 ], "texture": "#glass" },
				"east": { "uv": [ 11, 0, 16, 6.65 ], "texture": "#glass" }
			}
		}
	],
	"display": {
		"gui": {
			"rotation":  [ 30, 45, 0 ],
			"scale":  [ 0.625, 0.625, 0.625 ]
		},
		"head": {
			"rotation":  [ 0, 180, 0 ],
			"translation":  [ 0, -26, 0 ],
			"scale":  [ 2.5, 2.5, 2.5 ]
		},
		"ground": {
			"translation":  [ 0, 2, 0 ],
			"scale":  [ 0.5, 0.5, 0.5 ]
		},
		"fixed": {
			"rotation":  [ 0, 180, 0 ],
			"translation":  [ 0, 0, -6 ]
		}
	}
}