{
	"__comment": "Model generated using MrCrayfish's Model Creator (https://mrcrayfish.com/tools?id=mc)",
	"textures": {
		"white_wool": "block/white_wool",
		"white_concrete": "block/white_concrete",
		"orange_concrete": "block/black_concrete"
	},
	"elements": [
		{
			"from": [ 5, 0, 3 ],
			"to": [ 11, 5, 13 ],
			"faces": {
				"down": { "uv": [ 0, 0, 6, 10 ], "texture": "#orange_concrete" },
				"north": { "uv": [ 0, 0, 6, 5 ], "texture": "#orange_concrete" },
				"south": { "uv": [ 0, 0, 6, 5 ], "texture": "#orange_concrete" },
				"west": { "uv": [ 0, 0, 10, 5 ], "texture": "#orange_concrete" },
				"east": { "uv": [ 0, 0, 10, 5 ], "texture": "#orange_concrete" }
			}
		},
		{
			"from": [ 4.75, 4, 2.75 ],
			"to": [ 11.25, 5.5, 13.25 ],
			"faces": {
				"down": { "uv": [ 0, 0, 6.5, 10.5 ], "texture": "#orange_concrete" },
				"up": { "uv": [ 0, 0, 6.5, 10.5 ], "texture": "#orange_concrete" },
				"north": { "uv": [ 0, 0, 6.5, 1.5 ], "texture": "#orange_concrete" },
				"south": { "uv": [ 0, 0, 6.5, 1.5 ], "texture": "#orange_concrete" },
				"west": { "uv": [ 0, 0, 10.5, 1.5 ], "texture": "#orange_concrete" },
				"east": { "uv": [ 0, 0, 10.5, 1.5 ], "texture": "#orange_concrete" }
			}
		},
		{
			"from": [ 7.75, 5.5, 5.75 ],
			"to": [ 8.75, 5.7, 6.25 ],
			"faces": {
				"up": { "uv": [ 0, 0, 1, 0.5 ], "texture": "#white_concrete" },
				"north": { "uv": [ 0, 0, 1, 0.1999998 ], "texture": "#white_concrete" },
				"south": { "uv": [ 0, 0, 1, 0.1999998 ], "texture": "#white_concrete" },
				"west": { "uv": [ 0, 0, 0.5, 0.1999998 ], "texture": "#white_concrete" },
				"east": { "uv": [ 0, 0, 0.5, 0.1999998 ], "texture": "#white_concrete" }
			}
		},
		{
			"from": [ 7.25, 5.5, 6.25 ],
			"to": [ 8.25, 5.7, 6.75 ],
			"faces": {
				"up": { "uv": [ 0, 0, 1, 0.5 ], "texture": "#white_concrete" },
				"north": { "uv": [ 0, 0, 1, 0.1999998 ], "texture": "#white_concrete" },
				"south": { "uv": [ 0, 0, 1, 0.1999998 ], "texture": "#white_concrete" },
				"west": { "uv": [ 0, 0, 0.5, 0.1999998 ], "texture": "#white_concrete" },
				"east": { "uv": [ 0, 0, 0.5, 0.1999998 ], "texture": "#white_concrete" }
			}
		},
		{
			"from": [ 7.25, 5.5, 6.75 ],
			"to": [ 7.75, 5.7, 7.75 ],
			"faces": {
				"up": { "uv": [ 0, 0, 0.5, 1 ], "texture": "#white_concrete" },
				"west": { "uv": [ 0, 0, 1, 0.1999998 ], "texture": "#white_concrete" },
				"east": { "uv": [ 0, 0, 1, 0.1999998 ], "texture": "#white_concrete" }
			}
		},
		{
			"from": [ 7.25, 5.5, 7.75 ],
			"to": [ 8.25, 5.7, 8.25 ],
			"faces": {
				"up": { "uv": [ 0, 0, 1, 0.5 ], "texture": "#white_concrete" },
				"north": { "uv": [ 0, 0, 1, 0.1999998 ], "texture": "#white_concrete" },
				"south": { "uv": [ 0, 0, 1, 0.1999998 ], "texture": "#white_concrete" },
				"west": { "uv": [ 0, 0, 0.5, 0.1999998 ], "texture": "#white_concrete" },
				"east": { "uv": [ 0, 0, 0.5, 0.1999998 ], "texture": "#white_concrete" }
			}
		},
		{
			"from": [ 7.75, 5.5, 8.25 ],
			"to": [ 8.75, 5.7, 8.75 ],
			"faces": {
				"up": { "uv": [ 0, 0, 1, 0.5 ], "texture": "#white_concrete" },
				"north": { "uv": [ 0, 0, 1, 0.1999998 ], "texture": "#white_concrete" },
				"south": { "uv": [ 0, 0, 1, 0.1999998 ], "texture": "#white_concrete" },
				"west": { "uv": [ 0, 0, 0.5, 0.1999998 ], "texture": "#white_concrete" },
				"east": { "uv": [ 0, 0, 0.5, 0.1999998 ], "texture": "#white_concrete" }
			}
		},
		{
			"from": [ 8.25, 5.5, 8.75 ],
			"to": [ 9.25, 5.7, 9.25 ],
			"faces": {
				"up": { "uv": [ 0, 0, 1, 0.5 ], "texture": "#white_concrete" },
				"north": { "uv": [ 0, 0, 1, 0.1999998 ], "texture": "#white_concrete" },
				"south": { "uv": [ 0, 0, 1, 0.1999998 ], "texture": "#white_concrete" },
				"west": { "uv": [ 0, 0, 0.5, 0.1999998 ], "texture": "#white_concrete" },
				"east": { "uv": [ 0, 0, 0.5, 0.1999998 ], "texture": "#white_concrete" }
			}
		},
		{
			"from": [ 8.75, 5.5, 9.25 ],
			"to": [ 9.25, 5.7, 10.25 ],
			"faces": {
				"up": { "uv": [ 0, 0, 0.5, 1 ], "texture": "#white_concrete" },
				"south": { "uv": [ 0, 0, 0.5, 0.1999998 ], "texture": "#white_concrete" },
				"west": { "uv": [ 0, 0, 1, 0.1999998 ], "texture": "#white_concrete" },
				"east": { "uv": [ 0, 0, 1, 0.1999998 ], "texture": "#white_concrete" }
			}
		},
		{
			"from": [ 9.25, 5.5, 9.75 ],
			"to": [ 9.75, 5.7, 10.75 ],
			"faces": {
				"up": { "uv": [ 0, 0, 0.5, 1 ], "texture": "#white_concrete" },
				"north": { "uv": [ 0, 0, 0.5, 0.1999998 ], "texture": "#white_concrete" },
				"south": { "uv": [ 0, 0, 0.5, 0.1999998 ], "texture": "#white_concrete" },
				"west": { "uv": [ 0, 0, 1, 0.1999998 ], "texture": "#white_concrete" },
				"east": { "uv": [ 0, 0, 1, 0.1999998 ], "texture": "#white_concrete" }
			}
		},
		{
			"from": [ 5.2, 0.2, 2.98 ],
			"to": [ 7.2, 2.2, 3 ],
			"faces": {
				"down": { "uv": [ 0, 0, 2, 0.02000046 ], "texture": "#white_wool" },
				"up": { "uv": [ 0, 0, 2, 0.02000046 ], "texture": "#white_wool" },
				"north": { "uv": [ 0, 0, 2, 2 ], "texture": "#white_wool" },
				"west": { "uv": [ 0, 0, 0.02, 2 ], "texture": "#white_wool" },
				"east": { "uv": [ 0, 0, 0.02, 2 ], "texture": "#white_wool" }
			}
		}
	],
	"display": {
		"firstperson_righthand": {
			"rotation":  [ 30, 52, 0 ],
			"translation":  [ -0.695, 8, 2.0869 ]
		},
		"firstperson_lefthand": {
			"rotation":  [ 30, 52, 0 ],
			"translation":  [ -0.695, 8, 2.0869 ]
		},
		"gui": {
			"rotation":  [ 25, 45, 0 ],
			"translation":  [ 0, 5, 0 ]
		},
		"head": {
			"rotation":  [ 0, 180, 0 ],
			"translation":  [ 0, 23, 0 ],
			"scale":  [ 2, 2, 2 ]
		},
		"ground": {
			"translation":  [ 0, 3, 0 ],
			"scale":  [ 1, 0.8, 1 ]
		},
		"fixed": {
			"rotation":  [ 0, -90, 0 ],
			"translation":  [ 0, 5, -2 ]
		}
	}
}