{
	"__comment": "Model generated using MrCrayfish's Model Creator (https://mrcrayfish.com/tools?id=mc)",
	"textures": {
		"smooth_stone": "block/smooth_stone",
		"black_concrete": "block/black_concrete"
	},
	"elements": [
		{
			"from": [ 6, 1, 7 ],
			"to": [ 10, 8, 8 ],
			"faces": {
				"down": { "uv": [ 0, 0, 4, 1 ], "texture": "#smooth_stone" },
				"up": { "uv": [ 0, 0, 4, 1 ], "texture": "#smooth_stone" },
				"north": { "uv": [ 4, 3, 8, 10 ], "texture": "#smooth_stone" },
				"south": { "uv": [ 4, 4, 8, 11 ], "texture": "#smooth_stone" },
				"west": { "uv": [ 0, 0, 1, 7 ], "texture": "#smooth_stone" },
				"east": { "uv": [ 0, 0, 1, 7 ], "texture": "#smooth_stone" }
			}
		},
		{
			"from": [ 6.5, 8, 7 ],
			"to": [ 9.5, 8.2, 8 ],
			"faces": {
				"up": { "uv": [ 0, 0, 3, 1 ], "texture": "#smooth_stone" },
				"north": { "uv": [ 1, 1, 4, 1.2 ], "texture": "#smooth_stone" },
				"south": { "uv": [ 2, 1, 5, 1.2 ], "texture": "#smooth_stone" },
				"west": { "uv": [ 0, 0, 1, 0.1999998 ], "texture": "#smooth_stone" },
				"east": { "uv": [ 0, 0, 1, 0.1999998 ], "texture": "#smooth_stone" }
			}
		},
		{
			"from": [ 6.5, 0.8, 7 ],
			"to": [ 9.5, 0.9999999, 8 ],
			"faces": {
				"down": { "uv": [ 1, 1, 6, 1 ], "texture": "#smooth_stone" },
				"north": { "uv": [ 7, 5, 10, 5.2 ], "texture": "#smooth_stone" },
				"south": { "uv": [ 1, 2, 4, 2.2 ], "texture": "#smooth_stone" },
				"west": { "uv": [ 1, 1, 2, 1.2 ], "texture": "#smooth_stone" },
				"east": { "uv": [ 5, 2, 6, 2.2 ], "texture": "#smooth_stone" }
			}
		},
		{
			"from": [ 6.5, 1.6, 8 ],
			"to": [ 9.5, 7.6, 8.2 ],
			"faces": {
				"down": { "uv": [ 0, 0, 3, 0.1999998 ], "texture": "#black_concrete" },
				"up": { "uv": [ 0, 0, 3, 0.1999998 ], "texture": "#black_concrete" },
				"south": { "uv": [ 0, 0, 3, 6 ], "texture": "#black_concrete" },
				"west": { "uv": [ 0, 0, 0.2, 6 ], "texture": "#black_concrete" },
				"east": { "uv": [ 0, 0, 0.2, 6 ], "texture": "#black_concrete" }
			}
		},
		{
			"from": [ 7.9, 7.7, 8 ],
			"to": [ 8.1, 7.9, 8.2 ],
			"faces": {
				"down": { "uv": [ 0, 0, 0.2, 0.1999998 ], "texture": "#black_concrete" },
				"up": { "uv": [ 0, 0, 0.2, 0.1999998 ], "texture": "#black_concrete" },
				"south": { "uv": [ 0, 0, 0.2, 0.1999998 ], "texture": "#black_concrete" },
				"west": { "uv": [ 0, 0, 0.2, 0.1999998 ], "texture": "#black_concrete" },
				"east": { "uv": [ 0, 0, 0.2, 0.1999998 ], "texture": "#black_concrete" }
			}
		},
		{
			"from": [ 7.9, 1, 8 ],
			"to": [ 8.299999, 1.4, 8.2 ],
			"faces": {
				"down": { "uv": [ 0, 0, 0.4, 0.1999998 ], "texture": "#black_concrete" },
				"up": { "uv": [ 0, 0, 0.4, 0.1999998 ], "texture": "#black_concrete" },
				"south": { "uv": [ 0, 0, 0.4, 0.3999996 ], "texture": "#black_concrete" },
				"west": { "uv": [ 0, 0, 0.2, 0.3999996 ], "texture": "#black_concrete" },
				"east": { "uv": [ 0, 0, 0.2, 0.3999996 ], "texture": "#black_concrete" }
			}
		}
	],
	"display": {
		"thirdperson_righthand": {
			"translation":  [ 0, 7, 1 ],
			"scale":  [ 1, 1, 0.4 ]
		},
		"thirdperson_lefthand": {
			"translation":  [ 0, 7, 1 ],
			"scale":  [ 1, 1, 0.4 ]
		},
		"firstperson_righthand": {
			"rotation":  [ 0, 315, 0 ],
			"translation":  [ 0, 9, 0 ]
		},
		"firstperson_lefthand": {
			"rotation":  [ 0, 315, 0 ],
			"translation":  [ 0, 9, 0 ]
		},
		"gui": {
			"rotation":  [ 30, 45, 0 ],
			"translation":  [ 0, 6, 0 ],
			"scale":  [ 2, 2, 1 ]
		},
		"head": {
			"rotation":  [ 0, 180, 0 ],
			"translation":  [ 0, 5, -8 ],
			"scale":  [ 1.5, 1.5, 1 ]
		},
		"ground": {
			"translation":  [ 0, 3, 0 ],
			"scale":  [ 0.5, 0.5, 0.2 ]
		},
		"fixed": {
			"rotation":  [ 0, 180, 0 ],
			"translation":  [ 0, 8, 0 ],
			"scale":  [ 2, 2, 1 ]
		}
	}
}