{
	"__comment": "Model generated using MrCrayfish's Model Creator (https://mrcrayfish.com/tools?id=mc)",
	"textures": {
		"yellow_stained_glass": "block/yellow_stained_glass",
		"gray_concrete_powder": "block/gray_concrete_powder",
		"gray_concrete": "block/gray_concrete"
	},
	"elements": [
		{
			"from": [ 7, 0, 12 ],
			"to": [ 9, 3, 12.75 ],
			"faces": {
				"down": { "uv": [ 0, 0, 2, 0.75 ], "texture": "#gray_concrete_powder" },
				"up": { "uv": [ 0, 0, 2, 0.75 ], "texture": "#gray_concrete_powder" },
				"north": { "uv": [ 0, 0, 2, 3 ], "texture": "#gray_concrete_powder" },
				"south": { "uv": [ 0, 0, 2, 3 ], "texture": "#gray_concrete_powder" },
				"west": { "uv": [ 0, 0, 0.75, 3 ], "texture": "#gray_concrete_powder" },
				"east": { "uv": [ 0, 0, 0.75, 3 ], "texture": "#gray_concrete_powder" }
			}
		},
		{
			"from": [ 7.5, 1.5, 9 ],
			"to": [ 8.5, 2.5, 10.5 ],
			"rotation": { "origin": [ 8, 8, 8 ], "axis": "x", "angle": -22.5 },
			"faces": {
				"down": { "uv": [ 0, 0, 1, 1.5 ], "texture": "#gray_concrete_powder" },
				"up": { "uv": [ 0, 0, 1, 1.5 ], "texture": "#gray_concrete_powder" },
				"north": { "uv": [ 0, 0, 1, 1 ], "texture": "#gray_concrete_powder" },
				"south": { "uv": [ 0, 0, 1, 1 ], "texture": "#gray_concrete_powder" },
				"west": { "uv": [ 0, 0, 1.5, 1 ], "texture": "#gray_concrete_powder" },
				"east": { "uv": [ 0, 0, 1.5, 1 ], "texture": "#gray_concrete_powder" }
			}
		},
		{
			"from": [ 9, 0, 12 ],
			"to": [ 10, 2.5, 12.5 ],
			"faces": {
				"down": { "uv": [ 0, 0, 1, 0.5 ], "texture": "#gray_concrete" },
				"up": { "uv": [ 0, 0, 1, 0.5 ], "texture": "#gray_concrete" },
				"north": { "uv": [ 0, 0, 1, 2.5 ], "texture": "#gray_concrete" },
				"south": { "uv": [ 0, 0, 1, 2.5 ], "texture": "#gray_concrete" }
			}
		},
		{
			"from": [ 6, 0, 12 ],
			"to": [ 7, 2.5, 12.5 ],
			"faces": {
				"down": { "uv": [ 0, 0, 1, 0.5 ], "texture": "#gray_concrete" },
				"up": { "uv": [ 0, 0, 1, 0.5 ], "texture": "#gray_concrete" },
				"north": { "uv": [ 0, 0, 1, 2.5 ], "texture": "#gray_concrete" },
				"south": { "uv": [ 0, 0, 1, 2.5 ], "texture": "#gray_concrete" }
			}
		},
		{
			"from": [ 5, 0, 12 ],
			"to": [ 6, 3, 12.5 ],
			"faces": {
				"down": { "uv": [ 0, 0, 1, 0.5 ], "texture": "#gray_concrete" },
				"up": { "uv": [ 0, 0, 1, 0.5 ], "texture": "#gray_concrete" },
				"north": { "uv": [ 0, 0, 1, 3 ], "texture": "#gray_concrete" },
				"south": { "uv": [ 0, 0, 1, 3 ], "texture": "#gray_concrete" },
				"east": { "uv": [ 0, 0, 0.5, 3 ], "texture": "#gray_concrete" }
			}
		},
		{
			"from": [ 10, 0, 12 ],
			"to": [ 11, 3, 12.5 ],
			"faces": {
				"down": { "uv": [ 0, 0, 1, 0.5 ], "texture": "#gray_concrete" },
				"up": { "uv": [ 0, 0, 1, 0.5 ], "texture": "#gray_concrete" },
				"north": { "uv": [ 0, 0, 1, 3 ], "texture": "#gray_concrete" },
				"south": { "uv": [ 0, 0, 1, 3 ], "texture": "#gray_concrete" },
				"west": { "uv": [ 0, 0, 0.5, 3 ], "texture": "#gray_concrete" }
			}
		},
		{
			"from": [ 4, 0, 12 ],
			"to": [ 5, 3.5, 12.5 ],
			"faces": {
				"down": { "uv": [ 0, 0, 1, 0.5 ], "texture": "#gray_concrete" },
				"up": { "uv": [ 0, 0, 1, 0.5 ], "texture": "#gray_concrete" },
				"north": { "uv": [ 0, 0, 1, 3.5 ], "texture": "#gray_concrete" },
				"south": { "uv": [ 0, 0, 1, 3.5 ], "texture": "#gray_concrete" },
				"east": { "uv": [ 0, 0, 0.5, 3.5 ], "texture": "#gray_concrete" }
			}
		},
		{
			"from": [ 11, 0, 12 ],
			"to": [ 12, 3.5, 12.5 ],
			"faces": {
				"down": { "uv": [ 0, 0, 1, 0.5 ], "texture": "#gray_concrete" },
				"up": { "uv": [ 0, 0, 1, 0.5 ], "texture": "#gray_concrete" },
				"north": { "uv": [ 0, 0, 1, 3.5 ], "texture": "#gray_concrete" },
				"south": { "uv": [ 0, 0, 1, 3.5 ], "texture": "#gray_concrete" },
				"west": { "uv": [ 0, 0, 0.5, 3.5 ], "texture": "#gray_concrete" }
			}
		},
		{
			"from": [ 7, 6, 12 ],
			"to": [ 9, 8.5, 12.5 ],
			"faces": {
				"down": { "uv": [ 0, 0, 2, 0.5 ], "texture": "#gray_concrete" },
				"up": { "uv": [ 0, 0, 2, 0.5 ], "texture": "#gray_concrete" },
				"north": { "uv": [ 0, 0, 2, 2.5 ], "texture": "#gray_concrete" },
				"south": { "uv": [ 0, 0, 2, 2.5 ], "texture": "#gray_concrete" },
				"west": { "uv": [ 0, 0, 0.5, 2.5 ], "texture": "#gray_concrete" },
				"east": { "uv": [ 0, 0, 0.5, 2.5 ], "texture": "#gray_concrete" }
			}
		},
		{
			"from": [ 9, 7, 12 ],
			"to": [ 11, 8.5, 12.5 ],
			"faces": {
				"down": { "uv": [ 0, 0, 2, 0.5 ], "texture": "#gray_concrete" },
				"up": { "uv": [ 0, 0, 2, 0.5 ], "texture": "#gray_concrete" },
				"north": { "uv": [ 0, 0, 2, 1.5 ], "texture": "#gray_concrete" },
				"south": { "uv": [ 0, 0, 2, 1.5 ], "texture": "#gray_concrete" },
				"east": { "uv": [ 0, 0, 0.5, 1.5 ], "texture": "#gray_concrete" }
			}
		},
		{
			"from": [ 5, 7, 12 ],
			"to": [ 7, 8.5, 12.5 ],
			"faces": {
				"down": { "uv": [ 0, 0, 2, 0.5 ], "texture": "#gray_concrete" },
				"up": { "uv": [ 0, 0, 2, 0.5 ], "texture": "#gray_concrete" },
				"north": { "uv": [ 0, 0, 2, 1.5 ], "texture": "#gray_concrete" },
				"south": { "uv": [ 0, 0, 2, 1.5 ], "texture": "#gray_concrete" },
				"west": { "uv": [ 0, 0, 0.5, 1.5 ], "texture": "#gray_concrete" }
			}
		},
		{
			"from": [ 3.5, 0, 11.5 ],
			"to": [ 4.5, 5.5, 12.5 ],
			"faces": {
				"down": { "uv": [ 0, 0, 1, 1 ], "texture": "#gray_concrete" },
				"up": { "uv": [ 0, 0, 1, 1 ], "texture": "#gray_concrete" },
				"north": { "uv": [ 0, 0, 1, 5.5 ], "texture": "#gray_concrete" },
				"south": { "uv": [ 0, 0, 1, 5.5 ], "texture": "#gray_concrete" },
				"west": { "uv": [ 0, 0, 1, 5.5 ], "texture": "#gray_concrete" },
				"east": { "uv": [ 0, 0, 1, 5.5 ], "texture": "#gray_concrete" }
			}
		},
		{
			"from": [ 11.5, 0, 11.5 ],
			"to": [ 12.5, 5.5, 12.5 ],
			"faces": {
				"down": { "uv": [ 0, 0, 1, 1 ], "texture": "#gray_concrete" },
				"up": { "uv": [ 0, 0, 1, 1 ], "texture": "#gray_concrete" },
				"north": { "uv": [ 0, 0, 1, 5.5 ], "texture": "#gray_concrete" },
				"south": { "uv": [ 0, 0, 1, 5.5 ], "texture": "#gray_concrete" },
				"west": { "uv": [ 0, 0, 1, 5.5 ], "texture": "#gray_concrete" },
				"east": { "uv": [ 0, 0, 1, 5.5 ], "texture": "#gray_concrete" }
			}
		},
		{
			"from": [ 12, 0, 3.5 ],
			"to": [ 12.5, 8, 11.5 ],
			"faces": {
				"down": { "uv": [ 0, 0, 0.5, 8 ], "texture": "#gray_concrete" },
				"north": { "uv": [ 0, 0, 0.5, 8 ], "texture": "#gray_concrete" },
				"south": { "uv": [ 0, 0, 0.5, 8 ], "texture": "#gray_concrete" },
				"west": { "uv": [ 0, 0, 8, 8 ], "texture": "#gray_concrete" },
				"east": { "uv": [ 0, 0, 8, 8 ], "texture": "#gray_concrete" }
			}
		},
		{
			"from": [ 3.5, 0, 3.5 ],
			"to": [ 4, 8, 11.5 ],
			"faces": {
				"down": { "uv": [ 0, 0, 0.5, 8 ], "texture": "#gray_concrete" },
				"north": { "uv": [ 0, 0, 0.5, 8 ], "texture": "#gray_concrete" },
				"south": { "uv": [ 0, 0, 0.5, 8 ], "texture": "#gray_concrete" },
				"west": { "uv": [ 0, 0, 8, 8 ], "texture": "#gray_concrete" },
				"east": { "uv": [ 0, 0, 8, 8 ], "texture": "#gray_concrete" }
			}
		},
		{
			"from": [ 4, 0, 3.5 ],
			"to": [ 12, 8, 4 ],
			"faces": {
				"down": { "uv": [ 0, 0, 8, 0.5 ], "texture": "#gray_concrete" },
				"up": { "uv": [ 0, 0, 8, 0.5 ], "texture": "#gray_concrete" },
				"north": { "uv": [ 0, 0, 8, 8 ], "texture": "#gray_concrete" },
				"south": { "uv": [ 0, 0, 8, 8 ], "texture": "#gray_concrete" }
			}
		},
		{
			"from": [ 4, 6.5, 12 ],
			"to": [ 5, 8, 12.5 ],
			"faces": {
				"down": { "uv": [ 0, 0, 1, 0.5 ], "texture": "#gray_concrete" },
				"up": { "uv": [ 0, 0, 1, 0.5 ], "texture": "#gray_concrete" },
				"south": { "uv": [ 0, 0, 1, 1.5 ], "texture": "#gray_concrete" },
				"west": { "uv": [ 0, 0, 0.5, 1.5 ], "texture": "#gray_concrete" },
				"east": { "uv": [ 0, 0, 0.5, 1.5 ], "texture": "#gray_concrete" }
			}
		},
		{
			"from": [ 11, 6.5, 12 ],
			"to": [ 12, 8, 12.5 ],
			"faces": {
				"down": { "uv": [ 0, 0, 1, 0.5 ], "texture": "#gray_concrete" },
				"up": { "uv": [ 0, 0, 1, 0.5 ], "texture": "#gray_concrete" },
				"south": { "uv": [ 0, 0, 1, 1.5 ], "texture": "#gray_concrete" },
				"west": { "uv": [ 0, 0, 0.5, 1.5 ], "texture": "#gray_concrete" },
				"east": { "uv": [ 0, 0, 0.5, 1.5 ], "texture": "#gray_concrete" }
			}
		},
		{
			"from": [ 11.5, 5.5, 12 ],
			"to": [ 12.25, 6.5, 12.5 ],
			"faces": {
				"up": { "uv": [ 0, 0, 0.75, 0.5 ], "texture": "#gray_concrete" },
				"south": { "uv": [ 0, 0, 0.75, 1 ], "texture": "#gray_concrete" },
				"west": { "uv": [ 0, 0, 0.5, 1 ], "texture": "#gray_concrete" },
				"east": { "uv": [ 0, 0, 0.5, 1 ], "texture": "#gray_concrete" }
			}
		},
		{
			"from": [ 3.75, 5.5, 12 ],
			"to": [ 4.5, 6.5, 12.5 ],
			"faces": {
				"up": { "uv": [ 0, 0, 0.75, 0.5 ], "texture": "#gray_concrete" },
				"south": { "uv": [ 0, 0, 0.75, 1 ], "texture": "#gray_concrete" },
				"west": { "uv": [ 0, 0, 0.5, 1 ], "texture": "#gray_concrete" },
				"east": { "uv": [ 0, 0, 0.5, 1 ], "texture": "#gray_concrete" }
			}
		},
		{
			"from": [ 2.5, 5.5, 11.8 ],
			"to": [ 3.5, 6.5, 13 ],
			"faces": {
				"down": { "uv": [ 0, 0, 1, 1.2 ], "texture": "#gray_concrete_powder" },
				"up": { "uv": [ 0, 0, 1, 1.2 ], "texture": "#gray_concrete_powder" },
				"north": { "uv": [ 0, 0, 1, 1 ], "texture": "#gray_concrete_powder" },
				"south": { "uv": [ 0, 0, 1, 1 ], "texture": "#gray_concrete_powder" },
				"west": { "uv": [ 0, 0, 1.2, 1 ], "texture": "#gray_concrete_powder" },
				"east": { "uv": [ 0, 0, 1.2, 1 ], "texture": "#gray_concrete_powder" }
			}
		},
		{
			"from": [ 2.5, 5.5, 11 ],
			"to": [ 3.5, 6.5, 12 ],
			"rotation": { "origin": [ 3, 6, 12 ], "axis": "y", "angle": -22.5 },
			"faces": {
				"down": { "uv": [ 0, 0, 1, 1 ], "texture": "#gray_concrete_powder" },
				"up": { "uv": [ 0, 0, 1, 1 ], "texture": "#gray_concrete_powder" },
				"north": { "uv": [ 0, 0, 1, 1 ], "texture": "#gray_concrete_powder" },
				"south": { "uv": [ 0, 0, 1, 1 ], "texture": "#gray_concrete_powder" },
				"west": { "uv": [ 0, 0, 1, 1 ], "texture": "#gray_concrete_powder" },
				"east": { "uv": [ 0, 0, 1, 1 ], "texture": "#gray_concrete_powder" }
			}
		},
		{
			"from": [ 5, 8, 3.5 ],
			"to": [ 11, 8.5, 12 ],
			"faces": {
				"down": { "uv": [ 0, 0, 6, 8.5 ], "texture": "#gray_concrete" },
				"up": { "uv": [ 0, 0, 6, 8.5 ], "texture": "#gray_concrete" },
				"north": { "uv": [ 0, 0, 6, 0.5 ], "texture": "#gray_concrete" },
				"south": { "uv": [ 0, 0, 6, 0.5 ], "texture": "#gray_concrete" },
				"west": { "uv": [ 0, 0, 8.5, 0.5 ], "texture": "#gray_concrete" },
				"east": { "uv": [ 0, 0, 8.5, 0.5 ], "texture": "#gray_concrete" }
			}
		},
		{
			"from": [ 7.25, 8.5, 3.5 ],
			"to": [ 8.75, 9, 12.5 ],
			"faces": {
				"down": { "uv": [ 0, 0, 1.5, 9 ], "texture": "#gray_concrete_powder" },
				"up": { "uv": [ 0, 0, 1.5, 9 ], "texture": "#gray_concrete_powder" },
				"north": { "uv": [ 0, 0, 1.5, 0.5 ], "texture": "#gray_concrete_powder" },
				"south": { "uv": [ 0, 0, 1.5, 0.5 ], "texture": "#gray_concrete_powder" },
				"west": { "uv": [ 0, 0, 9, 0.5 ], "texture": "#gray_concrete_powder" },
				"east": { "uv": [ 0, 0, 9, 0.5 ], "texture": "#gray_concrete_powder" }
			}
		},
		{
			"from": [ 7.25, 7, 12.5 ],
			"to": [ 8.75, 8.5, 13 ],
			"faces": {
				"down": { "uv": [ 0, 0, 1.5, 0.5 ], "texture": "#gray_concrete_powder" },
				"up": { "uv": [ 0, 0, 1.5, 0.5 ], "texture": "#gray_concrete_powder" },
				"south": { "uv": [ 0, 0, 1.5, 1.5 ], "texture": "#gray_concrete_powder" },
				"west": { "uv": [ 0, 0, 0.5, 1.5 ], "texture": "#gray_concrete_powder" },
				"east": { "uv": [ 0, 0, 0.5, 1.5 ], "texture": "#gray_concrete_powder" }
			}
		},
		{
			"from": [ 7.25, 9, 5.5 ],
			"to": [ 8.75, 9.25, 10 ],
			"faces": {
				"up": { "uv": [ 0, 0, 1.5, 4.5 ], "texture": "#gray_concrete_powder" },
				"north": { "uv": [ 0, 0, 1.5, 0.25 ], "texture": "#gray_concrete_powder" },
				"south": { "uv": [ 0, 0, 1.5, 0.25 ], "texture": "#gray_concrete_powder" },
				"west": { "uv": [ 0, 0, 4.5, 0.25 ], "texture": "#gray_concrete_powder" },
				"east": { "uv": [ 0, 0, 4.5, 0.25 ], "texture": "#gray_concrete_powder" }
			}
		},
		{
			"from": [ 7.25, 8.599999, 12.15 ],
			"to": [ 8.75, 9.399999, 12.65 ],
			"rotation": { "origin": [ 8, 9, 13 ], "axis": "x", "angle": -45 },
			"faces": {
				"down": { "uv": [ 0, 0, 1.5, 0.5 ], "texture": "#gray_concrete_powder" },
				"up": { "uv": [ 0, 0, 1.5, 0.5 ], "texture": "#gray_concrete_powder" },
				"north": { "uv": [ 0, 0, 1.5, 0.8000002 ], "texture": "#gray_concrete_powder" },
				"south": { "uv": [ 0, 0, 1.5, 0.8000002 ], "texture": "#gray_concrete_powder" },
				"west": { "uv": [ 0, 0, 0.5, 0.8000002 ], "texture": "#gray_concrete_powder" },
				"east": { "uv": [ 0, 0, 0.5, 0.8000002 ], "texture": "#gray_concrete_powder" }
			}
		},
		{
			"from": [ 4.5, 2.5, 11.5 ],
			"to": [ 11.5, 7.5, 12.25 ],
			"faces": {
				"down": { "uv": [ 0, 0, 7, 0.75 ], "texture": "#yellow_stained_glass" },
				"up": { "uv": [ 0, 0, 7, 0.75 ], "texture": "#yellow_stained_glass" },
				"north": { "uv": [ 0, 0, 7, 5 ], "texture": "#yellow_stained_glass" },
				"south": { "uv": [ 0, 0, 7, 5 ], "texture": "#yellow_stained_glass" },
				"west": { "uv": [ 0, 0, 0.75, 5 ], "texture": "#yellow_stained_glass" },
				"east": { "uv": [ 0, 0, 0.75, 5 ], "texture": "#yellow_stained_glass" }
			}
		},
		{
			"from": [ 2.65, 5.65, 12.05 ],
			"to": [ 3.4, 6.4, 13.05 ],
			"faces": {
				"down": { "uv": [ 0, 0, 0.75, 1 ], "texture": "#yellow_stained_glass" },
				"up": { "uv": [ 0, 0, 0.75, 1 ], "texture": "#yellow_stained_glass" },
				"south": { "uv": [ 0, 0, 16, 16 ], "texture": "#yellow_stained_glass" },
				"west": { "uv": [ 0, 0, 1, 0.75 ], "texture": "#yellow_stained_glass" },
				"east": { "uv": [ 0, 0, 1, 0.75 ], "texture": "#yellow_stained_glass" }
			}
		},
		{
			"from": [ 11, 8, 3.5 ],
			"to": [ 12.5, 8.25, 11.5 ],
			"faces": {
				"down": { "uv": [ 0, 0, 1.5, 8 ], "texture": "#gray_concrete" },
				"up": { "uv": [ 0, 0, 1.5, 8 ], "texture": "#gray_concrete" },
				"north": { "uv": [ 0, 0, 1.5, 0.25 ], "texture": "#gray_concrete" },
				"south": { "uv": [ 0, 0, 1.5, 0.25 ], "texture": "#gray_concrete" },
				"east": { "uv": [ 0, 0, 8, 0.25 ], "texture": "#gray_concrete" }
			}
		},
		{
			"from": [ 3.5, 8, 3.5 ],
			"to": [ 5, 8.25, 11.5 ],
			"faces": {
				"down": { "uv": [ 0, 0, 1.5, 8 ], "texture": "#gray_concrete" },
				"up": { "uv": [ 0, 0, 1.5, 8 ], "texture": "#gray_concrete" },
				"north": { "uv": [ 0, 0, 1.5, 0.25 ], "texture": "#gray_concrete" },
				"south": { "uv": [ 0, 0, 1.5, 0.25 ], "texture": "#gray_concrete" },
				"west": { "uv": [ 0, 0, 8, 0.25 ], "texture": "#gray_concrete" }
			}
		},
		{
			"from": [ 3.75, 5.5, 11.5 ],
			"to": [ 5.5, 8, 12 ],
			"faces": {
				"down": { "uv": [ 0, 0, 1.75, 0.5 ], "texture": "#gray_concrete" },
				"up": { "uv": [ 0, 0, 1.75, 0.5 ], "texture": "#gray_concrete" },
				"north": { "uv": [ 0, 0, 1.75, 2.5 ], "texture": "#gray_concrete" },
				"south": { "uv": [ 0, 0, 1.75, 2.5 ], "texture": "#gray_concrete" },
				"west": { "uv": [ 0, 0, 0.5, 2.5 ], "texture": "#gray_concrete" },
				"east": { "uv": [ 0, 0, 0.5, 2.5 ], "texture": "#gray_concrete" }
			}
		},
		{
			"from": [ 10.5, 5.5, 11.5 ],
			"to": [ 12.25, 8, 12 ],
			"faces": {
				"down": { "uv": [ 0, 0, 1.75, 0.5 ], "texture": "#gray_concrete" },
				"up": { "uv": [ 0, 0, 1.75, 0.5 ], "texture": "#gray_concrete" },
				"north": { "uv": [ 0, 0, 1.75, 2.5 ], "texture": "#gray_concrete" },
				"south": { "uv": [ 0, 0, 1.75, 2.5 ], "texture": "#gray_concrete" },
				"west": { "uv": [ 0, 0, 0.5, 2.5 ], "texture": "#gray_concrete" },
				"east": { "uv": [ 0, 0, 0.5, 2.5 ], "texture": "#gray_concrete" }
			}
		},
		{
			"from": [ 7.25, 0, 3 ],
			"to": [ 8.75, 8.5, 3.5 ],
			"faces": {
				"down": { "uv": [ 0, 0, 1.5, 0.5 ], "texture": "#gray_concrete_powder" },
				"up": { "uv": [ 0, 0, 1.5, 0.5 ], "texture": "#gray_concrete_powder" },
				"north": { "uv": [ 0, 0, 1.5, 8.5 ], "texture": "#gray_concrete_powder" },
				"south": { "uv": [ 0, 0, 1.5, 8.5 ], "texture": "#gray_concrete_powder" },
				"west": { "uv": [ 0, 0, 0.5, 8.5 ], "texture": "#gray_concrete_powder" },
				"east": { "uv": [ 0, 0, 0.5, 8.5 ], "texture": "#gray_concrete_powder" }
			}
		},
		{
			"from": [ 7.25, 8.599999, 3.35 ],
			"to": [ 8.75, 9.349999, 3.85 ],
			"rotation": { "origin": [ 8, 9, 3 ], "axis": "x", "angle": 45 },
			"faces": {
				"down": { "uv": [ 0, 0, 1.5, 0.5 ], "texture": "#gray_concrete_powder" },
				"up": { "uv": [ 0, 0, 1.5, 0.5 ], "texture": "#gray_concrete_powder" },
				"north": { "uv": [ 0, 0, 1.5, 0.75 ], "texture": "#gray_concrete_powder" },
				"south": { "uv": [ 0, 0, 1.5, 0.75 ], "texture": "#gray_concrete_powder" },
				"west": { "uv": [ 0, 0, 0.5, 0.75 ], "texture": "#gray_concrete_powder" },
				"east": { "uv": [ 0, 0, 0.5, 0.75 ], "texture": "#gray_concrete_powder" }
			}
		},
		{
			"from": [ 12.5, 5.5, 3 ],
			"to": [ 13, 7, 10.5 ],
			"faces": {
				"down": { "uv": [ 0, 0, 0.5, 7.5 ], "texture": "#gray_concrete_powder" },
				"up": { "uv": [ 0, 0, 0.5, 7.5 ], "texture": "#gray_concrete_powder" },
				"north": { "uv": [ 0, 0, 0.5, 1.5 ], "texture": "#gray_concrete_powder" },
				"south": { "uv": [ 0, 0, 0.5, 1.5 ], "texture": "#gray_concrete_powder" },
				"west": { "uv": [ 0, 0, 7.5, 1.5 ], "texture": "#gray_concrete_powder" },
				"east": { "uv": [ 0, 0, 7.5, 1.5 ], "texture": "#gray_concrete_powder" }
			}
		},
		{
			"from": [ 8.5, 5.5, 3 ],
			"to": [ 12.5, 7, 3.5 ],
			"faces": {
				"down": { "uv": [ 0, 0, 4, 0.5 ], "texture": "#gray_concrete_powder" },
				"up": { "uv": [ 0, 0, 4, 0.5 ], "texture": "#gray_concrete_powder" },
				"north": { "uv": [ 0, 0, 4, 1.5 ], "texture": "#gray_concrete_powder" },
				"south": { "uv": [ 0, 0, 4, 1.5 ], "texture": "#gray_concrete_powder" }
			}
		},
		{
			"from": [ 12.25, 5.5, 10.5 ],
			"to": [ 12.75, 7, 11 ],
			"faces": {
				"down": { "uv": [ 0, 0, 0.5, 0.5 ], "texture": "#gray_concrete_powder" },
				"up": { "uv": [ 0, 0, 0.5, 0.5 ], "texture": "#gray_concrete_powder" },
				"north": { "uv": [ 0, 0, 0.5, 1.5 ], "texture": "#gray_concrete_powder" },
				"south": { "uv": [ 0, 0, 0.5, 1.5 ], "texture": "#gray_concrete_powder" },
				"east": { "uv": [ 0, 0, 0.5, 1.5 ], "texture": "#gray_concrete_powder" }
			}
		},
		{
			"from": [ 12.5, 2, 10 ],
			"to": [ 13, 4, 11.5 ],
			"faces": {
				"down": { "uv": [ 0, 0, 0.5, 1.5 ], "texture": "#gray_concrete_powder" },
				"up": { "uv": [ 0, 0, 0.5, 1.5 ], "texture": "#gray_concrete_powder" },
				"north": { "uv": [ 0, 0, 0.5, 2 ], "texture": "#gray_concrete_powder" },
				"south": { "uv": [ 0, 0, 0.5, 2 ], "texture": "#gray_concrete_powder" },
				"east": { "uv": [ 0, 0, 1.5, 2 ], "texture": "#gray_concrete_powder" }
			}
		},
		{
			"from": [ 12.5, 2.5, 9 ],
			"to": [ 13, 3.5, 10 ],
			"faces": {
				"down": { "uv": [ 0, 0, 0.5, 1 ], "texture": "#gray_concrete_powder" },
				"up": { "uv": [ 0, 0, 0.5, 1 ], "texture": "#gray_concrete_powder" },
				"north": { "uv": [ 0, 0, 0.5, 1 ], "texture": "#gray_concrete_powder" },
				"east": { "uv": [ 0, 0, 1, 1 ], "texture": "#gray_concrete_powder" }
			}
		},
		{
			"from": [ 12.75, 2.5, 10.25 ],
			"to": [ 13.25, 3.5, 11.25 ],
			"faces": {
				"down": { "uv": [ 0, 0, 0.5, 1 ], "texture": "#gray_concrete_powder" },
				"up": { "uv": [ 0, 0, 0.5, 1 ], "texture": "#gray_concrete_powder" },
				"north": { "uv": [ 0, 0, 0.5, 1 ], "texture": "#gray_concrete_powder" },
				"south": { "uv": [ 0, 0, 0.5, 1 ], "texture": "#gray_concrete_powder" },
				"east": { "uv": [ 0, 0, 1, 1 ], "texture": "#gray_concrete_powder" }
			}
		},
		{
			"from": [ 6.25, 1.25, 12.5 ],
			"to": [ 10.25, 1.75, 13 ],
			"rotation": { "origin": [ 8, 8, 8 ], "axis": "z", "angle": 22.5 },
			"faces": {
				"down": { "uv": [ 0, 0, 4, 0.5 ], "texture": "#gray_concrete_powder" },
				"up": { "uv": [ 0, 0, 4, 0.5 ], "texture": "#gray_concrete_powder" },
				"north": { "uv": [ 0, 0, 4, 0.5 ], "texture": "#gray_concrete_powder" },
				"south": { "uv": [ 0, 0, 4, 0.5 ], "texture": "#gray_concrete_powder" },
				"west": { "uv": [ 0, 0, 0.5, 0.5 ], "texture": "#gray_concrete_powder" },
				"east": { "uv": [ 0, 0, 0.5, 0.5 ], "texture": "#gray_concrete_powder" }
			}
		},
		{
			"from": [ 6, 0.5, 12.5 ],
			"to": [ 10, 1, 13 ],
			"rotation": { "origin": [ 8, 8, 8 ], "axis": "z", "angle": 22.5 },
			"faces": {
				"down": { "uv": [ 0, 0, 4, 0.5 ], "texture": "#gray_concrete_powder" },
				"up": { "uv": [ 0, 0, 4, 0.5 ], "texture": "#gray_concrete_powder" },
				"north": { "uv": [ 0, 0, 4, 0.5 ], "texture": "#gray_concrete_powder" },
				"south": { "uv": [ 0, 0, 4, 0.5 ], "texture": "#gray_concrete_powder" },
				"west": { "uv": [ 0, 0, 0.5, 0.5 ], "texture": "#gray_concrete_powder" },
				"east": { "uv": [ 0, 0, 0.5, 0.5 ], "texture": "#gray_concrete_powder" }
			}
		},
		{
			"from": [ 10, 0.5, 10.5 ],
			"to": [ 10.5, 1, 13 ],
			"rotation": { "origin": [ 8, 8, 8 ], "axis": "z", "angle": 22.5 },
			"faces": {
				"down": { "uv": [ 0, 0, 0.5, 2.5 ], "texture": "#gray_concrete_powder" },
				"up": { "uv": [ 0, 0, 0.5, 2.5 ], "texture": "#gray_concrete_powder" },
				"north": { "uv": [ 0, 0, 0.5, 0.5 ], "texture": "#gray_concrete_powder" },
				"south": { "uv": [ 0, 0, 0.5, 0.5 ], "texture": "#gray_concrete_powder" },
				"west": { "uv": [ 0, 0, 2.5, 0.5 ], "texture": "#gray_concrete_powder" },
				"east": { "uv": [ 0, 0, 2.5, 0.5 ], "texture": "#gray_concrete_powder" }
			}
		},
		{
			"from": [ 10.25, 1.25, 11 ],
			"to": [ 10.75, 1.75, 13 ],
			"rotation": { "origin": [ 8, 8, 8 ], "axis": "z", "angle": 22.5 },
			"faces": {
				"down": { "uv": [ 0, 0, 0.5, 2 ], "texture": "#gray_concrete_powder" },
				"up": { "uv": [ 0, 0, 0.5, 2 ], "texture": "#gray_concrete_powder" },
				"north": { "uv": [ 0, 0, 0.5, 0.5 ], "texture": "#gray_concrete_powder" },
				"south": { "uv": [ 0, 0, 0.5, 0.5 ], "texture": "#gray_concrete_powder" },
				"west": { "uv": [ 0, 0, 2, 0.5 ], "texture": "#gray_concrete_powder" },
				"east": { "uv": [ 0, 0, 2, 0.5 ], "texture": "#gray_concrete_powder" }
			}
		},
		{
			"from": [ 10.5, 1.5, 3 ],
			"to": [ 13, 3, 3.5 ],
			"faces": {
				"down": { "uv": [ 0, 0, 2.5, 0.5 ], "texture": "#gray_concrete_powder" },
				"up": { "uv": [ 0, 0, 2.5, 0.5 ], "texture": "#gray_concrete_powder" },
				"north": { "uv": [ 0, 0, 2.5, 1.5 ], "texture": "#gray_concrete_powder" },
				"south": { "uv": [ 0, 0, 2.5, 1.5 ], "texture": "#gray_concrete_powder" },
				"west": { "uv": [ 0, 0, 0.5, 1.5 ], "texture": "#gray_concrete_powder" },
				"east": { "uv": [ 0, 0, 0.5, 1.5 ], "texture": "#gray_concrete_powder" }
			}
		},
		{
			"from": [ 12.5, 1.5, 3.5 ],
			"to": [ 13, 3, 6 ],
			"faces": {
				"down": { "uv": [ 0, 0, 0.5, 2.5 ], "texture": "#gray_concrete_powder" },
				"up": { "uv": [ 0, 0, 0.5, 2.5 ], "texture": "#gray_concrete_powder" },
				"south": { "uv": [ 0, 0, 0.5, 1.5 ], "texture": "#gray_concrete_powder" },
				"east": { "uv": [ 0, 0, 2.5, 1.5 ], "texture": "#gray_concrete_powder" }
			}
		},
		{
			"from": [ 3, 5.5, 7.5 ],
			"to": [ 3.5, 6.5, 11 ],
			"faces": {
				"down": { "uv": [ 0, 0, 0.5, 3.5 ], "texture": "#gray_concrete_powder" },
				"up": { "uv": [ 0, 0, 0.5, 3.5 ], "texture": "#gray_concrete_powder" },
				"north": { "uv": [ 0, 0, 0.5, 1 ], "texture": "#gray_concrete_powder" },
				"south": { "uv": [ 0, 0, 0.5, 1 ], "texture": "#gray_concrete_powder" },
				"west": { "uv": [ 0, 0, 3.5, 1 ], "texture": "#gray_concrete_powder" }
			}
		},
		{
			"from": [ 3, 4.5, 6.5 ],
			"to": [ 3.5, 5.5, 10 ],
			"faces": {
				"down": { "uv": [ 0, 0, 0.5, 3.5 ], "texture": "#gray_concrete_powder" },
				"up": { "uv": [ 0, 0, 0.5, 3.5 ], "texture": "#gray_concrete_powder" },
				"north": { "uv": [ 0, 0, 0.5, 1 ], "texture": "#gray_concrete_powder" },
				"south": { "uv": [ 0, 0, 0.5, 1 ], "texture": "#gray_concrete_powder" },
				"west": { "uv": [ 0, 0, 3.5, 1 ], "texture": "#gray_concrete_powder" }
			}
		},
		{
			"from": [ 3.25, 2.5, 5.5 ],
			"to": [ 3.5, 4.5, 9 ],
			"faces": {
				"down": { "uv": [ 0, 0, 0.25, 3.5 ], "texture": "#gray_concrete_powder" },
				"up": { "uv": [ 0, 0, 0.25, 3.5 ], "texture": "#gray_concrete_powder" },
				"north": { "uv": [ 0, 0, 0.25, 2 ], "texture": "#gray_concrete_powder" },
				"south": { "uv": [ 0, 0, 0.25, 2 ], "texture": "#gray_concrete_powder" },
				"west": { "uv": [ 0, 0, 3.5, 2 ], "texture": "#gray_concrete_powder" }
			}
		}
	],
	"display": {
		"thirdperson_righthand": {
			"rotation":  [ 75, -135, 0 ],
			"translation":  [ 0, 2.5, 0 ],
			"scale":  [ 0.5, 0.5, 0.5 ]
		},
		"thirdperson_lefthand": {
			"rotation":  [ 75, -135, 0 ],
			"translation":  [ 0, 2.5, 0 ],
			"scale":  [ 0.5, 0.5, 0.5 ]
		},
		"firstperson_righthand": {
			"rotation":  [ 0, 315, 0 ],
			"translation":  [ 0, 6.6739, 0 ]
		},
		"firstperson_lefthand": {
			"rotation":  [ 0, 315, 0 ],
			"translation":  [ 0, 6.6739, 0 ]
		},
		"gui": {
			"rotation":  [ 30, 45, 0 ],
			"translation":  [ 0, 2.7826, 0 ]
		},
		"head": {
			"rotation":  [ 0, 180, 0 ],
			"translation":  [ 0, 7.3, 0 ],
			"scale":  [ 1.8, 1.8, 1.8 ]
		},
		"ground": {
			"translation":  [ 0, 3, 0 ],
			"scale":  [ 0.5, 0.5, 0.5 ]
		},
		"fixed": {
			"rotation":  [ 0, 180, 0 ],
			"translation":  [ 0, 7.6521, 0 ],
			"scale":  [ 2, 2, 2 ]
		}
	}
}