{
	"__comment": "Model generated using MrCrayfish's Model Creator (https://mrcrayfish.com/tools?id=mc)",
	"textures": {
		"white_wool": "block/white_concrete",
		"bone_block_side": "block/bone_block_side",
		"gray_concrete": "block/gray_concrete",
		"black_concrete": "block/black_concrete"
	},
	"elements": [
		{
			"from": [ 4, 0, 0 ],
			"to": [ 13, 6, 1 ],
			"faces": {
				"down": { "uv": [ 0, 0, 9, 1 ], "texture": "#black_concrete" },
				"up": { "uv": [ 0, 0, 9, 1 ], "texture": "#black_concrete" },
				"north": { "uv": [ 0, 0, 9, 6 ], "texture": "#black_concrete" },
				"south": { "uv": [ 0, 0, 9, 6 ], "texture": "#black_concrete" },
				"west": { "uv": [ 0, 0, 1, 6 ], "texture": "#black_concrete" },
				"east": { "uv": [ 0, 0, 1, 6 ], "texture": "#black_concrete" }
			}
		},
		{
			"from": [ 4.5, 0.5, 0.01 ],
			"to": [ 12.5, 5.5, 1.01 ],
			"faces": {
				"down": { "uv": [ 0, 0, 8, 1 ], "texture": "#bone_block_side" },
				"up": { "uv": [ 0, 0, 8, 1 ], "texture": "#bone_block_side" },
				"south": { "uv": [ 2, 5, 14, 7 ], "texture": "#bone_block_side" },
				"west": { "uv": [ 0, 0, 1, 5 ], "texture": "#bone_block_side" },
				"east": { "uv": [ 0, 0, 1, 5 ], "texture": "#bone_block_side" }
			}
		},
		{
			"from": [ 8.25, 2.5, 0.02 ],
			"to": [ 9, 3.25, 1.02 ],
			"faces": {
				"down": { "uv": [ 0, 0, 0.75, 1 ], "texture": "#gray_concrete" },
				"up": { "uv": [ 0, 0, 0.75, 1 ], "texture": "#gray_concrete" },
				"south": { "uv": [ 2, 5, 14, 7 ], "texture": "#gray_concrete" },
				"west": { "uv": [ 0, 0, 1, 0.75 ], "texture": "#gray_concrete" },
				"east": { "uv": [ 0, 0, 1, 0.75 ], "texture": "#gray_concrete" }
			}
		},
		{
			"from": [ 5.25, 4.25, 0.02 ],
			"to": [ 7, 4.5, 1.02 ],
			"faces": {
				"down": { "uv": [ 0, 0, 1.75, 1 ], "texture": "#white_wool" },
				"up": { "uv": [ 0, 0, 1.75, 1 ], "texture": "#white_wool" },
				"south": { "uv": [ 2, 5, 3.75, 5.25 ], "texture": "#white_wool" },
				"west": { "uv": [ 0, 0, 1, 0.25 ], "texture": "#white_wool" }
			}
		},
		{
			"from": [ 5.25, 3.25, 0.02 ],
			"to": [ 7, 3.5, 1.02 ],
			"faces": {
				"down": { "uv": [ 0, 0, 1.75, 1 ], "texture": "#white_wool" },
				"up": { "uv": [ 0, 0, 1.75, 1 ], "texture": "#white_wool" },
				"south": { "uv": [ 2, 5, 3.75, 5.25 ], "texture": "#white_wool" },
				"west": { "uv": [ 0, 0, 1, 0.25 ], "texture": "#white_wool" }
			}
		},
		{
			"from": [ 5.25, 2.25, 0.02 ],
			"to": [ 7, 2.5, 1.02 ],
			"faces": {
				"down": { "uv": [ 0, 0, 1.75, 1 ], "texture": "#white_wool" },
				"up": { "uv": [ 0, 0, 1.75, 1 ], "texture": "#white_wool" },
				"south": { "uv": [ 2, 5, 3.75, 5.25 ], "texture": "#white_wool" },
				"west": { "uv": [ 0, 0, 1, 0.25 ], "texture": "#white_wool" }
			}
		},
		{
			"from": [ 5.25, 1.25, 0.02 ],
			"to": [ 7, 1.5, 1.02 ],
			"faces": {
				"down": { "uv": [ 0, 0, 1.75, 1 ], "texture": "#white_wool" },
				"up": { "uv": [ 0, 0, 1.75, 1 ], "texture": "#white_wool" },
				"south": { "uv": [ 2, 5, 3.75, 5.25 ], "texture": "#white_wool" },
				"west": { "uv": [ 0, 0, 1, 0.25 ], "texture": "#white_wool" }
			}
		},
		{
			"from": [ 5.25, 1.75, 0.02 ],
			"to": [ 7, 2, 1.02 ],
			"faces": {
				"down": { "uv": [ 0, 0, 1.75, 1 ], "texture": "#white_wool" },
				"up": { "uv": [ 0, 0, 1.75, 1 ], "texture": "#white_wool" },
				"south": { "uv": [ 2, 5, 3.75, 5.25 ], "texture": "#white_wool" },
				"west": { "uv": [ 0, 0, 1, 0.25 ], "texture": "#white_wool" }
			}
		},
		{
			"from": [ 5.25, 3.75, 0.02 ],
			"to": [ 7, 4, 1.02 ],
			"faces": {
				"down": { "uv": [ 0, 0, 1.75, 1 ], "texture": "#white_wool" },
				"up": { "uv": [ 0, 0, 1.75, 1 ], "texture": "#white_wool" },
				"south": { "uv": [ 2, 5, 3.75, 5.25 ], "texture": "#white_wool" },
				"west": { "uv": [ 0, 0, 1, 0.25 ], "texture": "#white_wool" }
			}
		},
		{
			"from": [ 5.25, 2.75, 0.02 ],
			"to": [ 7.25, 3, 1.02 ],
			"faces": {
				"down": { "uv": [ 0, 0, 2, 1 ], "texture": "#white_wool" },
				"up": { "uv": [ 0, 0, 2, 1 ], "texture": "#white_wool" },
				"south": { "uv": [ 2, 5, 4, 5.25 ], "texture": "#white_wool" },
				"west": { "uv": [ 0, 0, 1, 0.25 ], "texture": "#white_wool" }
			}
		},
		{
			"from": [ 10, 2.75, 0.02 ],
			"to": [ 12, 3, 1.02 ],
			"faces": {
				"down": { "uv": [ 0, 0, 2, 1 ], "texture": "#white_wool" },
				"up": { "uv": [ 0, 0, 2, 1 ], "texture": "#white_wool" },
				"south": { "uv": [ 2, 5, 4, 5.25 ], "texture": "#white_wool" },
				"east": { "uv": [ 0, 0, 1, 0.25 ], "texture": "#white_wool" }
			}
		},
		{
			"from": [ 10.25, 3.75, 0.02 ],
			"to": [ 12, 4, 1.02 ],
			"faces": {
				"down": { "uv": [ 0, 0, 1.75, 1 ], "texture": "#white_wool" },
				"up": { "uv": [ 0, 0, 1.75, 1 ], "texture": "#white_wool" },
				"south": { "uv": [ 2, 5, 3.75, 5.25 ], "texture": "#white_wool" },
				"east": { "uv": [ 0, 0, 1, 0.25 ], "texture": "#white_wool" }
			}
		},
		{
			"from": [ 10.25, 1.75, 0.02 ],
			"to": [ 12, 2, 1.02 ],
			"faces": {
				"down": { "uv": [ 0, 0, 1.75, 1 ], "texture": "#white_wool" },
				"up": { "uv": [ 0, 0, 1.75, 1 ], "texture": "#white_wool" },
				"south": { "uv": [ 2, 5, 3.75, 5.25 ], "texture": "#white_wool" },
				"east": { "uv": [ 0, 0, 1, 0.25 ], "texture": "#white_wool" }
			}
		},
		{
			"from": [ 10.25, 2.25, 0.02 ],
			"to": [ 12, 2.5, 1.02 ],
			"faces": {
				"down": { "uv": [ 0, 0, 1.75, 1 ], "texture": "#white_wool" },
				"up": { "uv": [ 0, 0, 1.75, 1 ], "texture": "#white_wool" },
				"south": { "uv": [ 2, 5, 3.75, 5.25 ], "texture": "#white_wool" },
				"east": { "uv": [ 0, 0, 1, 0.25 ], "texture": "#white_wool" }
			}
		},
		{
			"from": [ 10.25, 1.25, 0.02 ],
			"to": [ 12, 1.5, 1.02 ],
			"faces": {
				"down": { "uv": [ 0, 0, 1.75, 1 ], "texture": "#white_wool" },
				"up": { "uv": [ 0, 0, 1.75, 1 ], "texture": "#white_wool" },
				"south": { "uv": [ 2, 5, 3.75, 5.25 ], "texture": "#white_wool" },
				"east": { "uv": [ 0, 0, 1, 0.25 ], "texture": "#white_wool" }
			}
		},
		{
			"from": [ 10.25, 3.25, 0.02 ],
			"to": [ 12, 3.5, 1.02 ],
			"faces": {
				"down": { "uv": [ 0, 0, 1.75, 1 ], "texture": "#white_wool" },
				"up": { "uv": [ 0, 0, 1.75, 1 ], "texture": "#white_wool" },
				"south": { "uv": [ 2, 5, 3.75, 5.25 ], "texture": "#white_wool" },
				"east": { "uv": [ 0, 0, 1, 0.25 ], "texture": "#white_wool" }
			}
		},
		{
			"from": [ 10.25, 4.25, 0.02 ],
			"to": [ 12, 4.5, 1.02 ],
			"faces": {
				"down": { "uv": [ 0, 0, 1.75, 1 ], "texture": "#white_wool" },
				"up": { "uv": [ 0, 0, 1.75, 1 ], "texture": "#white_wool" },
				"south": { "uv": [ 2, 5, 3.75, 5.25 ], "texture": "#white_wool" },
				"east": { "uv": [ 0, 0, 1, 0.25 ], "texture": "#white_wool" }
			}
		},
		{
			"from": [ 9, 2.75, 0.02 ],
			"to": [ 9.75, 3, 1.02 ],
			"faces": {
				"down": { "uv": [ 0, 0, 0.75, 1 ], "texture": "#white_wool" },
				"up": { "uv": [ 0, 0, 0.75, 1 ], "texture": "#white_wool" },
				"south": { "uv": [ 2, 5, 2.75, 5.25 ], "texture": "#white_wool" }
			}
		},
		{
			"from": [ 7.5, 2.75, 0.02 ],
			"to": [ 8.25, 3, 1.02 ],
			"faces": {
				"down": { "uv": [ 0, 0, 0.75, 1 ], "texture": "#white_wool" },
				"up": { "uv": [ 0, 0, 0.75, 1 ], "texture": "#white_wool" },
				"south": { "uv": [ 2, 5, 2.75, 5.25 ], "texture": "#white_wool" }
			}
		},
		{
			"from": [ 10, 1.25, 0.02 ],
			"to": [ 10.25, 2.5, 1.02 ],
			"faces": {
				"down": { "uv": [ 0, 0, 0.25, 1 ], "texture": "#white_wool" },
				"up": { "uv": [ 0, 0, 0.25, 1 ], "texture": "#white_wool" },
				"south": { "uv": [ 2, 5, 2.25, 6.25 ], "texture": "#white_wool" },
				"west": { "uv": [ 0, 0, 1, 1.25 ], "texture": "#white_wool" },
				"east": { "uv": [ 0, 0, 1, 1.25 ], "texture": "#white_wool" }
			}
		},
		{
			"from": [ 10, 3.25, 0.02 ],
			"to": [ 10.25, 4.5, 1.02 ],
			"faces": {
				"down": { "uv": [ 0, 0, 0.25, 1 ], "texture": "#white_wool" },
				"up": { "uv": [ 0, 0, 0.25, 1 ], "texture": "#white_wool" },
				"south": { "uv": [ 2, 5, 2.25, 6.25 ], "texture": "#white_wool" },
				"west": { "uv": [ 0, 0, 1, 1.25 ], "texture": "#white_wool" },
				"east": { "uv": [ 0, 0, 1, 1.25 ], "texture": "#white_wool" }
			}
		},
		{
			"from": [ 9.75, 2.25, 0.02 ],
			"to": [ 10, 3.5, 1.02 ],
			"faces": {
				"down": { "uv": [ 0, 0, 0.25, 1 ], "texture": "#white_wool" },
				"up": { "uv": [ 0, 0, 0.25, 1 ], "texture": "#white_wool" },
				"south": { "uv": [ 2, 5, 2.25, 6.25 ], "texture": "#white_wool" },
				"west": { "uv": [ 0, 0, 1, 1.25 ], "texture": "#white_wool" },
				"east": { "uv": [ 0, 0, 1, 1.25 ], "texture": "#white_wool" }
			}
		},
		{
			"from": [ 7.25, 2.25, 0.02 ],
			"to": [ 7.5, 3.5, 1.02 ],
			"faces": {
				"down": { "uv": [ 0, 0, 0.25, 1 ], "texture": "#white_wool" },
				"up": { "uv": [ 0, 0, 0.25, 1 ], "texture": "#white_wool" },
				"south": { "uv": [ 2, 5, 2.25, 6.25 ], "texture": "#white_wool" },
				"west": { "uv": [ 0, 0, 1, 1.25 ], "texture": "#white_wool" },
				"east": { "uv": [ 0, 0, 1, 1.25 ], "texture": "#white_wool" }
			}
		},
		{
			"from": [ 7, 1.25, 0.02 ],
			"to": [ 7.25, 2.5, 1.02 ],
			"faces": {
				"down": { "uv": [ 0, 0, 0.25, 1 ], "texture": "#white_wool" },
				"up": { "uv": [ 0, 0, 0.25, 1 ], "texture": "#white_wool" },
				"south": { "uv": [ 2, 5, 2.25, 6.25 ], "texture": "#white_wool" },
				"west": { "uv": [ 0, 0, 1, 1.25 ], "texture": "#white_wool" },
				"east": { "uv": [ 0, 0, 1, 1.25 ], "texture": "#white_wool" }
			}
		},
		{
			"from": [ 7, 3.25, 0.02 ],
			"to": [ 7.25, 4.5, 1.02 ],
			"faces": {
				"down": { "uv": [ 0, 0, 0.25, 1 ], "texture": "#gray_concrete" },
				"up": { "uv": [ 0, 0, 0.25, 1 ], "texture": "#gray_concrete" },
				"south": { "uv": [ 2, 5, 2.25, 6.25 ], "texture": "#white_wool" },
				"west": { "uv": [ 0, 0, 1, 1.25 ], "texture": "#gray_concrete" },
				"east": { "uv": [ 0, 0, 1, 1.25 ], "texture": "#gray_concrete" }
			}
		}
	],
	"display": {
		"firstperson_righthand": {
			"rotation":  [ 0, 315, 0 ],
			"translation":  [ 0, 8, 0 ],
			"scale":  [ 2, 2, 2 ]
		},
		"firstperson_lefthand": {
			"rotation":  [ 0, 315, 0 ],
			"translation":  [ 0, 8, 0 ],
			"scale":  [ 2, 2, 2 ]
		},
		"gui": {
			"rotation":  [ 30, 45, 0 ],
			"translation":  [ 7, 2, 0 ],
			"scale":  [ 1.5, 1.5, 1.5 ]
		},
		"head": {
			"rotation":  [ 0, 180, 0 ],
			"translation":  [ 0, -30, -15 ],
			"scale":  [ 2, 2, 2 ]
		},
		"ground": {
			"translation":  [ 0, 3, 0 ],
			"scale":  [ 0.5, 0.5, 0.5 ]
		},
		"fixed": {
			"rotation":  [ 0, 180, 0 ],
			"translation":  [ 2, 20, -31 ],
			"scale":  [ 4, 4, 5 ]
		}
	}
}