{
	"__comment": "Model generated using MrCrayfish's Model Creator (https://mrcrayfish.com/tools?id=mc)",
	"textures": {
		"oak_log": "block/oak_log",
		"smooth_stone": "block/smooth_stone",
		"white_concrete": "block/white_concrete",
		"pink_concrete": "block/pink_concrete"
	},
	"elements": [
		{
			"from": [ -5, 2, 5 ],
			"to": [ 21, 7, 11 ],
			"faces": {
				"down": { "uv": [ 0, 0, 16, 6 ], "texture": "#white_concrete" },
				"up": { "uv": [ 0, 0, 16, 6 ], "texture": "#white_concrete" },
				"north": { "uv": [ 0, 0, 16, 5 ], "texture": "#white_concrete" },
				"south": { "uv": [ 0, 0, 16, 5 ], "texture": "#white_concrete" },
				"west": { "uv": [ 0, 0, 6, 5 ], "texture": "#white_concrete" },
				"east": { "uv": [ 0, 0, 6, 5 ], "texture": "#white_concrete" }
			}
		},
		{
			"from": [ -4, 7, 5 ],
			"to": [ 20, 8, 11 ],
			"faces": {
				"up": { "uv": [ 0, 0, 16, 6 ], "texture": "#white_concrete" },
				"north": { "uv": [ 0, 0, 16, 1 ], "texture": "#white_concrete" },
				"south": { "uv": [ 0, 0, 16, 1 ], "texture": "#white_concrete" },
				"west": { "uv": [ 0, 0, 6, 1 ], "texture": "#white_concrete" },
				"east": { "uv": [ 0, 0, 6, 1 ], "texture": "#white_concrete" }
			}
		},
		{
			"from": [ -4, 1, 5 ],
			"to": [ 20, 2, 11 ],
			"faces": {
				"down": { "uv": [ 0, 0, 16, 6 ], "texture": "#white_concrete" },
				"north": { "uv": [ 0, 0, 16, 1 ], "texture": "#white_concrete" },
				"south": { "uv": [ 0, 0, 16, 1 ], "texture": "#white_concrete" },
				"west": { "uv": [ 0, 0, 6, 1 ], "texture": "#white_concrete" },
				"east": { "uv": [ 0, 0, 6, 1 ], "texture": "#white_concrete" }
			}
		},
		{
			"from": [ 0, 0, 5 ],
			"to": [ 16, 1, 11 ],
			"faces": {
				"north": { "uv": [ 0, 0, 16, 1 ], "texture": "#white_concrete" },
				"south": { "uv": [ 0, 0, 16, 1 ], "texture": "#white_concrete" },
				"west": { "uv": [ 0, 0, 6, 1 ], "texture": "#white_concrete" },
				"east": { "uv": [ 0, 0, 6, 1 ], "texture": "#white_concrete" }
			}
		},
		{
			"from": [ 0, 8, 5 ],
			"to": [ 16, 9, 11 ],
			"faces": {
				"north": { "uv": [ 0, 0, 16, 1 ], "texture": "#white_concrete" },
				"south": { "uv": [ 0, 0, 16, 1 ], "texture": "#white_concrete" },
				"west": { "uv": [ 0, 0, 6, 1 ], "texture": "#white_concrete" },
				"east": { "uv": [ 0, 0, 6, 1 ], "texture": "#white_concrete" }
			}
		},
		{
			"from": [ -0.5, 8.5, 4.5 ],
			"to": [ 16.5, 9.5, 11.5 ],
			"faces": {
				"down": { "uv": [ 0, 0, 16, 7 ], "texture": "#smooth_stone" },
				"up": { "uv": [ 0, 0, 16, 7 ], "texture": "#smooth_stone" },
				"north": { "uv": [ 0, 0, 16, 1 ], "texture": "#smooth_stone" },
				"south": { "uv": [ 0, 0, 16, 1 ], "texture": "#smooth_stone" },
				"west": { "uv": [ 0, 0, 7, 1 ], "texture": "#smooth_stone" },
				"east": { "uv": [ 0, 0, 7, 1 ], "texture": "#smooth_stone" }
			}
		},
		{
			"from": [ -0.5, -0.5, 4.5 ],
			"to": [ 16.5, 0.5, 11.5 ],
			"faces": {
				"down": { "uv": [ 0, 0, 16, 7 ], "texture": "#smooth_stone" },
				"up": { "uv": [ 0, 0, 16, 7 ], "texture": "#smooth_stone" },
				"north": { "uv": [ 0, 0, 16, 1 ], "texture": "#smooth_stone" },
				"south": { "uv": [ 0, 0, 16, 1 ], "texture": "#smooth_stone" },
				"west": { "uv": [ 0, 0, 7, 1 ], "texture": "#smooth_stone" },
				"east": { "uv": [ 0, 0, 7, 1 ], "texture": "#smooth_stone" }
			}
		},
		{
			"from": [ -4.5, 0.5, 4.5 ],
			"to": [ 0, 1.5, 11.5 ],
			"faces": {
				"down": { "uv": [ 0, 0, 4.5, 7 ], "texture": "#smooth_stone" },
				"up": { "uv": [ 0, 0, 4.5, 7 ], "texture": "#smooth_stone" },
				"north": { "uv": [ 0, 0, 4.5, 1 ], "texture": "#smooth_stone" },
				"south": { "uv": [ 0, 0, 4.5, 1 ], "texture": "#smooth_stone" },
				"west": { "uv": [ 0, 0, 7, 1 ], "texture": "#smooth_stone" },
				"east": { "uv": [ 0, 0, 7, 1 ], "texture": "#smooth_stone" }
			}
		},
		{
			"from": [ -4.5, 7.5, 4.5 ],
			"to": [ 0, 8.5, 11.5 ],
			"faces": {
				"down": { "uv": [ 0, 0, 4.5, 7 ], "texture": "#smooth_stone" },
				"up": { "uv": [ 0, 0, 4.5, 7 ], "texture": "#smooth_stone" },
				"north": { "uv": [ 0, 0, 4.5, 1 ], "texture": "#smooth_stone" },
				"south": { "uv": [ 0, 0, 4.5, 1 ], "texture": "#smooth_stone" },
				"west": { "uv": [ 0, 0, 7, 1 ], "texture": "#smooth_stone" },
				"east": { "uv": [ 0, 0, 7, 1 ], "texture": "#smooth_stone" }
			}
		},
		{
			"from": [ 15.5, 7.5, 4.5 ],
			"to": [ 20.5, 8.5, 11.5 ],
			"faces": {
				"down": { "uv": [ 0, 0, 5, 7 ], "texture": "#smooth_stone" },
				"up": { "uv": [ 0, 0, 5, 7 ], "texture": "#smooth_stone" },
				"north": { "uv": [ 0, 0, 5, 1 ], "texture": "#smooth_stone" },
				"south": { "uv": [ 0, 0, 5, 1 ], "texture": "#smooth_stone" },
				"west": { "uv": [ 0, 0, 7, 1 ], "texture": "#smooth_stone" },
				"east": { "uv": [ 0, 0, 7, 1 ], "texture": "#smooth_stone" }
			}
		},
		{
			"from": [ 15.5, 0.5, 4.5 ],
			"to": [ 20.5, 1.5, 11.5 ],
			"faces": {
				"down": { "uv": [ 0, 0, 5, 7 ], "texture": "#smooth_stone" },
				"up": { "uv": [ 0, 0, 5, 7 ], "texture": "#smooth_stone" },
				"north": { "uv": [ 0, 0, 5, 1 ], "texture": "#smooth_stone" },
				"south": { "uv": [ 0, 0, 5, 1 ], "texture": "#smooth_stone" },
				"west": { "uv": [ 0, 0, 7, 1 ], "texture": "#smooth_stone" },
				"east": { "uv": [ 0, 0, 7, 1 ], "texture": "#smooth_stone" }
			}
		},
		{
			"from": [ 19.5, 1.5, 4.5 ],
			"to": [ 21.5, 2.5, 11.5 ],
			"faces": {
				"down": { "uv": [ 0, 0, 2, 7 ], "texture": "#smooth_stone" },
				"up": { "uv": [ 0, 0, 2, 7 ], "texture": "#smooth_stone" },
				"north": { "uv": [ 0, 0, 2, 1 ], "texture": "#smooth_stone" },
				"south": { "uv": [ 0, 0, 2, 1 ], "texture": "#smooth_stone" },
				"west": { "uv": [ 0, 0, 7, 1 ], "texture": "#smooth_stone" },
				"east": { "uv": [ 0, 0, 7, 1 ], "texture": "#smooth_stone" }
			}
		},
		{
			"from": [ 19.5, 6.5, 4.5 ],
			"to": [ 21.5, 7.5, 11.5 ],
			"faces": {
				"down": { "uv": [ 0, 0, 2, 7 ], "texture": "#smooth_stone" },
				"up": { "uv": [ 0, 0, 2, 7 ], "texture": "#smooth_stone" },
				"north": { "uv": [ 0, 0, 2, 1 ], "texture": "#smooth_stone" },
				"south": { "uv": [ 0, 0, 2, 1 ], "texture": "#smooth_stone" },
				"west": { "uv": [ 0, 0, 7, 1 ], "texture": "#smooth_stone" },
				"east": { "uv": [ 0, 0, 7, 1 ], "texture": "#smooth_stone" }
			}
		},
		{
			"from": [ -5.5, 6.5, 4.5 ],
			"to": [ -3.5, 7.5, 11.5 ],
			"faces": {
				"down": { "uv": [ 0, 0, 2, 7 ], "texture": "#smooth_stone" },
				"up": { "uv": [ 0, 0, 2, 7 ], "texture": "#smooth_stone" },
				"north": { "uv": [ 0, 0, 2, 1 ], "texture": "#smooth_stone" },
				"south": { "uv": [ 0, 0, 2, 1 ], "texture": "#smooth_stone" },
				"west": { "uv": [ 0, 0, 7, 1 ], "texture": "#smooth_stone" },
				"east": { "uv": [ 0, 0, 7, 1 ], "texture": "#smooth_stone" }
			}
		},
		{
			"from": [ -5.5, 1.5, 4.5 ],
			"to": [ -3.5, 2.5, 11.5 ],
			"faces": {
				"down": { "uv": [ 0, 0, 2, 7 ], "texture": "#smooth_stone" },
				"up": { "uv": [ 0, 0, 2, 7 ], "texture": "#smooth_stone" },
				"north": { "uv": [ 0, 0, 2, 1 ], "texture": "#smooth_stone" },
				"south": { "uv": [ 0, 0, 2, 1 ], "texture": "#smooth_stone" },
				"west": { "uv": [ 0, 0, 7, 1 ], "texture": "#smooth_stone" },
				"east": { "uv": [ 0, 0, 7, 1 ], "texture": "#smooth_stone" }
			}
		},
		{
			"from": [ -5.5, 2.5, 4.5 ],
			"to": [ -4.5, 6.5, 11.5 ],
			"faces": {
				"north": { "uv": [ 0, 0, 1, 4 ], "texture": "#smooth_stone" },
				"south": { "uv": [ 0, 0, 1, 4 ], "texture": "#smooth_stone" },
				"west": { "uv": [ 0, 0, 7, 4 ], "texture": "#smooth_stone" },
				"east": { "uv": [ 0, 0, 7, 4 ], "texture": "#smooth_stone" }
			}
		},
		{
			"from": [ 20.5, 2.5, 4.5 ],
			"to": [ 21.5, 6.5, 11.5 ],
			"faces": {
				"north": { "uv": [ 0, 0, 1, 4 ], "texture": "#smooth_stone" },
				"south": { "uv": [ 0, 0, 1, 4 ], "texture": "#smooth_stone" },
				"west": { "uv": [ 0, 0, 7, 4 ], "texture": "#smooth_stone" },
				"east": { "uv": [ 0, 0, 7, 4 ], "texture": "#smooth_stone" }
			}
		},
		{
			"from": [ 16.5, 8.5, 10.5 ],
			"to": [ 17, 12, 11.5 ],
			"rotation": { "origin": [ 8, 8, 8 ], "axis": "z", "angle": -45 },
			"faces": {
				"down": { "uv": [ 0, 0, 0.5, 1 ], "texture": "#oak_log" },
				"up": { "uv": [ 0, 0, 0.5, 1 ], "texture": "#oak_log" },
				"north": { "uv": [ 0, 0, 0.5, 3.5 ], "texture": "#oak_log" },
				"south": { "uv": [ 0, 0, 0.5, 3.5 ], "texture": "#oak_log" },
				"west": { "uv": [ 0, 0, 1, 3.5 ], "texture": "#oak_log" },
				"east": { "uv": [ 0, 0, 1, 3.5 ], "texture": "#oak_log" }
			}
		},
		{
			"from": [ 16, 12, 10.5 ],
			"to": [ 17.5, 12.5, 12 ],
			"rotation": { "origin": [ 8, 8, 8 ], "axis": "z", "angle": -45 },
			"faces": {
				"down": { "uv": [ 0, 0, 1.5, 1.5 ], "texture": "#pink_concrete" },
				"up": { "uv": [ 0, 0, 1.5, 1.5 ], "texture": "#pink_concrete" },
				"north": { "uv": [ 0, 0, 1.5, 0.5 ], "texture": "#pink_concrete" },
				"south": { "uv": [ 0, 0, 1.5, 0.5 ], "texture": "#pink_concrete" },
				"west": { "uv": [ 0, 0, 1.5, 0.5 ], "texture": "#pink_concrete" },
				"east": { "uv": [ 0, 0, 1.5, 0.5 ], "texture": "#pink_concrete" }
			}
		},
		{
			"from": [ 15.5, 12.5, 10.5 ],
			"to": [ 16, 13, 12 ],
			"rotation": { "origin": [ 8, 8, 8 ], "axis": "z", "angle": -45 },
			"faces": {
				"down": { "uv": [ 0, 0, 0.5, 1.5 ], "texture": "#pink_concrete" },
				"up": { "uv": [ 0, 0, 0.5, 1.5 ], "texture": "#pink_concrete" },
				"north": { "uv": [ 0, 0, 0.5, 0.5 ], "texture": "#pink_concrete" },
				"south": { "uv": [ 0, 0, 0.5, 0.5 ], "texture": "#pink_concrete" },
				"west": { "uv": [ 0, 0, 1.5, 0.5 ], "texture": "#pink_concrete" },
				"east": { "uv": [ 0, 0, 1.5, 0.5 ], "texture": "#pink_concrete" }
			}
		},
		{
			"from": [ 17.5, 12.5, 10.5 ],
			"to": [ 18, 13, 12 ],
			"rotation": { "origin": [ 8, 8, 8 ], "axis": "z", "angle": -45 },
			"faces": {
				"down": { "uv": [ 0, 0, 0.5, 1.5 ], "texture": "#pink_concrete" },
				"up": { "uv": [ 0, 0, 0.5, 1.5 ], "texture": "#pink_concrete" },
				"north": { "uv": [ 0, 0, 0.5, 0.5 ], "texture": "#pink_concrete" },
				"south": { "uv": [ 0, 0, 0.5, 0.5 ], "texture": "#pink_concrete" },
				"west": { "uv": [ 0, 0, 1.5, 0.5 ], "texture": "#pink_concrete" },
				"east": { "uv": [ 0, 0, 1.5, 0.5 ], "texture": "#pink_concrete" }
			}
		},
		{
			"from": [ 16, 12.5, 12 ],
			"to": [ 17.5, 13, 12.5 ],
			"rotation": { "origin": [ 8, 8, 8 ], "axis": "z", "angle": -45 },
			"faces": {
				"down": { "uv": [ 0, 0, 1.5, 0.5 ], "texture": "#pink_concrete" },
				"up": { "uv": [ 0, 0, 1.5, 0.5 ], "texture": "#pink_concrete" },
				"north": { "uv": [ 0, 0, 1.5, 0.5 ], "texture": "#pink_concrete" },
				"south": { "uv": [ 0, 0, 1.5, 0.5 ], "texture": "#pink_concrete" },
				"west": { "uv": [ 0, 0, 0.5, 0.5 ], "texture": "#pink_concrete" },
				"east": { "uv": [ 0, 0, 0.5, 0.5 ], "texture": "#pink_concrete" }
			}
		},
		{
			"from": [ 0.5, 4.5, 10.5 ],
			"to": [ 1, 7.5, 11.5 ],
			"faces": {
				"down": { "uv": [ 0, 0, 0.5, 1 ], "texture": "#smooth_stone" },
				"up": { "uv": [ 0, 0, 0.5, 1 ], "texture": "#smooth_stone" },
				"north": { "uv": [ 0, 0, 0.5, 3 ], "texture": "#smooth_stone" },
				"south": { "uv": [ 0, 0, 0.5, 3 ], "texture": "#smooth_stone" },
				"west": { "uv": [ 0, 0, 1, 3 ], "texture": "#smooth_stone" },
				"east": { "uv": [ 0, 0, 1, 3 ], "texture": "#smooth_stone" }
			}
		},
		{
			"from": [ 1, 7, 10.5 ],
			"to": [ 2, 7.5, 11.5 ],
			"faces": {
				"down": { "uv": [ 0, 0, 1, 1 ], "texture": "#smooth_stone" },
				"up": { "uv": [ 0, 0, 1, 1 ], "texture": "#smooth_stone" },
				"south": { "uv": [ 0, 0, 1, 0.5 ], "texture": "#smooth_stone" }
			}
		},
		{
			"from": [ 1, 5.5, 10.5 ],
			"to": [ 2, 6, 11.5 ],
			"faces": {
				"down": { "uv": [ 0, 0, 1, 1 ], "texture": "#smooth_stone" },
				"up": { "uv": [ 0, 0, 1, 1 ], "texture": "#smooth_stone" },
				"south": { "uv": [ 0, 0, 1, 0.5 ], "texture": "#smooth_stone" }
			}
		},
		{
			"from": [ 2, 5.5, 10.5 ],
			"to": [ 2.5, 7.5, 11.5 ],
			"faces": {
				"down": { "uv": [ 0, 0, 0.5, 1 ], "texture": "#smooth_stone" },
				"up": { "uv": [ 0, 0, 0.5, 1 ], "texture": "#smooth_stone" },
				"north": { "uv": [ 0, 0, 0.5, 2 ], "texture": "#smooth_stone" },
				"south": { "uv": [ 0, 0, 0.5, 2 ], "texture": "#smooth_stone" },
				"west": { "uv": [ 0, 0, 1, 2 ], "texture": "#smooth_stone" },
				"east": { "uv": [ 0, 0, 1, 2 ], "texture": "#smooth_stone" }
			}
		},
		{
			"from": [ 3, 4.5, 10.5 ],
			"to": [ 3.5, 7.5, 11.5 ],
			"faces": {
				"down": { "uv": [ 0, 0, 0.5, 1 ], "texture": "#smooth_stone" },
				"up": { "uv": [ 0, 0, 0.5, 1 ], "texture": "#smooth_stone" },
				"north": { "uv": [ 0, 0, 0.5, 3 ], "texture": "#smooth_stone" },
				"south": { "uv": [ 0, 0, 0.5, 3 ], "texture": "#smooth_stone" },
				"west": { "uv": [ 0, 0, 1, 3 ], "texture": "#smooth_stone" },
				"east": { "uv": [ 0, 0, 1, 3 ], "texture": "#smooth_stone" }
			}
		},
		{
			"from": [ 4, 4.5, 10.5 ],
			"to": [ 4.5, 6.5, 11.5 ],
			"faces": {
				"down": { "uv": [ 0, 0, 0.5, 1 ], "texture": "#smooth_stone" },
				"up": { "uv": [ 0, 0, 0.5, 1 ], "texture": "#smooth_stone" },
				"south": { "uv": [ 0, 0, 0.5, 2 ], "texture": "#smooth_stone" },
				"west": { "uv": [ 0, 0, 1, 2 ], "texture": "#smooth_stone" },
				"east": { "uv": [ 0, 0, 1, 2 ], "texture": "#smooth_stone" }
			}
		},
		{
			"from": [ 5.5, 4.5, 10.5 ],
			"to": [ 6, 6.5, 11.5 ],
			"faces": {
				"down": { "uv": [ 0, 0, 0.5, 1 ], "texture": "#smooth_stone" },
				"up": { "uv": [ 0, 0, 0.5, 1 ], "texture": "#smooth_stone" },
				"south": { "uv": [ 0, 0, 0.5, 2 ], "texture": "#smooth_stone" },
				"west": { "uv": [ 0, 0, 1, 2 ], "texture": "#smooth_stone" },
				"east": { "uv": [ 0, 0, 1, 2 ], "texture": "#smooth_stone" }
			}
		},
		{
			"from": [ 4.5, 4.5, 10.5 ],
			"to": [ 5.5, 5, 11.5 ],
			"faces": {
				"down": { "uv": [ 0, 0, 1, 1 ], "texture": "#smooth_stone" },
				"up": { "uv": [ 0, 0, 1, 1 ], "texture": "#smooth_stone" },
				"south": { "uv": [ 0, 0, 1, 0.5 ], "texture": "#smooth_stone" }
			}
		},
		{
			"from": [ 6.5, 4.5, 10.5 ],
			"to": [ 7, 6, 11.5 ],
			"faces": {
				"down": { "uv": [ 0, 0, 0.5, 1 ], "texture": "#smooth_stone" },
				"up": { "uv": [ 0, 0, 0.5, 1 ], "texture": "#smooth_stone" },
				"south": { "uv": [ 0, 0, 0.5, 1.5 ], "texture": "#smooth_stone" },
				"west": { "uv": [ 0, 0, 1, 1.5 ], "texture": "#smooth_stone" },
				"east": { "uv": [ 0, 0, 1, 1.5 ], "texture": "#smooth_stone" }
			}
		},
		{
			"from": [ 7.5, 4.5, 10.5 ],
			"to": [ 8, 6, 11.5 ],
			"faces": {
				"down": { "uv": [ 0, 0, 0.5, 1 ], "texture": "#smooth_stone" },
				"south": { "uv": [ 0, 0, 0.5, 1.5 ], "texture": "#smooth_stone" },
				"west": { "uv": [ 0, 0, 1, 1.5 ], "texture": "#smooth_stone" },
				"east": { "uv": [ 0, 0, 1, 1.5 ], "texture": "#smooth_stone" }
			}
		},
		{
			"from": [ 8.5, 4.5, 10.5 ],
			"to": [ 9, 6, 11.5 ],
			"faces": {
				"down": { "uv": [ 0, 0, 0.5, 1 ], "texture": "#smooth_stone" },
				"up": { "uv": [ 0, 0, 0.5, 1 ], "texture": "#smooth_stone" },
				"south": { "uv": [ 0, 0, 0.5, 1.5 ], "texture": "#smooth_stone" },
				"west": { "uv": [ 0, 0, 1, 1.5 ], "texture": "#smooth_stone" },
				"east": { "uv": [ 0, 0, 1, 1.5 ], "texture": "#smooth_stone" }
			}
		},
		{
			"from": [ 7, 6, 10.5 ],
			"to": [ 8.5, 6.5, 11.5 ],
			"faces": {
				"down": { "uv": [ 0, 0, 1.5, 1 ], "texture": "#smooth_stone" },
				"up": { "uv": [ 0, 0, 1.5, 1 ], "texture": "#smooth_stone" },
				"south": { "uv": [ 0, 0, 1.5, 0.5 ], "texture": "#smooth_stone" },
				"west": { "uv": [ 0, 0, 1, 0.5 ], "texture": "#smooth_stone" },
				"east": { "uv": [ 0, 0, 1, 0.5 ], "texture": "#smooth_stone" }
			}
		},
		{
			"from": [ 9.5, 4.5, 10.5 ],
			"to": [ 10, 7.5, 11.5 ],
			"faces": {
				"down": { "uv": [ 0, 0, 0.5, 1 ], "texture": "#smooth_stone" },
				"up": { "uv": [ 0, 0, 0.5, 1 ], "texture": "#smooth_stone" },
				"north": { "uv": [ 0, 0, 0.5, 3 ], "texture": "#smooth_stone" },
				"south": { "uv": [ 0, 0, 0.5, 3 ], "texture": "#smooth_stone" },
				"west": { "uv": [ 0, 0, 1, 3 ], "texture": "#smooth_stone" },
				"east": { "uv": [ 0, 0, 1, 3 ], "texture": "#smooth_stone" }
			}
		},
		{
			"from": [ 10, 4.5, 10.5 ],
			"to": [ 11, 5, 11.5 ],
			"faces": {
				"down": { "uv": [ 0, 0, 1, 1 ], "texture": "#smooth_stone" },
				"up": { "uv": [ 0, 0, 1, 1 ], "texture": "#smooth_stone" },
				"south": { "uv": [ 0, 0, 1, 0.5 ], "texture": "#smooth_stone" },
				"east": { "uv": [ 0, 0, 1, 0.5 ], "texture": "#smooth_stone" }
			}
		},
		{
			"from": [ 10, 5.5, 10.5 ],
			"to": [ 11, 6, 11.5 ],
			"faces": {
				"down": { "uv": [ 0, 0, 1, 1 ], "texture": "#smooth_stone" },
				"up": { "uv": [ 0, 0, 1, 1 ], "texture": "#smooth_stone" },
				"south": { "uv": [ 0, 0, 1, 0.5 ], "texture": "#smooth_stone" },
				"east": { "uv": [ 0, 0, 1, 0.5 ], "texture": "#smooth_stone" }
			}
		},
		{
			"from": [ 10.5, 5, 10.5 ],
			"to": [ 11, 5.5, 11.5 ],
			"faces": {
				"south": { "uv": [ 0, 0, 0.5, 0.5 ], "texture": "#smooth_stone" },
				"west": { "uv": [ 0, 0, 1, 0.5 ], "texture": "#smooth_stone" },
				"east": { "uv": [ 0, 0, 1, 0.5 ], "texture": "#smooth_stone" }
			}
		},
		{
			"from": [ 11.5, 6, 10.5 ],
			"to": [ 13, 6.5, 11.5 ],
			"faces": {
				"down": { "uv": [ 0, 0, 1.5, 1 ], "texture": "#smooth_stone" },
				"up": { "uv": [ 0, 0, 1.5, 1 ], "texture": "#smooth_stone" },
				"south": { "uv": [ 0, 0, 1.5, 0.5 ], "texture": "#smooth_stone" },
				"west": { "uv": [ 0, 0, 1, 0.5 ], "texture": "#smooth_stone" },
				"east": { "uv": [ 0, 0, 1, 0.5 ], "texture": "#smooth_stone" }
			}
		},
		{
			"from": [ 11.5, 4.5, 10.5 ],
			"to": [ 12, 6, 11.5 ],
			"faces": {
				"down": { "uv": [ 0, 0, 0.5, 1 ], "texture": "#smooth_stone" },
				"south": { "uv": [ 0, 0, 0.5, 1.5 ], "texture": "#smooth_stone" },
				"west": { "uv": [ 0, 0, 1, 1.5 ], "texture": "#smooth_stone" },
				"east": { "uv": [ 0, 0, 1, 1.5 ], "texture": "#smooth_stone" }
			}
		},
		{
			"from": [ 12, 4.5, 10.5 ],
			"to": [ 13, 5, 11.5 ],
			"faces": {
				"down": { "uv": [ 0, 0, 1, 1 ], "texture": "#smooth_stone" },
				"up": { "uv": [ 0, 0, 1, 1 ], "texture": "#smooth_stone" },
				"south": { "uv": [ 0, 0, 1, 0.5 ], "texture": "#smooth_stone" },
				"east": { "uv": [ 0, 0, 1, 0.5 ], "texture": "#smooth_stone" }
			}
		},
		{
			"from": [ 12, 5.35, 10.5 ],
			"to": [ 13, 5.6, 11.5 ],
			"faces": {
				"down": { "uv": [ 0, 0, 1, 1 ], "texture": "#smooth_stone" },
				"up": { "uv": [ 0, 0, 1, 1 ], "texture": "#smooth_stone" },
				"south": { "uv": [ 0, 0, 1, 0.25 ], "texture": "#smooth_stone" },
				"east": { "uv": [ 0, 0, 1, 0.25 ], "texture": "#smooth_stone" }
			}
		},
		{
			"from": [ 12.75, 5.6, 10.5 ],
			"to": [ 13, 6, 11.5 ],
			"faces": {
				"south": { "uv": [ 0, 0, 0.25, 0.3999996 ], "texture": "#smooth_stone" },
				"west": { "uv": [ 0, 0, 1, 0.3999996 ], "texture": "#smooth_stone" },
				"east": { "uv": [ 0, 0, 1, 0.3999996 ], "texture": "#smooth_stone" }
			}
		},
		{
			"from": [ 13.5, 4.5, 10.5 ],
			"to": [ 14, 6, 11.5 ],
			"faces": {
				"down": { "uv": [ 0, 0, 0.5, 1 ], "texture": "#smooth_stone" },
				"up": { "uv": [ 0, 0, 0.5, 1 ], "texture": "#smooth_stone" },
				"south": { "uv": [ 0, 0, 0.5, 1.5 ], "texture": "#smooth_stone" },
				"west": { "uv": [ 0, 0, 1, 1.5 ], "texture": "#smooth_stone" },
				"east": { "uv": [ 0, 0, 1, 1.5 ], "texture": "#smooth_stone" }
			}
		},
		{
			"from": [ 14, 5.75, 10.5 ],
			"to": [ 14.75, 6.25, 11.5 ],
			"faces": {
				"down": { "uv": [ 0, 0, 0.75, 1 ], "texture": "#smooth_stone" },
				"up": { "uv": [ 0, 0, 0.75, 1 ], "texture": "#smooth_stone" },
				"south": { "uv": [ 0, 0, 0.75, 0.5 ], "texture": "#smooth_stone" },
				"west": { "uv": [ 0, 0, 1, 0.5 ], "texture": "#smooth_stone" },
				"east": { "uv": [ 0, 0, 1, 0.5 ], "texture": "#smooth_stone" }
			}
		},
		{
			"from": [ 15, 5.75, 10.5 ],
			"to": [ 16, 6.25, 11.5 ],
			"faces": {
				"down": { "uv": [ 0, 0, 1, 1 ], "texture": "#smooth_stone" },
				"up": { "uv": [ 0, 0, 1, 1 ], "texture": "#smooth_stone" },
				"south": { "uv": [ 0, 0, 1, 0.5 ], "texture": "#smooth_stone" },
				"west": { "uv": [ 0, 0, 1, 0.5 ], "texture": "#smooth_stone" },
				"east": { "uv": [ 0, 0, 1, 0.5 ], "texture": "#smooth_stone" }
			}
		},
		{
			"from": [ 15, 4.5, 10.5 ],
			"to": [ 16, 5, 11.5 ],
			"faces": {
				"down": { "uv": [ 0, 0, 1, 1 ], "texture": "#smooth_stone" },
				"up": { "uv": [ 0, 0, 1, 1 ], "texture": "#smooth_stone" },
				"south": { "uv": [ 0, 0, 1, 0.5 ], "texture": "#smooth_stone" },
				"west": { "uv": [ 0, 0, 1, 0.5 ], "texture": "#smooth_stone" },
				"east": { "uv": [ 0, 0, 1, 0.5 ], "texture": "#smooth_stone" }
			}
		},
		{
			"from": [ 15, 5.25, 10.5 ],
			"to": [ 16, 5.5, 11.5 ],
			"faces": {
				"down": { "uv": [ 0, 0, 1, 1 ], "texture": "#smooth_stone" },
				"up": { "uv": [ 0, 0, 1, 1 ], "texture": "#smooth_stone" },
				"south": { "uv": [ 0, 0, 1, 0.25 ], "texture": "#smooth_stone" },
				"west": { "uv": [ 0, 0, 1, 0.25 ], "texture": "#smooth_stone" },
				"east": { "uv": [ 0, 0, 1, 0.25 ], "texture": "#smooth_stone" }
			}
		},
		{
			"from": [ 15, 5.5, 10.5 ],
			"to": [ 15.25, 5.75, 11.5 ],
			"faces": {
				"south": { "uv": [ 0, 0, 0.25, 0.25 ], "texture": "#smooth_stone" },
				"west": { "uv": [ 0, 0, 1, 0.25 ], "texture": "#smooth_stone" },
				"east": { "uv": [ 0, 0, 1, 0.25 ], "texture": "#smooth_stone" }
			}
		},
		{
			"from": [ 15.75, 5, 10.5 ],
			"to": [ 16, 5.25, 11.5 ],
			"faces": {
				"south": { "uv": [ 0, 0, 0.25, 0.25 ], "texture": "#smooth_stone" },
				"west": { "uv": [ 0, 0, 1, 0.25 ], "texture": "#smooth_stone" },
				"east": { "uv": [ 0, 0, 1, 0.25 ], "texture": "#smooth_stone" }
			}
		},
		{
			"from": [ 14.75, 6.5, 10.5 ],
			"to": [ 15, 7, 11.5 ],
			"faces": {
				"down": { "uv": [ 0, 0, 0.25, 1 ], "texture": "#smooth_stone" },
				"up": { "uv": [ 0, 0, 0.25, 1 ], "texture": "#smooth_stone" },
				"south": { "uv": [ 0, 0, 0.25, 0.5 ], "texture": "#smooth_stone" },
				"west": { "uv": [ 0, 0, 1, 0.5 ], "texture": "#smooth_stone" },
				"east": { "uv": [ 0, 0, 1, 0.5 ], "texture": "#smooth_stone" }
			}
		},
		{
			"from": [ 2.5, 1, 10.5 ],
			"to": [ 3, 4, 11.5 ],
			"faces": {
				"down": { "uv": [ 0, 0, 0.5, 1 ], "texture": "#smooth_stone" },
				"up": { "uv": [ 0, 0, 0.5, 1 ], "texture": "#smooth_stone" },
				"north": { "uv": [ 0, 0, 0.5, 3 ], "texture": "#smooth_stone" },
				"south": { "uv": [ 0, 0, 0.5, 3 ], "texture": "#smooth_stone" },
				"west": { "uv": [ 0, 0, 1, 3 ], "texture": "#smooth_stone" },
				"east": { "uv": [ 0, 0, 1, 3 ], "texture": "#smooth_stone" }
			}
		},
		{
			"from": [ 3, 3.5, 10.5 ],
			"to": [ 4.5, 4, 11.5 ],
			"faces": {
				"down": { "uv": [ 0, 0, 1.5, 1 ], "texture": "#smooth_stone" },
				"up": { "uv": [ 0, 0, 1.5, 1 ], "texture": "#smooth_stone" },
				"south": { "uv": [ 0, 0, 1.5, 0.5 ], "texture": "#smooth_stone" },
				"east": { "uv": [ 0, 0, 1, 0.5 ], "texture": "#smooth_stone" }
			}
		},
		{
			"from": [ 3, 2.25, 10.5 ],
			"to": [ 4.5, 2.75, 11.5 ],
			"faces": {
				"down": { "uv": [ 0, 0, 1.5, 1 ], "texture": "#smooth_stone" },
				"up": { "uv": [ 0, 0, 1.5, 1 ], "texture": "#smooth_stone" },
				"south": { "uv": [ 0, 0, 1.5, 0.5 ], "texture": "#smooth_stone" },
				"east": { "uv": [ 0, 0, 1, 0.5 ], "texture": "#smooth_stone" }
			}
		},
		{
			"from": [ 4, 2.75, 10.5 ],
			"to": [ 4.5, 3.5, 11.5 ],
			"faces": {
				"south": { "uv": [ 0, 0, 0.5, 0.75 ], "texture": "#smooth_stone" },
				"west": { "uv": [ 0, 0, 1, 0.75 ], "texture": "#smooth_stone" },
				"east": { "uv": [ 0, 0, 1, 0.75 ], "texture": "#smooth_stone" }
			}
		},
		{
			"from": [ 2.2, 2.25, 10.5 ],
			"to": [ 2.7, 4.25, 11.5 ],
			"rotation": { "origin": [ 5, 4, 8 ], "axis": "z", "angle": 45 },
			"faces": {
				"down": { "uv": [ 0, 0, 0.5, 1 ], "texture": "#smooth_stone" },
				"up": { "uv": [ 0, 0, 0.5, 1 ], "texture": "#smooth_stone" },
				"north": { "uv": [ 0, 0, 0.5, 2 ], "texture": "#smooth_stone" },
				"south": { "uv": [ 0, 0, 0.5, 2 ], "texture": "#smooth_stone" },
				"west": { "uv": [ 0, 0, 1, 2 ], "texture": "#smooth_stone" },
				"east": { "uv": [ 0, 0, 1, 2 ], "texture": "#smooth_stone" }
			}
		},
		{
			"from": [ 5.5, 1, 10.5 ],
			"to": [ 6, 3, 11.5 ],
			"faces": {
				"down": { "uv": [ 0, 0, 0.5, 1 ], "texture": "#smooth_stone" },
				"up": { "uv": [ 0, 0, 0.5, 1 ], "texture": "#smooth_stone" },
				"north": { "uv": [ 0, 0, 0.5, 2 ], "texture": "#smooth_stone" },
				"south": { "uv": [ 0, 0, 0.5, 2 ], "texture": "#smooth_stone" },
				"west": { "uv": [ 0, 0, 1, 2 ], "texture": "#smooth_stone" },
				"east": { "uv": [ 0, 0, 1, 2 ], "texture": "#smooth_stone" }
			}
		},
		{
			"from": [ 7, 1, 10.5 ],
			"to": [ 7.5, 3, 11.5 ],
			"faces": {
				"down": { "uv": [ 0, 0, 0.5, 1 ], "texture": "#smooth_stone" },
				"up": { "uv": [ 0, 0, 0.5, 1 ], "texture": "#smooth_stone" },
				"north": { "uv": [ 0, 0, 0.5, 2 ], "texture": "#smooth_stone" },
				"south": { "uv": [ 0, 0, 0.5, 2 ], "texture": "#smooth_stone" },
				"west": { "uv": [ 0, 0, 1, 2 ], "texture": "#smooth_stone" },
				"east": { "uv": [ 0, 0, 1, 2 ], "texture": "#smooth_stone" }
			}
		},
		{
			"from": [ 6, 1, 10.5 ],
			"to": [ 7, 1.5, 11.5 ],
			"faces": {
				"down": { "uv": [ 0, 0, 1, 1 ], "texture": "#smooth_stone" },
				"up": { "uv": [ 0, 0, 1, 1 ], "texture": "#smooth_stone" },
				"south": { "uv": [ 0, 0, 1, 0.5 ], "texture": "#smooth_stone" }
			}
		},
		{
			"from": [ 8, 1, 10.5 ],
			"to": [ 8.5, 3.5, 11.5 ],
			"faces": {
				"down": { "uv": [ 0, 0, 0.5, 1 ], "texture": "#smooth_stone" },
				"up": { "uv": [ 0, 0, 0.5, 1 ], "texture": "#smooth_stone" },
				"north": { "uv": [ 0, 0, 0.5, 2.5 ], "texture": "#smooth_stone" },
				"south": { "uv": [ 0, 0, 0.5, 2.5 ], "texture": "#smooth_stone" },
				"west": { "uv": [ 0, 0, 1, 2.5 ], "texture": "#smooth_stone" },
				"east": { "uv": [ 0, 0, 1, 2.5 ], "texture": "#smooth_stone" }
			}
		},
		{
			"from": [ 8.5, 2.5, 10.5 ],
			"to": [ 10, 3, 11.5 ],
			"faces": {
				"down": { "uv": [ 0, 0, 1.5, 1 ], "texture": "#smooth_stone" },
				"up": { "uv": [ 0, 0, 1.5, 1 ], "texture": "#smooth_stone" },
				"south": { "uv": [ 0, 0, 1.5, 0.5 ], "texture": "#smooth_stone" },
				"east": { "uv": [ 0, 0, 1, 0.5 ], "texture": "#smooth_stone" }
			}
		},
		{
			"from": [ 9.5, 1, 10.5 ],
			"to": [ 10, 2.5, 11.5 ],
			"faces": {
				"down": { "uv": [ 0, 0, 0.5, 1 ], "texture": "#smooth_stone" },
				"north": { "uv": [ 0, 0, 0.5, 1.5 ], "texture": "#smooth_stone" },
				"south": { "uv": [ 0, 0, 0.5, 1.5 ], "texture": "#smooth_stone" },
				"west": { "uv": [ 0, 0, 1, 1.5 ], "texture": "#smooth_stone" },
				"east": { "uv": [ 0, 0, 1, 1.5 ], "texture": "#smooth_stone" }
			}
		},
		{
			"from": [ 11, 2, 10.5 ],
			"to": [ 11.5, 4, 11.5 ],
			"faces": {
				"down": { "uv": [ 0, 0, 0.5, 1 ], "texture": "#smooth_stone" },
				"up": { "uv": [ 0, 0, 0.5, 1 ], "texture": "#smooth_stone" },
				"south": { "uv": [ 0, 0, 0.5, 2 ], "texture": "#smooth_stone" },
				"west": { "uv": [ 0, 0, 1, 2 ], "texture": "#smooth_stone" },
				"east": { "uv": [ 0, 0, 1, 2 ], "texture": "#smooth_stone" }
			}
		},
		{
			"from": [ 11, 1, 10.5 ],
			"to": [ 11.5, 1.5, 11.5 ],
			"faces": {
				"down": { "uv": [ 0, 0, 0.5, 1 ], "texture": "#smooth_stone" },
				"up": { "uv": [ 0, 0, 0.5, 1 ], "texture": "#smooth_stone" },
				"south": { "uv": [ 0, 0, 0.5, 0.5 ], "texture": "#smooth_stone" },
				"west": { "uv": [ 0, 0, 1, 0.5 ], "texture": "#smooth_stone" },
				"east": { "uv": [ 0, 0, 1, 0.5 ], "texture": "#smooth_stone" }
			}
		}
	],
	"display": {
		"thirdperson_righthand": {
			"rotation":  [ 75, 315, 0 ],
			"translation":  [ 0, 2.5, 0 ],
			"scale":  [ 0.375, 0.375, 0.375 ]
		},
		"thirdperson_lefthand": {
			"rotation":  [ 75, 315, 0 ],
			"translation":  [ 0, 2.5, 0 ],
			"scale":  [ 0.375, 0.375, 0.375 ]
		},
		"firstperson_righthand": {
			"rotation":  [ 0, 315, 0 ],
			"translation":  [ 0, 2.5, 0 ],
			"scale":  [ 0.4, 0.4, 0.4 ]
		},
		"firstperson_lefthand": {
			"rotation":  [ 0, 315, 0 ],
			"translation":  [ 0, 2.5, 0 ],
			"scale":  [ 0.4, 0.4, 0.4 ]
		},
		"gui": {
			"rotation":  [ 30, 45, 0 ],
			"scale":  [ 0.625, 0.625, 0.625 ]
		},
		"head": {
			"rotation":  [ 0, 180, 0 ],
			"translation":  [ 0, -3, 0 ],
			"scale":  [ 5, 5, 5 ]
		},
		"ground": {
			"translation":  [ 0, 3, 0 ],
			"scale":  [ 0.25, 0.25, 0.25 ]
		},
		"fixed": {
			"rotation":  [ 0, 180, 0 ],
			"translation":  [ 0, 20, -10 ],
			"scale":  [ 5, 5, 5 ]
		}
	}
}