{
	"__comment": "Model generated using MrCrayfish's Model Creator (https://mrcrayfish.com/tools?id=mc)",
	"textures": {
		"cyan_concrete": "block/cyan_concrete",
		"gray_concrete": "block/gray_concrete",
		"black_concrete": "block/black_concrete",
		"light_gray_concrete": "block/light_gray_concrete"
	},
	"elements": [
		{
			"from": [ 5, 0, 0 ],
			"to": [ 11, 8, 1 ],
			"faces": {
				"down": { "uv": [ 0, 0, 6, 1 ], "texture": "#black_concrete" },
				"up": { "uv": [ 0, 0, 6, 1 ], "texture": "#black_concrete" },
				"north": { "uv": [ 0, 0, 6, 8 ], "texture": "#black_concrete" },
				"south": { "uv": [ 0, 0, 6, 8 ], "texture": "#black_concrete" },
				"west": { "uv": [ 0, 0, 1, 8 ], "texture": "#black_concrete" },
				"east": { "uv": [ 0, 0, 1, 8 ], "texture": "#black_concrete" }
			}
		},
		{
			"from": [ 5.5, 0.5, 0.01 ],
			"to": [ 10.5, 7.5, 1.01 ],
			"faces": {
				"down": { "uv": [ 0, 0, 5, 1 ], "texture": "#light_gray_concrete" },
				"up": { "uv": [ 0, 0, 5, 1 ], "texture": "#light_gray_concrete" },
				"south": { "uv": [ 2, 5, 14, 7 ], "texture": "#light_gray_concrete" },
				"west": { "uv": [ 0, 0, 1, 7 ], "texture": "#light_gray_concrete" },
				"east": { "uv": [ 0, 0, 1, 7 ], "texture": "#light_gray_concrete" }
			}
		},
		{
			"from": [ 6, 6.25, 0.02 ],
			"to": [ 10, 7.25, 1.02 ],
			"faces": {
				"down": { "uv": [ 0, 0, 4, 1 ], "texture": "#gray_concrete" },
				"up": { "uv": [ 0, 0, 4, 1 ], "texture": "#gray_concrete" },
				"south": { "uv": [ 2, 5, 14, 7 ], "texture": "#gray_concrete" },
				"west": { "uv": [ 0, 0, 1, 1 ], "texture": "#gray_concrete" },
				"east": { "uv": [ 0, 0, 1, 1 ], "texture": "#gray_concrete" }
			}
		},
		{
			"from": [ 6.25, 6.5, 0.03 ],
			"to": [ 9.75, 7, 1.03 ],
			"faces": {
				"down": { "uv": [ 0, 0, 3.5, 1 ], "texture": "#cyan_concrete" },
				"up": { "uv": [ 0, 0, 3.5, 1 ], "texture": "#cyan_concrete" },
				"south": { "uv": [ 2, 5, 14, 7 ], "texture": "#cyan_concrete" },
				"west": { "uv": [ 0, 0, 1, 0.5 ], "texture": "#cyan_concrete" },
				"east": { "uv": [ 0, 0, 1, 0.5 ], "texture": "#cyan_concrete" }
			}
		},
		{
			"from": [ 6.75, 2, 0.02 ],
			"to": [ 9.25, 4.6, 1.02 ],
			"faces": {
				"down": { "uv": [ 0, 0, 2.5, 1 ], "texture": "#cyan_concrete" },
				"up": { "uv": [ 0, 0, 2.5, 1 ], "texture": "#cyan_concrete" },
				"south": { "uv": [ 2, 5, 14, 7 ], "texture": "#cyan_concrete" },
				"west": { "uv": [ 0, 0, 1, 2.6 ], "texture": "#cyan_concrete" },
				"east": { "uv": [ 0, 0, 1, 2.6 ], "texture": "#cyan_concrete" }
			}
		},
		{
			"from": [ 6.75, 1.9, 0.04 ],
			"to": [ 9.25, 2.1, 1.04 ],
			"faces": {
				"down": { "uv": [ 0, 0, 2.5, 1 ], "texture": "#gray_concrete" },
				"up": { "uv": [ 0, 0, 2.5, 1 ], "texture": "#gray_concrete" },
				"south": { "uv": [ 2, 5, 14, 7 ], "texture": "#gray_concrete" }
			}
		},
		{
			"from": [ 6.75, 4.51, 0.04 ],
			"to": [ 9.25, 4.71, 1.04 ],
			"faces": {
				"down": { "uv": [ 0, 0, 2.5, 1 ], "texture": "#gray_concrete" },
				"up": { "uv": [ 0, 0, 2.5, 1 ], "texture": "#gray_concrete" },
				"south": { "uv": [ 2, 5, 14, 7 ], "texture": "#gray_concrete" },
				"west": { "uv": [ 0, 0, 1, 0.1999998 ], "texture": "#gray_concrete" },
				"east": { "uv": [ 0, 0, 1, 0.1999998 ], "texture": "#gray_concrete" }
			}
		},
		{
			"from": [ 6.65, 1.9, 0.04 ],
			"to": [ 6.849999, 4.7, 1.04 ],
			"faces": {
				"down": { "uv": [ 0, 0, 0.2, 1 ], "texture": "#gray_concrete" },
				"up": { "uv": [ 0, 0, 0.2, 1 ], "texture": "#gray_concrete" },
				"south": { "uv": [ 2, 5, 14, 7 ], "texture": "#gray_concrete" },
				"west": { "uv": [ 0, 0, 1, 2.8 ], "texture": "#gray_concrete" },
				"east": { "uv": [ 0, 0, 1, 2.8 ], "texture": "#gray_concrete" }
			}
		},
		{
			"from": [ 9.25, 1.9, 0.04 ],
			"to": [ 9.45, 4.7, 1.04 ],
			"faces": {
				"down": { "uv": [ 0, 0, 0.2, 1 ], "texture": "#gray_concrete" },
				"up": { "uv": [ 0, 0, 0.2, 1 ], "texture": "#gray_concrete" },
				"south": { "uv": [ 2, 5, 14, 7 ], "texture": "#gray_concrete" },
				"west": { "uv": [ 0, 0, 1, 2.8 ], "texture": "#gray_concrete" },
				"east": { "uv": [ 0, 0, 1, 2.8 ], "texture": "#gray_concrete" }
			}
		},
		{
			"from": [ 7, 2, 0.03 ],
			"to": [ 7.05, 4.5, 1.03 ],
			"faces": {
				"down": { "uv": [ 0, 0, 0.05, 1 ], "texture": "#black_concrete" },
				"south": { "uv": [ 2, 5, 14, 7 ], "texture": "#black_concrete" },
				"west": { "uv": [ 0, 0, 1, 2.5 ], "texture": "#black_concrete" },
				"east": { "uv": [ 0, 0, 1, 2.5 ], "texture": "#black_concrete" }
			}
		},
		{
			"from": [ 7.4, 2, 0.03 ],
			"to": [ 7.449999, 4.5, 1.03 ],
			"faces": {
				"down": { "uv": [ 0, 0, 0.05, 1 ], "texture": "#black_concrete" },
				"south": { "uv": [ 2, 5, 14, 7 ], "texture": "#black_concrete" },
				"west": { "uv": [ 0, 0, 1, 2.5 ], "texture": "#black_concrete" },
				"east": { "uv": [ 0, 0, 1, 2.5 ], "texture": "#black_concrete" }
			}
		},
		{
			"from": [ 7.8, 2, 0.03 ],
			"to": [ 7.849999, 4.5, 1.03 ],
			"faces": {
				"down": { "uv": [ 0, 0, 0.05, 1 ], "texture": "#black_concrete" },
				"south": { "uv": [ 2, 5, 14, 7 ], "texture": "#black_concrete" },
				"west": { "uv": [ 0, 0, 1, 2.5 ], "texture": "#black_concrete" },
				"east": { "uv": [ 0, 0, 1, 2.5 ], "texture": "#black_concrete" }
			}
		},
		{
			"from": [ 8.2, 2, 0.03 ],
			"to": [ 8.25, 4.5, 1.03 ],
			"faces": {
				"down": { "uv": [ 0, 0, 0.05, 1 ], "texture": "#black_concrete" },
				"south": { "uv": [ 2, 5, 14, 7 ], "texture": "#black_concrete" },
				"west": { "uv": [ 0, 0, 1, 2.5 ], "texture": "#black_concrete" },
				"east": { "uv": [ 0, 0, 1, 2.5 ], "texture": "#black_concrete" }
			}
		},
		{
			"from": [ 8.599999, 2, 0.03 ],
			"to": [ 8.649999, 4.5, 1.03 ],
			"faces": {
				"down": { "uv": [ 0, 0, 0.05, 1 ], "texture": "#black_concrete" },
				"south": { "uv": [ 2, 5, 14, 7 ], "texture": "#black_concrete" },
				"west": { "uv": [ 0, 0, 1, 2.5 ], "texture": "#black_concrete" },
				"east": { "uv": [ 0, 0, 1, 2.5 ], "texture": "#black_concrete" }
			}
		},
		{
			"from": [ 9, 2, 0.03 ],
			"to": [ 9.05, 4.5, 1.03 ],
			"faces": {
				"down": { "uv": [ 0, 0, 0.05, 1 ], "texture": "#black_concrete" },
				"south": { "uv": [ 2, 5, 14, 7 ], "texture": "#black_concrete" },
				"west": { "uv": [ 0, 0, 1, 2.5 ], "texture": "#black_concrete" },
				"east": { "uv": [ 0, 0, 1, 2.5 ], "texture": "#black_concrete" }
			}
		},
		{
			"from": [ 6.75, 2.4, 0.03 ],
			"to": [ 9.25, 2.45, 1.03 ],
			"faces": {
				"down": { "uv": [ 0, 0, 2.5, 1 ], "texture": "#black_concrete" },
				"up": { "uv": [ 0, 0, 2.5, 1 ], "texture": "#black_concrete" },
				"south": { "uv": [ 2, 5, 14, 7 ], "texture": "#black_concrete" },
				"west": { "uv": [ 0, 0, 1, 0.05000019 ], "texture": "#black_concrete" },
				"east": { "uv": [ 0, 0, 1, 0.05000019 ], "texture": "#black_concrete" }
			}
		},
		{
			"from": [ 6.75, 2.8, 0.03 ],
			"to": [ 9.25, 2.85, 1.03 ],
			"faces": {
				"down": { "uv": [ 0, 0, 2.5, 1 ], "texture": "#black_concrete" },
				"up": { "uv": [ 0, 0, 2.5, 1 ], "texture": "#black_concrete" },
				"south": { "uv": [ 2, 5, 14, 7 ], "texture": "#black_concrete" },
				"west": { "uv": [ 0, 0, 1, 0.05000019 ], "texture": "#black_concrete" },
				"east": { "uv": [ 0, 0, 1, 0.05000019 ], "texture": "#black_concrete" }
			}
		},
		{
			"from": [ 6.75, 3.2, 0.03 ],
			"to": [ 9.25, 3.25, 1.03 ],
			"faces": {
				"down": { "uv": [ 0, 0, 2.5, 1 ], "texture": "#black_concrete" },
				"up": { "uv": [ 0, 0, 2.5, 1 ], "texture": "#black_concrete" },
				"south": { "uv": [ 2, 5, 14, 7 ], "texture": "#black_concrete" },
				"west": { "uv": [ 0, 0, 1, 0.05000019 ], "texture": "#black_concrete" },
				"east": { "uv": [ 0, 0, 1, 0.05000019 ], "texture": "#black_concrete" }
			}
		},
		{
			"from": [ 6.75, 3.6, 0.03 ],
			"to": [ 9.25, 3.65, 1.03 ],
			"faces": {
				"down": { "uv": [ 0, 0, 2.5, 1 ], "texture": "#black_concrete" },
				"up": { "uv": [ 0, 0, 2.5, 1 ], "texture": "#black_concrete" },
				"south": { "uv": [ 2, 5, 14, 7 ], "texture": "#black_concrete" },
				"west": { "uv": [ 0, 0, 1, 0.05000019 ], "texture": "#black_concrete" },
				"east": { "uv": [ 0, 0, 1, 0.05000019 ], "texture": "#black_concrete" }
			}
		},
		{
			"from": [ 6.75, 4, 0.03 ],
			"to": [ 9.25, 4.05, 1.03 ],
			"faces": {
				"down": { "uv": [ 0, 0, 2.5, 1 ], "texture": "#black_concrete" },
				"up": { "uv": [ 0, 0, 2.5, 1 ], "texture": "#black_concrete" },
				"south": { "uv": [ 2, 5, 14, 7 ], "texture": "#black_concrete" },
				"west": { "uv": [ 0, 0, 1, 0.05000019 ], "texture": "#black_concrete" },
				"east": { "uv": [ 0, 0, 1, 0.05000019 ], "texture": "#black_concrete" }
			}
		},
		{
			"from": [ 6.75, 4.5, 0.03 ],
			"to": [ 9.25, 4.55, 1.03 ],
			"faces": {
				"down": { "uv": [ 0, 0, 2.5, 1 ], "texture": "#black_concrete" },
				"up": { "uv": [ 0, 0, 2.5, 1 ], "texture": "#black_concrete" },
				"south": { "uv": [ 2, 5, 14, 7 ], "texture": "#black_concrete" },
				"west": { "uv": [ 0, 0, 1, 0.05000019 ], "texture": "#black_concrete" },
				"east": { "uv": [ 0, 0, 1, 0.05000019 ], "texture": "#black_concrete" }
			}
		}
	],
	"display": {
		"firstperson_righthand": {
			"rotation":  [ 0, 315, 0 ],
			"translation":  [ 0, 8, 0 ],
			"scale":  [ 2, 2, 2 ]
		},
		"firstperson_lefthand": {
			"rotation":  [ 0, 315, 0 ],
			"translation":  [ 0, 8, 0 ],
			"scale":  [ 2, 2, 2 ]
		},
		"gui": {
			"rotation":  [ 30, 45, 0 ],
			"translation":  [ 7, 2, 0 ],
			"scale":  [ 1.5, 1.5, 1.5 ]
		},
		"head": {
			"rotation":  [ 0, 180, 0 ],
			"translation":  [ 0, -30, -15 ],
			"scale":  [ 2, 2, 2 ]
		},
		"ground": {
			"translation":  [ 0, 3, 0 ],
			"scale":  [ 0.5, 0.5, 0.5 ]
		},
		"fixed": {
			"rotation":  [ 0, 180, 0 ],
			"translation":  [ 2, 16, -31 ],
			"scale":  [ 4, 4, 5 ]
		}
	}
}