{
	"__comment": "Model generated using MrCrayfish's Model Creator (https://mrcrayfish.com/tools?id=mc)",
	"textures": {
		"black_wool": "block/red_wool",
		"iron_block": "block/iron_block",
		"smooth_stone": "block/smooth_stone",
		"white_concrete": "block/white_concrete",
		"light_gray_concrete": "block/light_gray_concrete"
	},
	"elements": [
		{
			"from": [ 4, 6, 0 ],
			"to": [ 12, 6.5, 16 ],
			"faces": {
				"down": { "uv": [ 0, 0, 8, 16 ], "texture": "#white_concrete" },
				"up": { "uv": [ 0, 0, 8, 16 ], "texture": "#white_concrete" },
				"north": { "uv": [ 0, 0, 8, 0.5 ], "texture": "#white_concrete" },
				"south": { "uv": [ 0, 0, 8, 0.5 ], "texture": "#white_concrete" },
				"west": { "uv": [ 0, 0, 16, 0.5 ], "texture": "#white_concrete" },
				"east": { "uv": [ 0, 0, 16, 0.5 ], "texture": "#white_concrete" }
			}
		},
		{
			"from": [ 4, 0, 1 ],
			"to": [ 5, 2, 3 ],
			"faces": {
				"down": { "uv": [ 0, 0, 1, 2 ], "texture": "#light_gray_concrete" },
				"up": { "uv": [ 0, 0, 1, 2 ], "texture": "#light_gray_concrete" },
				"north": { "uv": [ 0, 0, 1, 2 ], "texture": "#light_gray_concrete" },
				"south": { "uv": [ 0, 0, 1, 2 ], "texture": "#light_gray_concrete" },
				"west": { "uv": [ 0, 0, 2, 2 ], "texture": "#light_gray_concrete" },
				"east": { "uv": [ 0, 0, 2, 2 ], "texture": "#light_gray_concrete" }
			}
		},
		{
			"from": [ 4, 0, 13 ],
			"to": [ 5, 2, 15 ],
			"faces": {
				"down": { "uv": [ 0, 0, 1, 2 ], "texture": "#light_gray_concrete" },
				"up": { "uv": [ 0, 0, 1, 2 ], "texture": "#light_gray_concrete" },
				"north": { "uv": [ 0, 0, 1, 2 ], "texture": "#light_gray_concrete" },
				"south": { "uv": [ 0, 0, 1, 2 ], "texture": "#light_gray_concrete" },
				"west": { "uv": [ 0, 0, 2, 2 ], "texture": "#light_gray_concrete" },
				"east": { "uv": [ 0, 0, 2, 2 ], "texture": "#light_gray_concrete" }
			}
		},
		{
			"from": [ 11, 0, 13 ],
			"to": [ 12, 2, 15 ],
			"faces": {
				"down": { "uv": [ 0, 0, 1, 2 ], "texture": "#light_gray_concrete" },
				"up": { "uv": [ 0, 0, 1, 2 ], "texture": "#light_gray_concrete" },
				"north": { "uv": [ 0, 0, 1, 2 ], "texture": "#light_gray_concrete" },
				"south": { "uv": [ 0, 0, 1, 2 ], "texture": "#light_gray_concrete" },
				"west": { "uv": [ 0, 0, 2, 2 ], "texture": "#light_gray_concrete" },
				"east": { "uv": [ 0, 0, 2, 2 ], "texture": "#light_gray_concrete" }
			}
		},
		{
			"from": [ 11, 0, 1 ],
			"to": [ 12, 2, 3 ],
			"faces": {
				"down": { "uv": [ 0, 0, 1, 2 ], "texture": "#light_gray_concrete" },
				"up": { "uv": [ 0, 0, 1, 2 ], "texture": "#light_gray_concrete" },
				"north": { "uv": [ 0, 0, 1, 2 ], "texture": "#light_gray_concrete" },
				"south": { "uv": [ 0, 0, 1, 2 ], "texture": "#light_gray_concrete" },
				"west": { "uv": [ 0, 0, 2, 2 ], "texture": "#light_gray_concrete" },
				"east": { "uv": [ 0, 0, 2, 2 ], "texture": "#light_gray_concrete" }
			}
		},
		{
			"from": [ 10.75, 0.5, 2 ],
			"to": [ 12.25, 2.5, 3 ],
			"rotation": { "origin": [ 12, 1, 3 ], "axis": "x", "angle": 45 },
			"faces": {
				"down": { "uv": [ 4, 4, 5.5, 5 ], "texture": "#smooth_stone" },
				"up": { "uv": [ 3, 2, 4.5, 3 ], "texture": "#smooth_stone" },
				"north": { "uv": [ 2, 3, 3.5, 5 ], "texture": "#smooth_stone" },
				"south": { "uv": [ 5, 3, 6.5, 5 ], "texture": "#smooth_stone" },
				"west": { "uv": [ 5, 6, 6, 8 ], "texture": "#smooth_stone" },
				"east": { "uv": [ 5, 4, 6, 6 ], "texture": "#smooth_stone" }
			}
		},
		{
			"from": [ 10.75, 9, 10.5 ],
			"to": [ 12.25, 11, 11.5 ],
			"rotation": { "origin": [ 12, 1, 3 ], "axis": "x", "angle": 45 },
			"faces": {
				"down": { "uv": [ 7, 7, 8.5, 8 ], "texture": "#smooth_stone" },
				"up": { "uv": [ 6, 4, 7.5, 5 ], "texture": "#smooth_stone" },
				"north": { "uv": [ 7, 6, 9.5, 9 ], "texture": "#smooth_stone" },
				"south": { "uv": [ 2, 4, 3.5, 6 ], "texture": "#smooth_stone" },
				"west": { "uv": [ 3, 8, 4, 10 ], "texture": "#smooth_stone" },
				"east": { "uv": [ 2, 3, 3, 5 ], "texture": "#smooth_stone" }
			}
		},
		{
			"from": [ 3.75, 0.5, 2 ],
			"to": [ 5.25, 2.5, 3 ],
			"rotation": { "origin": [ 12, 1, 3 ], "axis": "x", "angle": 45 },
			"faces": {
				"down": { "uv": [ 6, 4, 7.5, 5 ], "texture": "#smooth_stone" },
				"up": { "uv": [ 4, 3, 5.5, 4 ], "texture": "#smooth_stone" },
				"north": { "uv": [ 4, 4, 5.5, 6 ], "texture": "#smooth_stone" },
				"south": { "uv": [ 4, 2, 5.5, 4 ], "texture": "#smooth_stone" },
				"west": { "uv": [ 4, 3, 6, 6 ], "texture": "#smooth_stone" },
				"east": { "uv": [ 6, 4, 7, 6 ], "texture": "#smooth_stone" }
			}
		},
		{
			"from": [ 3.75, 9, 10.5 ],
			"to": [ 5.25, 11, 11.5 ],
			"rotation": { "origin": [ 12, 1, 3 ], "axis": "x", "angle": 45 },
			"faces": {
				"down": { "uv": [ 7, 3, 8.5, 4 ], "texture": "#smooth_stone" },
				"up": { "uv": [ 2, 4, 3.5, 5 ], "texture": "#smooth_stone" },
				"north": { "uv": [ 6, 4, 7.5, 6 ], "texture": "#smooth_stone" },
				"south": { "uv": [ 4, 3, 5.5, 6 ], "texture": "#smooth_stone" },
				"west": { "uv": [ 3, 6, 4, 8 ], "texture": "#smooth_stone" },
				"east": { "uv": [ 5, 5, 6, 7 ], "texture": "#smooth_stone" }
			}
		},
		{
			"from": [ 4, 2, 15 ],
			"to": [ 5, 5.5, 16 ],
			"faces": {
				"down": { "uv": [ 0, 0, 1, 1 ], "texture": "#iron_block" },
				"up": { "uv": [ 0, 0, 1, 1 ], "texture": "#iron_block" },
				"north": { "uv": [ 5, 4, 4, 4.5 ], "texture": "#iron_block" },
				"south": { "uv": [ 4, 1, 5, 1.5 ], "texture": "#iron_block" },
				"west": { "uv": [ 3, 1, 4, 1.5 ], "texture": "#iron_block" },
				"east": { "uv": [ 3, 4, 4, 4.5 ], "texture": "#iron_block" }
			}
		},
		{
			"from": [ 4, 5.5, 3.5 ],
			"to": [ 5, 6, 15.5 ],
			"faces": {
				"down": { "uv": [ 1, 2, 2, 2 ], "texture": "#iron_block" },
				"north": { "uv": [ 2, 1, 3, 1.5 ], "texture": "#iron_block" },
				"south": { "uv": [ 2, 1, 3, 1.5 ], "texture": "#iron_block" },
				"west": { "uv": [ 1, 1, 13, 1.5 ], "texture": "#iron_block" },
				"east": { "uv": [ 1, 1, 9, 1.5 ], "texture": "#iron_block" }
			}
		},
		{
			"from": [ 5, 2.5, 3.25 ],
			"to": [ 11, 3, 3.75 ],
			"faces": {
				"down": { "uv": [ 0, 0, 6, 0.5 ], "texture": "#smooth_stone" },
				"up": { "uv": [ 0, 0, 6, 0.5 ], "texture": "#smooth_stone" },
				"north": { "uv": [ 0, 0, 6, 0.5 ], "texture": "#smooth_stone" },
				"south": { "uv": [ 0, 0, 6, 0.5 ], "texture": "#smooth_stone" }
			}
		},
		{
			"from": [ 5, 2.5, 15.25 ],
			"to": [ 11, 3, 15.75 ],
			"faces": {
				"down": { "uv": [ 0, 0, 6, 0.5 ], "texture": "#smooth_stone" },
				"up": { "uv": [ 0, 0, 6, 0.5 ], "texture": "#smooth_stone" },
				"north": { "uv": [ 0, 0, 6, 0.5 ], "texture": "#smooth_stone" },
				"south": { "uv": [ 0, 0, 6, 0.5 ], "texture": "#smooth_stone" }
			}
		},
		{
			"from": [ 5, 3.5, 15 ],
			"to": [ 11, 4, 16 ],
			"faces": {
				"down": { "uv": [ 2, 1, 8, 2 ], "texture": "#iron_block" },
				"up": { "uv": [ 1, 1, 7, 2 ], "texture": "#iron_block" },
				"north": { "uv": [ 1, 1, 7, 1.5 ], "texture": "#iron_block" },
				"south": { "uv": [ 2, 1, 8, 1.5 ], "texture": "#iron_block" }
			}
		},
		{
			"from": [ 5, 3.5, 3 ],
			"to": [ 11, 4, 4 ],
			"faces": {
				"down": { "uv": [ 1, 1, 7, 2 ], "texture": "#iron_block" },
				"up": { "uv": [ 1, 1, 7, 2 ], "texture": "#iron_block" },
				"north": { "uv": [ 2, 1, 8, 1.5 ], "texture": "#iron_block" },
				"south": { "uv": [ 1, 1, 7, 1.5 ], "texture": "#iron_block" }
			}
		},
		{
			"from": [ 4, 2.5, 4 ],
			"to": [ 5, 3, 15 ],
			"faces": {
				"down": { "uv": [ 1, 1, 2, 1 ], "texture": "#iron_block" },
				"up": { "uv": [ 2, 1, 3, 2 ], "texture": "#iron_block" },
				"west": { "uv": [ 2, 1, 5, 1.5 ], "texture": "#iron_block" },
				"east": { "uv": [ 2, 1, 6, 1.5 ], "texture": "#iron_block" }
			}
		},
		{
			"from": [ 7, 5.75, 1 ],
			"to": [ 9, 6.25, 3 ],
			"rotation": { "origin": [ 8, 6, 0 ], "axis": "x", "angle": -22.5 },
			"faces": {
				"down": { "uv": [ 2, 1, 4, 3 ], "texture": "#iron_block" },
				"up": { "uv": [ 2, 1, 4, 3 ], "texture": "#iron_block" },
				"north": { "uv": [ 2, 1, 4, 1.5 ], "texture": "#iron_block" },
				"south": { "uv": [ 2, 1, 4, 1.5 ], "texture": "#iron_block" },
				"west": { "uv": [ 2, 1, 4, 1.5 ], "texture": "#iron_block" },
				"east": { "uv": [ 1, 1, 3, 1.5 ], "texture": "#iron_block" }
			}
		},
		{
			"from": [ 5, 2.75, 3 ],
			"to": [ 11, 6.75, 3.5 ],
			"rotation": { "origin": [ 8, 6, 0 ], "axis": "x", "angle": -45 },
			"faces": {
				"down": { "uv": [ 1, 1, 7, 1.5 ], "texture": "#iron_block" },
				"up": { "uv": [ 1, 1, 7, 1.5 ], "texture": "#iron_block" },
				"north": { "uv": [ 1, 1, 7, 2 ], "texture": "#iron_block" },
				"south": { "uv": [ 1, 1, 7, 2 ], "texture": "#iron_block" },
				"west": { "uv": [ 2, 1, 2.5, 2 ], "texture": "#iron_block" },
				"east": { "uv": [ 2, 1, 2.5, 2 ], "texture": "#iron_block" }
			}
		},
		{
			"from": [ 4.5, 2.75, 3.5 ],
			"to": [ 11.5, 7.75, 4.5 ],
			"rotation": { "origin": [ 8, 6, 0 ], "axis": "x", "angle": -45 },
			"faces": {
				"down": { "uv": [ 0, 0, 7, 1 ], "texture": "#black_wool" },
				"up": { "uv": [ 0, 0, 7, 1 ], "texture": "#black_wool" },
				"north": { "uv": [ 0, 0, 7, 5 ], "texture": "#black_wool" },
				"south": { "uv": [ 0, 0, 7, 5 ], "texture": "#black_wool" },
				"west": { "uv": [ 0, 0, 1, 5 ], "texture": "#black_wool" },
				"east": { "uv": [ 0, 0, 1, 5 ], "texture": "#black_wool" }
			}
		},
		{
			"from": [ 4.5, 6.5, 5.5 ],
			"to": [ 11.5, 7.5, 15.5 ],
			"faces": {
				"up": { "uv": [ 0, 0, 7, 10 ], "texture": "#black_wool" },
				"north": { "uv": [ 0, 0, 7, 1 ], "texture": "#black_wool" },
				"south": { "uv": [ 0, 0, 7, 1 ], "texture": "#black_wool" },
				"west": { "uv": [ 0, 0, 10, 1 ], "texture": "#black_wool" },
				"east": { "uv": [ 0, 0, 10, 1 ], "texture": "#black_wool" }
			}
		},
		{
			"from": [ 3.5, 8.5, 4 ],
			"to": [ 4, 9, 14 ],
			"faces": {
				"down": { "uv": [ 5, 3, 5.5, 13 ], "texture": "#smooth_stone" },
				"up": { "uv": [ 4, 3, 4.5, 13 ], "texture": "#smooth_stone" },
				"north": { "uv": [ 3, 2, 3.5, 2.5 ], "texture": "#smooth_stone" },
				"south": { "uv": [ 5, 7, 5.5, 7.5 ], "texture": "#smooth_stone" },
				"west": { "uv": [ 3, 4, 13, 4.5 ], "texture": "#smooth_stone" },
				"east": { "uv": [ 3, 4, 13, 4.5 ], "texture": "#smooth_stone" }
			}
		},
		{
			"from": [ 3.5, 5.5, 3.5 ],
			"to": [ 4, 6, 14.5 ],
			"faces": {
				"down": { "uv": [ 4, 3, 4.5, 14 ], "texture": "#smooth_stone" },
				"up": { "uv": [ 3, 4, 3.5, 15 ], "texture": "#smooth_stone" },
				"north": { "uv": [ 8, 7, 9.5, 8.5 ], "texture": "#smooth_stone" },
				"south": { "uv": [ 3, 5, 3.5, 5.5 ], "texture": "#smooth_stone" },
				"west": { "uv": [ 2, 3, 13, 3.5 ], "texture": "#smooth_stone" }
			}
		},
		{
			"from": [ 3.5, 6, 3.5 ],
			"to": [ 4, 8.5, 4 ],
			"faces": {
				"up": { "uv": [ 5, 2, 5.5, 2.5 ], "texture": "#smooth_stone" },
				"north": { "uv": [ 6, 3, 6.5, 5.5 ], "texture": "#smooth_stone" },
				"south": { "uv": [ 4, 3, 4.5, 5.5 ], "texture": "#smooth_stone" },
				"west": { "uv": [ 4, 3, 4.5, 5.5 ], "texture": "#smooth_stone" },
				"east": { "uv": [ 5, 4, 5.5, 6.5 ], "texture": "#smooth_stone" }
			}
		},
		{
			"from": [ 3.5, 6, 14 ],
			"to": [ 4, 8.5, 14.5 ],
			"faces": {
				"up": { "uv": [ 4, 3, 4.5, 3.5 ], "texture": "#smooth_stone" },
				"north": { "uv": [ 4, 4, 5.5, 6.5 ], "texture": "#smooth_stone" },
				"south": { "uv": [ 6, 3, 6.5, 5.5 ], "texture": "#smooth_stone" },
				"west": { "uv": [ 3, 3, 3.5, 5.5 ], "texture": "#smooth_stone" },
				"east": { "uv": [ 4, 5, 4.5, 7.5 ], "texture": "#smooth_stone" }
			}
		},
		{
			"from": [ 3.5, 6, 11 ],
			"to": [ 4, 8.5, 11.5 ],
			"faces": {
				"north": { "uv": [ 7, 5, 8.5, 7.5 ], "texture": "#smooth_stone" },
				"south": { "uv": [ 4, 3, 4.5, 5.5 ], "texture": "#smooth_stone" },
				"west": { "uv": [ 5, 4, 5.5, 6.5 ], "texture": "#smooth_stone" },
				"east": { "uv": [ 6, 4, 6.5, 6.5 ], "texture": "#smooth_stone" }
			}
		},
		{
			"from": [ 3.5, 6, 6.5 ],
			"to": [ 4, 8.5, 7 ],
			"faces": {
				"north": { "uv": [ 4, 2, 4.5, 5.5 ], "texture": "#smooth_stone" },
				"south": { "uv": [ 3, 3, 4.5, 5.5 ], "texture": "#smooth_stone" },
				"west": { "uv": [ 4, 3, 4.5, 5.5 ], "texture": "#smooth_stone" },
				"east": { "uv": [ 3, 2, 3.5, 4.5 ], "texture": "#smooth_stone" }
			}
		},
		{
			"from": [ 3.5, 6, 8.75 ],
			"to": [ 4, 8.5, 9.25 ],
			"faces": {
				"north": { "uv": [ 4, 3, 4.5, 5.5 ], "texture": "#smooth_stone" },
				"south": { "uv": [ 4, 3, 4.5, 5.5 ], "texture": "#smooth_stone" },
				"west": { "uv": [ 3, 2, 3.5, 4.5 ], "texture": "#smooth_stone" },
				"east": { "uv": [ 6, 5, 6.5, 7.5 ], "texture": "#smooth_stone" }
			}
		},
		{
			"from": [ 12, 6.5, 3.5 ],
			"to": [ 12.5, 7, 14.5 ],
			"faces": {
				"down": { "uv": [ 2, 3, 2.5, 14 ], "texture": "#smooth_stone" },
				"up": { "uv": [ 3, 2, 3.5, 13 ], "texture": "#smooth_stone" },
				"north": { "uv": [ 2, 1, 2.5, 2.5 ], "texture": "#smooth_stone" },
				"south": { "uv": [ 2, 2, 2.5, 2.5 ], "texture": "#smooth_stone" },
				"west": { "uv": [ 3, 2, 14, 2.5 ], "texture": "#smooth_stone" },
				"east": { "uv": [ 1, 1, 12, 1.5 ], "texture": "#smooth_stone" }
			}
		},
		{
			"from": [ 12, 2.5, 6.5 ],
			"to": [ 12.5, 3, 11.5 ],
			"faces": {
				"down": { "uv": [ 3, 2, 3.5, 7 ], "texture": "#smooth_stone" },
				"up": { "uv": [ 2, 1, 2.5, 6 ], "texture": "#smooth_stone" },
				"north": { "uv": [ 2, 2, 2.5, 2.5 ], "texture": "#smooth_stone" },
				"south": { "uv": [ 3, 2, 3.5, 2.5 ], "texture": "#smooth_stone" },
				"east": { "uv": [ 3, 2, 8, 2.5 ], "texture": "#smooth_stone" }
			}
		},
		{
			"from": [ 12, 3, 6.5 ],
			"to": [ 12.5, 6.5, 7 ],
			"faces": {
				"north": { "uv": [ 4, 5, 5.5, 9.5 ], "texture": "#smooth_stone" },
				"south": { "uv": [ 2, 3, 2.5, 6.5 ], "texture": "#smooth_stone" },
				"west": { "uv": [ 2, 3, 2.5, 6.5 ], "texture": "#smooth_stone" },
				"east": { "uv": [ 4, 4, 4.5, 7.5 ], "texture": "#smooth_stone" }
			}
		},
		{
			"from": [ 12, 3, 11 ],
			"to": [ 12.5, 6.5, 11.5 ],
			"faces": {
				"north": { "uv": [ 3, 4, 3.5, 7.5 ], "texture": "#smooth_stone" },
				"south": { "uv": [ 3, 3, 3.5, 6.5 ], "texture": "#smooth_stone" },
				"west": { "uv": [ 2, 1, 2.5, 4.5 ], "texture": "#smooth_stone" },
				"east": { "uv": [ 3, 4, 3.5, 7.5 ], "texture": "#smooth_stone" }
			}
		},
		{
			"from": [ 12, 3, 8.75 ],
			"to": [ 12.5, 6.5, 9.25 ],
			"faces": {
				"north": { "uv": [ 5, 4, 5.5, 7.5 ], "texture": "#smooth_stone" },
				"south": { "uv": [ 4, 3, 4.5, 6.5 ], "texture": "#smooth_stone" },
				"west": { "uv": [ 4, 4, 5.5, 7.5 ], "texture": "#smooth_stone" },
				"east": { "uv": [ 4, 2, 4.5, 5.5 ], "texture": "#smooth_stone" }
			}
		},
		{
			"from": [ 12, 4.5, 3.5 ],
			"to": [ 12.5, 6.5, 4 ],
			"faces": {
				"down": { "uv": [ 3, 1, 3.5, 1.5 ], "texture": "#smooth_stone" },
				"north": { "uv": [ 5, 3, 6.5, 6 ], "texture": "#smooth_stone" },
				"south": { "uv": [ 3, 7, 3.5, 9 ], "texture": "#smooth_stone" },
				"west": { "uv": [ 3, 3, 3.5, 5 ], "texture": "#smooth_stone" },
				"east": { "uv": [ 5, 2, 5.5, 4 ], "texture": "#smooth_stone" }
			}
		},
		{
			"from": [ 12, 4.5, 14 ],
			"to": [ 12.5, 6.5, 14.5 ],
			"faces": {
				"down": { "uv": [ 3, 3, 3.5, 3.5 ], "texture": "#smooth_stone" },
				"north": { "uv": [ 4, 6, 4.5, 9 ], "texture": "#smooth_stone" },
				"south": { "uv": [ 3, 4, 3.5, 6 ], "texture": "#smooth_stone" },
				"west": { "uv": [ 5, 4, 5.5, 6 ], "texture": "#smooth_stone" },
				"east": { "uv": [ 4, 4, 5.5, 6 ], "texture": "#smooth_stone" }
			}
		},
		{
			"from": [ 12, 4.5, 4 ],
			"to": [ 12.5, 5, 6.5 ],
			"faces": {
				"down": { "uv": [ 8, 5, 8.5, 7.5 ], "texture": "#smooth_stone" },
				"up": { "uv": [ 2, 3, 2.5, 5.5 ], "texture": "#smooth_stone" },
				"west": { "uv": [ 3, 4, 5.5, 4.5 ], "texture": "#smooth_stone" },
				"east": { "uv": [ 4, 3, 6.5, 3.5 ], "texture": "#smooth_stone" }
			}
		},
		{
			"from": [ 12, 4.5, 11.5 ],
			"to": [ 12.5, 5, 14 ],
			"faces": {
				"down": { "uv": [ 3, 2, 3.5, 4.5 ], "texture": "#smooth_stone" },
				"up": { "uv": [ 3, 3, 3.5, 5.5 ], "texture": "#smooth_stone" },
				"west": { "uv": [ 3, 3, 5.5, 3.5 ], "texture": "#smooth_stone" },
				"east": { "uv": [ 4, 2, 6.5, 2.5 ], "texture": "#smooth_stone" }
			}
		},
		{
			"from": [ 11, 2, 15 ],
			"to": [ 12, 5.5, 16 ],
			"faces": {
				"down": { "uv": [ 0, 0, 1, 1 ], "texture": "#iron_block" },
				"up": { "uv": [ 0, 0, 1, 1 ], "texture": "#iron_block" },
				"north": { "uv": [ 5, 4, 4, 4.5 ], "texture": "#iron_block" },
				"south": { "uv": [ 4, 1, 5, 1.5 ], "texture": "#iron_block" },
				"west": { "uv": [ 3, 1, 4, 1.5 ], "texture": "#iron_block" },
				"east": { "uv": [ 3, 4, 4, 4.5 ], "texture": "#iron_block" }
			}
		},
		{
			"from": [ 11, 2, 3 ],
			"to": [ 12, 5.5, 4 ],
			"faces": {
				"down": { "uv": [ 0, 0, 1, 1 ], "texture": "#iron_block" },
				"up": { "uv": [ 0, 0, 1, 1 ], "texture": "#iron_block" },
				"north": { "uv": [ 5, 4, 4, 4.5 ], "texture": "#iron_block" },
				"south": { "uv": [ 4, 1, 5, 1.5 ], "texture": "#iron_block" },
				"west": { "uv": [ 3, 1, 4, 1.5 ], "texture": "#iron_block" },
				"east": { "uv": [ 3, 4, 4, 4.5 ], "texture": "#iron_block" }
			}
		},
		{
			"from": [ 4, 2, 3 ],
			"to": [ 5, 5.5, 4 ],
			"faces": {
				"down": { "uv": [ 0, 0, 1, 1 ], "texture": "#iron_block" },
				"up": { "uv": [ 0, 0, 1, 1 ], "texture": "#iron_block" },
				"north": { "uv": [ 5, 4, 4, 4.5 ], "texture": "#iron_block" },
				"south": { "uv": [ 4, 1, 5, 1.5 ], "texture": "#iron_block" },
				"west": { "uv": [ 3, 1, 4, 1.5 ], "texture": "#iron_block" },
				"east": { "uv": [ 3, 4, 4, 4.5 ], "texture": "#iron_block" }
			}
		},
		{
			"from": [ 11, 5.5, 3.5 ],
			"to": [ 12, 6, 15.5 ],
			"faces": {
				"down": { "uv": [ 1, 2, 2, 2 ], "texture": "#iron_block" },
				"north": { "uv": [ 2, 1, 3, 1.5 ], "texture": "#iron_block" },
				"south": { "uv": [ 2, 1, 3, 1.5 ], "texture": "#iron_block" },
				"west": { "uv": [ 1, 1, 13, 1.5 ], "texture": "#iron_block" },
				"east": { "uv": [ 1, 1, 9, 1.5 ], "texture": "#iron_block" }
			}
		},
		{
			"from": [ 11, 2.5, 4 ],
			"to": [ 12, 3, 15 ],
			"faces": {
				"down": { "uv": [ 1, 1, 2, 1 ], "texture": "#iron_block" },
				"up": { "uv": [ 2, 1, 3, 2 ], "texture": "#iron_block" },
				"west": { "uv": [ 2, 1, 5, 1.5 ], "texture": "#iron_block" },
				"east": { "uv": [ 2, 1, 6, 1.5 ], "texture": "#iron_block" }
			}
		}
	],
	"display": {
		"gui": {
			"rotation":  [ 30, 45, 0 ],
			"translation":  [ 0, 2, 0 ]
		},
		"head": {
			"rotation":  [ 0, 180, 0 ],
			"translation":  [ 0, -21, 0 ],
			"scale":  [ 3, 3, 3 ]
		},
		"ground": {
			"translation":  [ 0, 3, 0 ],
			"scale":  [ 0.5, 0.5, 0.5 ]
		},
		"fixed": {
			"rotation":  [ 0, 90, 0 ],
			"translation":  [ 0, 0, -4 ]
		}
	}
}