{
	"credit": "Made with Blockbench",
	"textures": {
		"1": "block/red_concrete",
		"2": "block/gray_concrete",
		"3": "block/light_gray_concrete_powder",
		"particle": "block/yellow_concrete"
	},
	"elements": [
		{
			"name": "Cube1",
			"from": [5, 2, 2],
			"to": [11, 3, 3],
			"faces": {
				"north": {"uv": [5, 13, 11, 14], "texture": "#3"},
				"east": {"uv": [13, 13, 14, 14], "texture": "#3"},
				"south": {"uv": [5, 13, 6, 14], "texture": "#3"},
				"west": {"uv": [2, 13, 3, 14], "texture": "#3"},
				"up": {"uv": [5, 2, 11, 3], "texture": "#3"},
				"down": {"uv": [5, 13, 11, 14], "texture": "#3"}
			}
		},
		{
			"name": "Cube1",
			"from": [4, 1, 4],
			"to": [5, 2, 5],
			"faces": {
				"north": {"uv": [9, 13, 10, 14], "texture": "#3"},
				"east": {"uv": [12, 13, 14, 14], "texture": "#3"},
				"south": {"uv": [4, 13, 12, 14], "texture": "#3"},
				"west": {"uv": [2, 13, 4, 14], "texture": "#3"},
				"up": {"uv": [4, 2, 12, 4], "texture": "#3"},
				"down": {"uv": [4, 12, 12, 14], "texture": "#3"}
			}
		},
		{
			"name": "Cube1",
			"from": [4, 0, 5],
			"to": [5, 1, 7],
			"faces": {
				"north": {"uv": [9, 10, 10, 11], "texture": "#3"},
				"east": {"uv": [12, 13, 14, 14], "texture": "#3"},
				"south": {"uv": [4, 13, 5, 14], "texture": "#3"},
				"west": {"uv": [2, 13, 4, 14], "texture": "#3"},
				"up": {"uv": [4, 2, 12, 4], "texture": "#3"},
				"down": {"uv": [4, 12, 12, 14], "texture": "#3"}
			}
		},
		{
			"name": "Cube1",
			"from": [4, 1, 7],
			"to": [5, 2, 8],
			"faces": {
				"north": {"uv": [4, 13, 12, 14], "texture": "#3"},
				"east": {"uv": [12, 13, 14, 14], "texture": "#3"},
				"south": {"uv": [4, 13, 5, 14], "texture": "#3"},
				"west": {"uv": [2, 13, 4, 14], "texture": "#3"},
				"up": {"uv": [4, 2, 12, 4], "texture": "#3"},
				"down": {"uv": [4, 12, 12, 14], "texture": "#3"}
			}
		},
		{
			"name": "Cube1",
			"from": [4, 2, 8],
			"to": [5, 6, 9],
			"faces": {
				"north": {"uv": [4, 13, 12, 14], "texture": "#3"},
				"east": {"uv": [12, 13, 14, 14], "texture": "#3"},
				"south": {"uv": [7, 5, 8, 11], "texture": "#3"},
				"west": {"uv": [2, 13, 4, 14], "texture": "#3"},
				"up": {"uv": [4, 2, 12, 4], "texture": "#3"},
				"down": {"uv": [4, 12, 12, 14], "texture": "#3"}
			}
		},
		{
			"name": "Cube1",
			"from": [4, 6, 9],
			"to": [12, 8, 10],
			"faces": {
				"north": {"uv": [4, 13, 12, 15], "texture": "#3"},
				"east": {"uv": [12, 13, 14, 14], "texture": "#3"},
				"south": {"uv": [8, 14, 16, 16], "texture": "#3"},
				"west": {"uv": [2, 13, 4, 14], "texture": "#3"},
				"up": {"uv": [0, 0, 8, 2], "texture": "#3"},
				"down": {"uv": [0, 0, 8.5, 2.5], "texture": "#3"}
			}
		},
		{
			"name": "Cube1",
			"from": [11, 2, 2],
			"to": [12, 3, 4],
			"faces": {
				"north": {"uv": [11, 13, 12, 14], "texture": "#3"},
				"east": {"uv": [12, 13, 14, 14], "texture": "#3"},
				"south": {"uv": [4, 11.5, 5, 12.5], "texture": "#3"},
				"west": {"uv": [2, 13, 4, 14], "texture": "#3"},
				"up": {"uv": [4, 2, 5, 4], "texture": "#3"},
				"down": {"uv": [4, 12, 5, 14], "texture": "#3"}
			}
		},
		{
			"name": "Cube1",
			"from": [11, 1, 4],
			"to": [12, 2, 5],
			"faces": {
				"north": {"uv": [7, 9, 8, 10], "texture": "#3"},
				"east": {"uv": [12, 13, 14, 14], "texture": "#3"},
				"south": {"uv": [4, 13, 12, 14], "texture": "#3"},
				"west": {"uv": [2, 13, 4, 14], "texture": "#3"},
				"up": {"uv": [4, 2, 12, 4], "texture": "#3"},
				"down": {"uv": [4, 12, 12, 14], "texture": "#3"}
			}
		},
		{
			"name": "Cube1",
			"from": [11, 0, 5],
			"to": [12, 1, 7],
			"faces": {
				"north": {"uv": [4, 13, 5, 14], "texture": "#3"},
				"east": {"uv": [12, 13, 14, 14], "texture": "#3"},
				"south": {"uv": [7.5, 12.5, 8.5, 13.5], "texture": "#3"},
				"west": {"uv": [2, 13, 4, 14], "texture": "#3"},
				"up": {"uv": [4, 2, 12, 4], "texture": "#3"},
				"down": {"uv": [4, 12, 12, 14], "texture": "#3"}
			}
		},
		{
			"name": "Cube1",
			"from": [11, 1, 7],
			"to": [12, 2, 8],
			"faces": {
				"north": {"uv": [4, 13, 12, 14], "texture": "#3"},
				"east": {"uv": [12, 13, 14, 14], "texture": "#3"},
				"south": {"uv": [4, 13, 5, 14], "texture": "#3"},
				"west": {"uv": [2, 13, 4, 14], "texture": "#3"},
				"up": {"uv": [4, 2, 12, 4], "texture": "#3"},
				"down": {"uv": [4, 12, 12, 14], "texture": "#3"}
			}
		},
		{
			"name": "Cube1",
			"from": [11, 2, 8],
			"to": [12, 6, 9],
			"faces": {
				"north": {"uv": [4, 13, 12, 14], "texture": "#3"},
				"east": {"uv": [12, 13, 14, 14], "texture": "#3"},
				"south": {"uv": [6, 6, 7, 11.5], "texture": "#3"},
				"west": {"uv": [2, 13, 4, 14], "texture": "#3"},
				"up": {"uv": [4, 2, 12, 4], "texture": "#3"},
				"down": {"uv": [4, 12, 12, 14], "texture": "#3"}
			}
		},
		{
			"name": "Cube1",
			"from": [5, 8, 9],
			"to": [11, 9, 10],
			"faces": {
				"north": {"uv": [4, 13, 12, 14], "texture": "#3"},
				"east": {"uv": [12, 13, 14, 14], "texture": "#3"},
				"south": {"uv": [7.5, 11, 13.5, 12], "texture": "#3"},
				"west": {"uv": [2, 13, 4, 14], "texture": "#3"},
				"up": {"uv": [4, 2, 12, 4], "texture": "#3"},
				"down": {"uv": [4, 12, 12, 14], "texture": "#3"}
			}
		},
		{
			"name": "Cube1",
			"from": [6, 8, 8],
			"to": [10, 9, 9],
			"faces": {
				"north": {"uv": [4, 13, 12, 14], "texture": "#3"},
				"east": {"uv": [12, 13, 14, 14], "texture": "#3"},
				"south": {"uv": [4, 13, 12, 14], "texture": "#3"},
				"west": {"uv": [2, 13, 4, 14], "texture": "#3"},
				"up": {"uv": [4, 2, 12, 4], "texture": "#3"},
				"down": {"uv": [4, 12, 12, 14], "texture": "#3"}
			}
		},
		{
			"name": "Cube1",
			"from": [4, 2, 2],
			"to": [5, 3, 4],
			"faces": {
				"north": {"uv": [11, 13, 12, 14], "texture": "#3"},
				"east": {"uv": [12, 13, 14, 14], "texture": "#3"},
				"south": {"uv": [4, 13, 5, 14], "texture": "#3"},
				"west": {"uv": [2, 13, 4, 14], "texture": "#3"},
				"up": {"uv": [4, 2, 5, 4], "texture": "#3"},
				"down": {"uv": [4, 12, 5, 14], "texture": "#3"}
			}
		},
		{
			"name": "Cube1",
			"from": [5, 6, 8],
			"to": [11, 8, 9],
			"faces": {
				"north": {"uv": [4, 13, 12, 14], "texture": "#2"},
				"east": {"uv": [12, 13, 14, 14], "texture": "#2"},
				"south": {"uv": [4, 13, 12, 14], "texture": "#2"},
				"west": {"uv": [2, 13, 4, 14], "texture": "#2"},
				"up": {"uv": [4, 2, 12, 4], "texture": "#2"},
				"down": {"uv": [4, 12, 12, 14], "texture": "#2"}
			}
		},
		{
			"name": "Cube1",
			"from": [4, 3, 2],
			"to": [12, 5, 7],
			"faces": {
				"north": {"uv": [5, 13, 11, 14], "texture": "#2"},
				"east": {"uv": [13, 13, 14, 14], "texture": "#2"},
				"south": {"uv": [5, 13, 6, 14], "texture": "#2"},
				"west": {"uv": [2, 13, 3, 14], "texture": "#2"},
				"up": {"uv": [5, 2, 11, 3], "texture": "#2"},
				"down": {"uv": [5, 13, 11, 14], "texture": "#2"}
			}
		},
		{
			"name": "Cube1",
			"from": [4, 2, 4],
			"to": [4.5, 3, 8],
			"rotation": {"angle": 0, "axis": "y", "origin": [8, 8, 8]},
			"faces": {
				"north": {"uv": [5, 13, 11, 14], "texture": "#2"},
				"east": {"uv": [13, 13, 14, 14], "texture": "#2"},
				"south": {"uv": [5, 13, 6, 14], "texture": "#2"},
				"west": {"uv": [2, 13, 3, 14], "texture": "#2"},
				"up": {"uv": [5, 2, 11, 3], "texture": "#2"},
				"down": {"uv": [5, 13, 11, 14], "texture": "#2"}
			}
		},
		{
			"name": "Cube2",
			"from": [11.5, 2, 4],
			"to": [12, 3, 8],
			"rotation": {"angle": 0, "axis": "y", "origin": [15, 8, 8]},
			"faces": {
				"north": {"uv": [5, 13, 11, 14], "texture": "#2"},
				"east": {"uv": [13, 13, 14, 14], "texture": "#2"},
				"south": {"uv": [5, 13, 6, 14], "texture": "#2"},
				"west": {"uv": [2, 13, 3, 14], "texture": "#2"},
				"up": {"uv": [5, 2, 11, 3], "texture": "#2"},
				"down": {"uv": [5, 13, 11, 14], "texture": "#2"}
			}
		},
		{
			"name": "Cube1",
			"from": [4, 1, 5],
			"to": [4.5, 2, 7],
			"faces": {
				"north": {"uv": [5, 13, 11, 14], "texture": "#2"},
				"east": {"uv": [13, 13, 14, 14], "texture": "#2"},
				"south": {"uv": [5, 13, 6, 14], "texture": "#2"},
				"west": {"uv": [2, 13, 3, 14], "texture": "#2"},
				"up": {"uv": [5, 2, 11, 3], "texture": "#2"},
				"down": {"uv": [5, 13, 11, 14], "texture": "#2"}
			}
		},
		{
			"name": "Cube1",
			"from": [11.5, 1, 5],
			"to": [12, 2, 7],
			"rotation": {"angle": 0, "axis": "y", "origin": [15, 8, 8]},
			"faces": {
				"north": {"uv": [5, 13, 11, 14], "texture": "#2"},
				"east": {"uv": [13, 13, 14, 14], "texture": "#2"},
				"south": {"uv": [5, 13, 6, 14], "texture": "#2"},
				"west": {"uv": [2, 13, 3, 14], "texture": "#2"},
				"up": {"uv": [5, 2, 11, 3], "texture": "#2"},
				"down": {"uv": [5, 13, 11, 14], "texture": "#2"}
			}
		},
		{
			"name": "Cube1",
			"from": [4.5, 6, 2.5],
			"to": [11.5, 8, 8],
			"faces": {
				"north": {"uv": [5, 13, 11, 14], "texture": "#2"},
				"east": {"uv": [13, 13, 14, 14], "texture": "#2"},
				"south": {"uv": [5, 13, 6, 14], "texture": "#2"},
				"west": {"uv": [2, 13, 3, 14], "texture": "#2"},
				"up": {"uv": [5, 2, 11, 3], "texture": "#2"},
				"down": {"uv": [5, 13, 11, 14], "texture": "#2"}
			}
		},
		{
			"name": "Cube1",
			"from": [4.5, 5, 2.5],
			"to": [11.5, 6, 7],
			"faces": {
				"north": {"uv": [5, 13, 11, 14], "texture": "#2"},
				"east": {"uv": [13, 13, 14, 14], "texture": "#2"},
				"south": {"uv": [5, 13, 6, 14], "texture": "#2"},
				"west": {"uv": [2, 13, 3, 14], "texture": "#2"},
				"up": {"uv": [5, 2, 11, 3], "texture": "#2"},
				"down": {"uv": [5, 13, 11, 14], "texture": "#2"}
			}
		},
		{
			"name": "Cube1",
			"from": [4, 3, 7],
			"to": [4.5, 5, 8],
			"faces": {
				"north": {"uv": [5, 13, 11, 14], "texture": "#2"},
				"east": {"uv": [13, 13, 14, 14], "texture": "#2"},
				"south": {"uv": [5, 13, 6, 14], "texture": "#2"},
				"west": {"uv": [2, 13, 3, 14], "texture": "#2"},
				"up": {"uv": [5, 2, 11, 3], "texture": "#2"},
				"down": {"uv": [5, 13, 11, 14], "texture": "#2"}
			}
		},
		{
			"name": "Cube1",
			"from": [11.5, 3, 7],
			"to": [12, 5, 8],
			"faces": {
				"north": {"uv": [5, 13, 11, 14], "texture": "#2"},
				"east": {"uv": [13, 13, 14, 14], "texture": "#2"},
				"south": {"uv": [5, 13, 6, 14], "texture": "#2"},
				"west": {"uv": [2, 13, 3, 14], "texture": "#2"},
				"up": {"uv": [5, 2, 11, 3], "texture": "#2"},
				"down": {"uv": [5, 13, 11, 14], "texture": "#2"}
			}
		},
		{
			"name": "Cube1",
			"from": [4.5, 5, 7],
			"to": [5, 6, 8],
			"faces": {
				"north": {"uv": [5, 13, 11, 14], "texture": "#2"},
				"east": {"uv": [13, 13, 14, 14], "texture": "#2"},
				"south": {"uv": [5, 13, 6, 14], "texture": "#2"},
				"west": {"uv": [2, 13, 3, 14], "texture": "#2"},
				"up": {"uv": [5, 2, 11, 3], "texture": "#2"},
				"down": {"uv": [5, 13, 11, 14], "texture": "#2"}
			}
		},
		{
			"name": "Cube1",
			"from": [11, 5, 7],
			"to": [11.5, 6, 8],
			"faces": {
				"north": {"uv": [5, 13, 11, 14], "texture": "#2"},
				"east": {"uv": [13, 13, 14, 14], "texture": "#2"},
				"south": {"uv": [5, 13, 6, 14], "texture": "#2"},
				"west": {"uv": [2, 13, 3, 14], "texture": "#2"},
				"up": {"uv": [5, 2, 11, 3], "texture": "#2"},
				"down": {"uv": [5, 13, 11, 14], "texture": "#2"}
			}
		},
		{
			"name": "Cube1",
			"from": [7, 7.5, 10],
			"to": [8, 8.5, 10.1],
			"faces": {
				"north": {"uv": [4, 13, 12, 15], "texture": "#1"},
				"east": {"uv": [12, 13, 14, 14], "texture": "#1"},
				"south": {"uv": [8, 14, 16, 16], "texture": "#1"},
				"west": {"uv": [2, 13, 4, 14], "texture": "#1"},
				"up": {"uv": [0, 0, 8, 2], "texture": "#1"},
				"down": {"uv": [0, 0, 8.5, 2.5], "texture": "#1"}
			}
		},
		{
			"name": "Cube1",
			"from": [8, 7.5, 10],
			"to": [9, 8.5, 10.1],
			"faces": {
				"north": {"uv": [4, 13, 12, 15], "texture": "#particle"},
				"east": {"uv": [12, 13, 14, 14], "texture": "#particle"},
				"south": {"uv": [8, 14, 16, 16], "texture": "#particle"},
				"west": {"uv": [2, 13, 4, 14], "texture": "#particle"},
				"up": {"uv": [0, 0, 8, 2], "texture": "#particle"},
				"down": {"uv": [0, 0, 8.5, 2.5], "texture": "#particle"}
			}
		}
	],
	"display": {
		"thirdperson_righthand": {
			"rotation": [45, -140, 0],
			"translation": [-1.75, 3.5, 0]
		},
		"thirdperson_lefthand": {
			"rotation": [45, -140, 0],
			"translation": [-1.75, 3.5, 0]
		},
		"firstperson_righthand": {
			"translation": [0, 5, 0]
		},
		"firstperson_lefthand": {
			"translation": [0, 5, 0]
		},
		"ground": {
			"translation": [0, 5, 0]
		},
		"gui": {
			"rotation": [0, -45, 0],
			"translation": [-0.5, 3.5, 1.5]
		},
		"head": {
			"rotation": [0, -180, 0],
			"translation": [0, 7, -4],
			"scale": [2.16, 2, 2]
		},
		"fixed": {
			"rotation": [0, -180, 0],
			"translation": [0, 5, -5],
			"scale": [1.5, 1.5, 1.5]
		}
	}
}