{
	"__comment": "Designed by Cm@BlackSpigotMC with Cubik Studio - https://cubik.studio",
	"textures": {
		"texture": "block/cyan_wool"
	},
	"elements": [
		{
			"from": [ 8, -1.5, -2 ],
			"to": [ 9, 17.5, 18 ],
			"faces": {
				"down": { "uv": [ 8, 0, 9, 16 ], "texture": "#texture" },
				"up": { "uv": [ 8, 0, 9, 16 ], "texture": "#texture" },
				"north": { "uv": [ 7, 0, 8, 16 ], "texture": "#texture" },
				"south": { "uv": [ 8, 0, 9, 16 ], "texture": "#texture" },
				"west": { "uv": [ 0, 0, 16, 16 ], "texture": "#texture" },
				"east": { "uv": [ 0, 0, 16, 16 ], "texture": "#texture" }
			}
		}
	],
	"display": {
		"firstperson_righthand": {
			"rotation":  [ 55, 0, 100 ],
			"translation":  [ 0, 1, 0 ]
		},
		"firstperson_lefthand": {
			"rotation":  [ 55, 0, 100 ],
			"translation":  [ 0, .1, 0 ]
		},
		"gui": {
			"rotation":  [ 90, 0, 90 ],
			"translation":  [ 0, 2, 0 ]
		},
		"head": {
			"rotation":  [ 0, 90, 0 ],
			"translation":  [ 0, -17, 0 ],
			"scale":  [ 3, 3, 3 ]
		},
		"ground": {
			"translation":  [ 0, 3, 0 ]
		},
		"fixed": {
			"rotation":  [ 0, 90, 0 ],
			"translation":  [ 0, .1, 0 ],
			"scale":  [ 5, 5, 5 ]
		}
	}
}