{
	"__comment": "Model generated using MrCrayfish's Model Creator (https://mrcrayfish.com/tools?id=mc)",
	"textures": {
		"iron_block": "block/iron_block",
		"gray_concrete": "block/smithing_table_top",
		"white_concrete": "block/white_concrete",
		"white_stained_glass": "block/white_stained_glass"
	},
	"elements": [
		{
			"from": [ 4, 0.5, 11 ],
			"to": [ 12, 12.5, 12 ],
			"faces": {
				"north": { "uv": [ 0, 0, 8, 12 ], "texture": "#gray_concrete" },
				"south": { "uv": [ 0, 0, 8, 12 ], "texture": "#gray_concrete" },
				"west": { "uv": [ 0, 0, 1, 12 ], "texture": "#gray_concrete" },
				"east": { "uv": [ 0, 0, 1, 12 ], "texture": "#gray_concrete" }
			}
		},
		{
			"from": [ 2.835, 0.5, 12.225 ],
			"to": [ 5.835, 12.5, 13.225 ],
			"rotation": { "origin": [ 8, 8, 8 ], "axis": "y", "angle": -22.5 },
			"faces": {
				"down": { "uv": [ 0, 0, 3, 1 ], "texture": "#gray_concrete" },
				"up": { "uv": [ 0, 0, 3, 1 ], "texture": "#gray_concrete" },
				"north": { "uv": [ 0, 0, 3, 12 ], "texture": "#gray_concrete" },
				"south": { "uv": [ 0, 0, 3, 12 ], "texture": "#gray_concrete" },
				"west": { "uv": [ 0, 0, 1, 12 ], "texture": "#gray_concrete" },
				"east": { "uv": [ 0, 0, 1, 12 ], "texture": "#gray_concrete" }
			}
		},
		{
			"from": [ 10.7, 0.5, 15.52 ],
			"to": [ 13.7, 12.5, 16.52 ],
			"rotation": { "origin": [ 0, 8, 11 ], "axis": "y", "angle": 22.5 },
			"faces": {
				"down": { "uv": [ 0, 0, 3, 1 ], "texture": "#gray_concrete" },
				"up": { "uv": [ 0, 0, 3, 1 ], "texture": "#gray_concrete" },
				"north": { "uv": [ 0, 0, 3, 12 ], "texture": "#gray_concrete" },
				"south": { "uv": [ 0, 0, 3, 12 ], "texture": "#gray_concrete" },
				"west": { "uv": [ 0, 0, 1, 12 ], "texture": "#gray_concrete" },
				"east": { "uv": [ 0, 0, 1, 12 ], "texture": "#gray_concrete" }
			}
		},
		{
			"from": [ 2.835, 12.5, 12.225 ],
			"to": [ 5.835, 13.5, 13.625 ],
			"rotation": { "origin": [ 8, 8, 8 ], "axis": "y", "angle": -22.5 },
			"faces": {
				"down": { "uv": [ 0, 0, 3, 1.4 ], "texture": "#gray_concrete" },
				"up": { "uv": [ 0, 0, 3, 1.4 ], "texture": "#gray_concrete" },
				"north": { "uv": [ 0, 0, 3, 1 ], "texture": "#gray_concrete" },
				"south": { "uv": [ 0, 0, 3, 1 ], "texture": "#gray_concrete" },
				"west": { "uv": [ 0, 0, 1.4, 1 ], "texture": "#gray_concrete" },
				"east": { "uv": [ 0, 0, 1.4, 1 ], "texture": "#gray_concrete" }
			}
		},
		{
			"from": [ 3.85, 12.5, 11 ],
			"to": [ 12.15, 13.5, 12.4 ],
			"faces": {
				"down": { "uv": [ 0, 0, 8.3, 1.4 ], "texture": "#gray_concrete" },
				"up": { "uv": [ 0, 0, 8.3, 1.4 ], "texture": "#gray_concrete" },
				"north": { "uv": [ 0, 0, 8.3, 1 ], "texture": "#gray_concrete" },
				"south": { "uv": [ 0, 0, 8.3, 1 ], "texture": "#gray_concrete" },
				"west": { "uv": [ 0, 0, 1.4, 1 ], "texture": "#gray_concrete" },
				"east": { "uv": [ 0, 0, 1.4, 1 ], "texture": "#gray_concrete" }
			}
		},
		{
			"from": [ 10.7, 12.5, 15.52 ],
			"to": [ 13.7, 13.5, 16.92 ],
			"rotation": { "origin": [ 0, 8, 11 ], "axis": "y", "angle": 22.5 },
			"faces": {
				"down": { "uv": [ 0, 0, 3, 1.4 ], "texture": "#gray_concrete" },
				"up": { "uv": [ 0, 0, 3, 1.4 ], "texture": "#gray_concrete" },
				"north": { "uv": [ 0, 0, 3, 1 ], "texture": "#gray_concrete" },
				"south": { "uv": [ 0, 0, 3, 1 ], "texture": "#gray_concrete" },
				"west": { "uv": [ 0, 0, 1.4, 1 ], "texture": "#gray_concrete" },
				"east": { "uv": [ 0, 0, 1.4, 1 ], "texture": "#gray_concrete" }
			}
		},
		{
			"from": [ 10.7, 0, 15.52 ],
			"to": [ 13.7, 1, 16.92 ],
			"rotation": { "origin": [ 0, 8, 11 ], "axis": "y", "angle": 22.5 },
			"faces": {
				"down": { "uv": [ 0, 0, 3, 1.4 ], "texture": "#gray_concrete" },
				"up": { "uv": [ 0, 0, 3, 1.4 ], "texture": "#gray_concrete" },
				"north": { "uv": [ 0, 0, 3, 1 ], "texture": "#gray_concrete" },
				"south": { "uv": [ 0, 0, 3, 1 ], "texture": "#gray_concrete" },
				"west": { "uv": [ 0, 0, 1.4, 1 ], "texture": "#gray_concrete" },
				"east": { "uv": [ 0, 0, 1.4, 1 ], "texture": "#gray_concrete" }
			}
		},
		{
			"from": [ 2.835, 0, 12.225 ],
			"to": [ 5.835, 1, 13.625 ],
			"rotation": { "origin": [ 8, 8, 8 ], "axis": "y", "angle": -22.5 },
			"faces": {
				"down": { "uv": [ 0, 0, 3, 1.4 ], "texture": "#gray_concrete" },
				"up": { "uv": [ 0, 0, 3, 1.4 ], "texture": "#gray_concrete" },
				"north": { "uv": [ 0, 0, 3, 1 ], "texture": "#gray_concrete" },
				"south": { "uv": [ 0, 0, 3, 1 ], "texture": "#gray_concrete" },
				"west": { "uv": [ 0, 0, 1.4, 1 ], "texture": "#gray_concrete" },
				"east": { "uv": [ 0, 0, 1.4, 1 ], "texture": "#gray_concrete" }
			}
		},
		{
			"from": [ 3.85, 0, 11 ],
			"to": [ 12.15, 1, 12.4 ],
			"faces": {
				"down": { "uv": [ 0, 0, 8.3, 1.4 ], "texture": "#gray_concrete" },
				"up": { "uv": [ 0, 0, 8.3, 1.4 ], "texture": "#gray_concrete" },
				"north": { "uv": [ 0, 0, 8.3, 1 ], "texture": "#gray_concrete" },
				"south": { "uv": [ 0, 0, 8.3, 1 ], "texture": "#gray_concrete" },
				"west": { "uv": [ 0, 0, 1.4, 1 ], "texture": "#gray_concrete" },
				"east": { "uv": [ 0, 0, 1.4, 1 ], "texture": "#gray_concrete" }
			}
		},
		{
			"from": [ 13.7, 0, 15.52 ],
			"to": [ 14.7, 13.5, 16.92 ],
			"rotation": { "origin": [ 0, 8, 11 ], "axis": "y", "angle": 22.5 },
			"faces": {
				"down": { "uv": [ 0, 0, 1, 1.4 ], "texture": "#gray_concrete" },
				"up": { "uv": [ 0, 0, 1, 1.4 ], "texture": "#gray_concrete" },
				"north": { "uv": [ 0, 0, 1, 13.5 ], "texture": "#gray_concrete" },
				"south": { "uv": [ 0, 0, 1, 13.5 ], "texture": "#gray_concrete" },
				"west": { "uv": [ 0, 0, 1.4, 13.5 ], "texture": "#gray_concrete" },
				"east": { "uv": [ 0, 0, 1.4, 13.5 ], "texture": "#gray_concrete" }
			}
		},
		{
			"from": [ 1.835, 0, 12.225 ],
			"to": [ 2.835, 13.5, 13.625 ],
			"rotation": { "origin": [ 8, 8, 8 ], "axis": "y", "angle": -22.5 },
			"faces": {
				"down": { "uv": [ 0, 0, 1, 1.4 ], "texture": "#gray_concrete" },
				"up": { "uv": [ 0, 0, 1, 1.4 ], "texture": "#gray_concrete" },
				"north": { "uv": [ 0, 0, 1, 13.5 ], "texture": "#gray_concrete" },
				"south": { "uv": [ 0, 0, 1, 13.5 ], "texture": "#gray_concrete" },
				"west": { "uv": [ 0, 0, 1.4, 13.5 ], "texture": "#gray_concrete" },
				"east": { "uv": [ 0, 0, 1.4, 13.5 ], "texture": "#gray_concrete" }
			}
		},
		{
			"from": [ 4, 13.5, 10.5 ],
			"to": [ 12, 23.5, 11.5 ],
			"faces": {
				"down": { "uv": [ 0, 0, 8, 1 ], "texture": "#gray_concrete" },
				"up": { "uv": [ 0, 0, 8, 1 ], "texture": "#gray_concrete" },
				"north": { "uv": [ 0, 0, 8, 10 ], "texture": "#gray_concrete" },
				"south": { "uv": [ 0, 0, 8, 10 ], "texture": "#gray_concrete" },
				"west": { "uv": [ 0, 0, 1, 10 ], "texture": "#gray_concrete" },
				"east": { "uv": [ 0, 0, 1, 10 ], "texture": "#gray_concrete" }
			}
		},
		{
			"from": [ 3.15, 13.5, 11.76 ],
			"to": [ 5.65, 23.5, 12.76 ],
			"rotation": { "origin": [ 8, 8, 8 ], "axis": "y", "angle": -22.5 },
			"faces": {
				"down": { "uv": [ 0, 0, 2.5, 1 ], "texture": "#gray_concrete" },
				"up": { "uv": [ 0, 0, 2.5, 1 ], "texture": "#gray_concrete" },
				"north": { "uv": [ 0, 0, 2.5, 10 ], "texture": "#gray_concrete" },
				"south": { "uv": [ 0, 0, 2.5, 10 ], "texture": "#gray_concrete" },
				"west": { "uv": [ 0, 0, 1, 10 ], "texture": "#gray_concrete" },
				"east": { "uv": [ 0, 0, 1, 10 ], "texture": "#gray_concrete" }
			}
		},
		{
			"from": [ 10.9, 13.5, 15.1 ],
			"to": [ 12.9, 23.5, 16.1 ],
			"rotation": { "origin": [ 0, 8, 11 ], "axis": "y", "angle": 22.5 },
			"faces": {
				"down": { "uv": [ 0, 0, 2, 1 ], "texture": "#gray_concrete" },
				"up": { "uv": [ 0, 0, 2, 1 ], "texture": "#gray_concrete" },
				"north": { "uv": [ 0, 0, 2, 10 ], "texture": "#gray_concrete" },
				"south": { "uv": [ 0, 0, 2, 10 ], "texture": "#gray_concrete" },
				"west": { "uv": [ 0, 0, 1, 10 ], "texture": "#gray_concrete" },
				"east": { "uv": [ 0, 0, 1, 10 ], "texture": "#gray_concrete" }
			}
		},
		{
			"from": [ 2.835, 13.5, 11.725 ],
			"to": [ 3.835, 24, 12.995 ],
			"rotation": { "origin": [ 8, 8, 8 ], "axis": "y", "angle": -22.5 },
			"faces": {
				"down": { "uv": [ 0, 0, 1, 1.27 ], "texture": "#gray_concrete" },
				"up": { "uv": [ 0, 0, 1, 1.27 ], "texture": "#gray_concrete" },
				"north": { "uv": [ 0, 0, 1, 10.5 ], "texture": "#gray_concrete" },
				"south": { "uv": [ 0, 0, 1, 10.5 ], "texture": "#gray_concrete" },
				"west": { "uv": [ 0, 0, 1.27, 10.5 ], "texture": "#gray_concrete" },
				"east": { "uv": [ 0, 0, 1.27, 10.5 ], "texture": "#gray_concrete" }
			}
		},
		{
			"from": [ 12.9, 13.5, 15.02 ],
			"to": [ 13.9, 24, 16.29 ],
			"rotation": { "origin": [ 0, 8, 11 ], "axis": "y", "angle": 22.5 },
			"faces": {
				"down": { "uv": [ 0, 0, 1, 1.27 ], "texture": "#gray_concrete" },
				"up": { "uv": [ 0, 0, 1, 1.27 ], "texture": "#gray_concrete" },
				"north": { "uv": [ 0, 0, 1, 10.5 ], "texture": "#gray_concrete" },
				"south": { "uv": [ 0, 0, 1, 10.5 ], "texture": "#gray_concrete" },
				"west": { "uv": [ 0, 0, 1.27, 10.5 ], "texture": "#gray_concrete" },
				"east": { "uv": [ 0, 0, 1.27, 10.5 ], "texture": "#gray_concrete" }
			}
		},
		{
			"from": [ 4, 23.5, 10.75 ],
			"to": [ 12, 24.5, 11.75 ],
			"faces": {
				"down": { "uv": [ 0, 0, 8, 1 ], "texture": "#gray_concrete" },
				"up": { "uv": [ 0, 0, 8, 1 ], "texture": "#gray_concrete" },
				"north": { "uv": [ 0, 0, 8, 1 ], "texture": "#gray_concrete" },
				"south": { "uv": [ 0, 0, 8, 1 ], "texture": "#gray_concrete" },
				"west": { "uv": [ 0, 0, 1, 1 ], "texture": "#gray_concrete" },
				"east": { "uv": [ 0, 0, 1, 1 ], "texture": "#gray_concrete" }
			}
		},
		{
			"from": [ 4, 27.5, 10.75 ],
			"to": [ 12, 29.5, 11.75 ],
			"faces": {
				"down": { "uv": [ 0, 0, 8, 1 ], "texture": "#gray_concrete" },
				"up": { "uv": [ 0, 0, 8, 1 ], "texture": "#gray_concrete" },
				"north": { "uv": [ 0, 0, 8, 2 ], "texture": "#gray_concrete" },
				"south": { "uv": [ 0, 0, 8, 2 ], "texture": "#gray_concrete" },
				"west": { "uv": [ 0, 0, 1, 2 ], "texture": "#gray_concrete" },
				"east": { "uv": [ 0, 0, 1, 2 ], "texture": "#gray_concrete" }
			}
		},
		{
			"from": [ 4, 24.5, 10.75 ],
			"to": [ 5, 27.5, 11.75 ],
			"faces": {
				"north": { "uv": [ 0, 0, 1, 3 ], "texture": "#gray_concrete" },
				"south": { "uv": [ 0, 0, 1, 3 ], "texture": "#gray_concrete" },
				"west": { "uv": [ 0, 0, 1, 3 ], "texture": "#gray_concrete" },
				"east": { "uv": [ 0, 0, 1, 3 ], "texture": "#gray_concrete" }
			}
		},
		{
			"from": [ 11, 24.5, 10.75 ],
			"to": [ 12, 27.5, 11.75 ],
			"faces": {
				"north": { "uv": [ 0, 0, 1, 3 ], "texture": "#gray_concrete" },
				"south": { "uv": [ 0, 0, 1, 3 ], "texture": "#gray_concrete" },
				"west": { "uv": [ 0, 0, 1, 3 ], "texture": "#gray_concrete" },
				"east": { "uv": [ 0, 0, 1, 3 ], "texture": "#gray_concrete" }
			}
		},
		{
			"from": [ 11.3, 23.5, 10.25 ],
			"to": [ 12.3, 29.8, 10.75 ],
			"faces": {
				"down": { "uv": [ 0, 0, 1, 0.5 ], "texture": "#gray_concrete" },
				"up": { "uv": [ 0, 0, 1, 0.5 ], "texture": "#gray_concrete" },
				"north": { "uv": [ 0, 0, 1, 6.3 ], "texture": "#gray_concrete" },
				"south": { "uv": [ 0, 0, 1, 6.3 ], "texture": "#gray_concrete" },
				"west": { "uv": [ 0, 0, 0.5, 6.3 ], "texture": "#gray_concrete" },
				"east": { "uv": [ 0, 0, 0.5, 6.3 ], "texture": "#gray_concrete" }
			}
		},
		{
			"from": [ 3.7, 23.5, 10.25 ],
			"to": [ 4.7, 29.8, 10.75 ],
			"faces": {
				"down": { "uv": [ 0, 0, 1, 0.5 ], "texture": "#gray_concrete" },
				"up": { "uv": [ 0, 0, 1, 0.5 ], "texture": "#gray_concrete" },
				"north": { "uv": [ 0, 0, 1, 6.3 ], "texture": "#gray_concrete" },
				"south": { "uv": [ 0, 0, 1, 6.3 ], "texture": "#gray_concrete" },
				"west": { "uv": [ 0, 0, 0.5, 6.3 ], "texture": "#gray_concrete" },
				"east": { "uv": [ 0, 0, 0.5, 6.3 ], "texture": "#gray_concrete" }
			}
		},
		{
			"from": [ 4.3, 29, 10.25 ],
			"to": [ 11.8, 30.3, 10.75 ],
			"faces": {
				"down": { "uv": [ 0, 0, 7.5, 0.5 ], "texture": "#gray_concrete" },
				"up": { "uv": [ 0, 0, 7.5, 0.5 ], "texture": "#gray_concrete" },
				"north": { "uv": [ 0, 0, 7.5, 1.3 ], "texture": "#gray_concrete" },
				"south": { "uv": [ 0, 0, 7.5, 1.3 ], "texture": "#gray_concrete" },
				"west": { "uv": [ 0, 0, 0.5, 1.3 ], "texture": "#gray_concrete" },
				"east": { "uv": [ 0, 0, 0.5, 1.3 ], "texture": "#gray_concrete" }
			}
		},
		{
			"from": [ 4.7, 24.5, 11 ],
			"to": [ 11.7, 27.8, 11.5 ],
			"faces": {
				"north": { "uv": [ 0, 0, 16, 8.3 ], "texture": "#white_stained_glass" },
				"south": { "uv": [ 0, 0, 16, 8.3 ], "texture": "#white_stained_glass" },
				"west": { "uv": [ 0, 0, 0.5, 3.3 ], "texture": "#white_stained_glass" },
				"east": { "uv": [ 0, 0, 0.5, 3.3 ], "texture": "#white_stained_glass" }
			}
		},
		{
			"from": [ 4.5, 29.5, 10.75 ],
			"to": [ 11.5, 30, 11.75 ],
			"faces": {
				"up": { "uv": [ 0, 0, 7, 1 ], "texture": "#gray_concrete" },
				"south": { "uv": [ 0, 0, 7, 0.5 ], "texture": "#gray_concrete" },
				"west": { "uv": [ 0, 0, 1, 0.5 ], "texture": "#gray_concrete" },
				"east": { "uv": [ 0, 0, 1, 0.5 ], "texture": "#gray_concrete" }
			}
		},
		{
			"from": [ 3.15, 23.5, 11.76 ],
			"to": [ 5.75, 24, 12.995 ],
			"rotation": { "origin": [ 8, 8, 8 ], "axis": "y", "angle": -22.5 },
			"faces": {
				"down": { "uv": [ 0, 0, 2.6, 1.235 ], "texture": "#gray_concrete" },
				"up": { "uv": [ 0, 0, 2.6, 1.235 ], "texture": "#gray_concrete" },
				"north": { "uv": [ 0, 0, 2.6, 0.5 ], "texture": "#gray_concrete" },
				"south": { "uv": [ 0, 0, 2.6, 0.5 ], "texture": "#gray_concrete" },
				"west": { "uv": [ 0, 0, 1.235, 0.5 ], "texture": "#gray_concrete" },
				"east": { "uv": [ 0, 0, 1.235, 0.5 ], "texture": "#gray_concrete" }
			}
		},
		{
			"from": [ 10.81, 23.5, 14.985 ],
			"to": [ 12.91, 24, 16.285 ],
			"rotation": { "origin": [ 0, 8, 11 ], "axis": "y", "angle": 22.5 },
			"faces": {
				"down": { "uv": [ 0, 0, 2.1, 1.3 ], "texture": "#gray_concrete" },
				"up": { "uv": [ 0, 0, 2.1, 1.3 ], "texture": "#gray_concrete" },
				"north": { "uv": [ 0, 0, 2.1, 0.5 ], "texture": "#gray_concrete" },
				"south": { "uv": [ 0, 0, 2.1, 0.5 ], "texture": "#gray_concrete" },
				"west": { "uv": [ 0, 0, 1.3, 0.5 ], "texture": "#gray_concrete" },
				"east": { "uv": [ 0, 0, 1.3, 0.5 ], "texture": "#gray_concrete" }
			}
		},
		{
			"from": [ 4.3, 22, 25.25 ],
			"to": [ 11.8, 23.6, 25.75 ],
			"rotation": { "origin": [ 8, 8, 8 ], "axis": "x", "angle": -45 },
			"faces": {
				"down": { "uv": [ 0, 0, 7.5, 0.5 ], "texture": "#white_stained_glass" },
				"up": { "uv": [ 0, 0, 7.5, 0.5 ], "texture": "#white_stained_glass" },
				"north": { "uv": [ 1, 2, 8.5, 3.6 ], "texture": "#white_stained_glass" },
				"south": { "uv": [ 4, 2, 11.5, 3.6 ], "texture": "#white_stained_glass" },
				"west": { "uv": [ 0, 0, 0.5, 1.6 ], "texture": "#white_stained_glass" },
				"east": { "uv": [ 3, 2, 3.5, 3.6 ], "texture": "#white_stained_glass" }
			}
		},
		{
			"from": [ 4.3, 23.6, 25.25 ],
			"to": [ 11.8, 23.8, 25.75 ],
			"rotation": { "origin": [ 8, 8, 8 ], "axis": "x", "angle": -45 },
			"faces": {
				"down": { "uv": [ 0, 0, 7.5, 0.5 ], "texture": "#gray_concrete" },
				"up": { "uv": [ 0, 0, 7.5, 0.5 ], "texture": "#gray_concrete" },
				"north": { "uv": [ 0, 0, 7.5, 0.1999998 ], "texture": "#gray_concrete" },
				"south": { "uv": [ 0, 0, 7.5, 0.1999998 ], "texture": "#gray_concrete" },
				"west": { "uv": [ 0, 0, 0.5, 0.1999998 ], "texture": "#gray_concrete" },
				"east": { "uv": [ 0, 0, 0.5, 0.1999998 ], "texture": "#gray_concrete" }
			}
		},
		{
			"from": [ 4.1, 22, 25.25 ],
			"to": [ 4.3, 23.8, 25.75 ],
			"rotation": { "origin": [ 8, 8, 8 ], "axis": "x", "angle": -45 },
			"faces": {
				"down": { "uv": [ 0, 0, 0.2, 0.5 ], "texture": "#gray_concrete" },
				"up": { "uv": [ 0, 0, 0.2, 0.5 ], "texture": "#gray_concrete" },
				"north": { "uv": [ 0, 0, 0.2, 1.8 ], "texture": "#gray_concrete" },
				"south": { "uv": [ 0, 0, 0.2, 1.8 ], "texture": "#gray_concrete" },
				"west": { "uv": [ 0, 0, 0.5, 1.8 ], "texture": "#gray_concrete" },
				"east": { "uv": [ 0, 0, 0.5, 1.8 ], "texture": "#gray_concrete" }
			}
		},
		{
			"from": [ 11.8, 22, 25.25 ],
			"to": [ 12, 23.8, 25.75 ],
			"rotation": { "origin": [ 8, 8, 8 ], "axis": "x", "angle": -45 },
			"faces": {
				"down": { "uv": [ 0, 0, 0.2, 0.5 ], "texture": "#gray_concrete" },
				"up": { "uv": [ 0, 0, 0.2, 0.5 ], "texture": "#gray_concrete" },
				"north": { "uv": [ 0, 0, 0.2, 1.8 ], "texture": "#gray_concrete" },
				"south": { "uv": [ 0, 0, 0.2, 1.8 ], "texture": "#gray_concrete" },
				"west": { "uv": [ 0, 0, 0.5, 1.8 ], "texture": "#gray_concrete" },
				"east": { "uv": [ 0, 0, 0.5, 1.8 ], "texture": "#gray_concrete" }
			}
		},
		{
			"from": [ 10.81, 24, 15.35 ],
			"to": [ 13.61, 28.5, 15.85 ],
			"rotation": { "origin": [ 0, 8, 11 ], "axis": "y", "angle": 22.5 },
			"faces": {
				"down": { "uv": [ 0, 0, 2.8, 0.5 ], "texture": "#white_stained_glass" },
				"up": { "uv": [ 0, 0, 2.8, 0.5 ], "texture": "#white_stained_glass" },
				"north": { "uv": [ 2, 4, 4.8, 8.5 ], "texture": "#white_stained_glass" },
				"south": { "uv": [ 9, 8, 11.8, 12.5 ], "texture": "#white_stained_glass" },
				"west": { "uv": [ 0, 0, 0.5, 4.5 ], "texture": "#white_stained_glass" },
				"east": { "uv": [ 0, 0, 0.5, 4.5 ], "texture": "#white_stained_glass" }
			}
		},
		{
			"from": [ 10.81, 28.5, 15.35 ],
			"to": [ 13.91, 28.8, 15.85 ],
			"rotation": { "origin": [ 0, 8, 11 ], "axis": "y", "angle": 22.5 },
			"faces": {
				"down": { "uv": [ 0, 0, 3.1, 0.5 ], "texture": "#gray_concrete" },
				"up": { "uv": [ 0, 0, 3.1, 0.5 ], "texture": "#gray_concrete" },
				"north": { "uv": [ 0, 0, 3.1, 0.3000002 ], "texture": "#gray_concrete" },
				"south": { "uv": [ 0, 0, 3.1, 0.3000002 ], "texture": "#gray_concrete" },
				"west": { "uv": [ 0, 0, 0.5, 0.3000002 ], "texture": "#gray_concrete" },
				"east": { "uv": [ 0, 0, 0.5, 0.3000002 ], "texture": "#gray_concrete" }
			}
		},
		{
			"from": [ 13.6, 24, 15.35 ],
			"to": [ 13.9, 28.5, 15.85 ],
			"rotation": { "origin": [ 0, 8, 11 ], "axis": "y", "angle": 22.5 },
			"faces": {
				"down": { "uv": [ 0, 0, 0.3, 0.5 ], "texture": "#gray_concrete" },
				"up": { "uv": [ 0, 0, 0.3, 0.5 ], "texture": "#gray_concrete" },
				"north": { "uv": [ 0, 0, 0.3, 4.5 ], "texture": "#gray_concrete" },
				"south": { "uv": [ 0, 0, 0.3, 4.5 ], "texture": "#gray_concrete" },
				"west": { "uv": [ 0, 0, 0.5, 4.5 ], "texture": "#gray_concrete" },
				"east": { "uv": [ 0, 0, 0.5, 4.5 ], "texture": "#gray_concrete" }
			}
		},
		{
			"from": [ 3.15, 24, 12.16 ],
			"to": [ 5.75, 28.5, 12.66 ],
			"rotation": { "origin": [ 8, 8, 8 ], "axis": "y", "angle": -22.5 },
			"faces": {
				"down": { "uv": [ 0, 0, 2.6, 0.5 ], "texture": "#white_stained_glass" },
				"up": { "uv": [ 0, 0, 2.6, 0.5 ], "texture": "#white_stained_glass" },
				"north": { "uv": [ 4, 3, 6.6, 7.5 ], "texture": "#white_stained_glass" },
				"south": { "uv": [ 2, 4, 4.6, 8.5 ], "texture": "#white_stained_glass" },
				"west": { "uv": [ 0, 0, 0.5, 4.5 ], "texture": "#white_stained_glass" },
				"east": { "uv": [ 0, 0, 0.5, 4.5 ], "texture": "#white_stained_glass" }
			}
		},
		{
			"from": [ 3.15, 28.5, 12.16 ],
			"to": [ 5.75, 28.8, 12.66 ],
			"rotation": { "origin": [ 8, 8, 8 ], "axis": "y", "angle": -22.5 },
			"faces": {
				"down": { "uv": [ 0, 0, 2.6, 0.5 ], "texture": "#gray_concrete" },
				"up": { "uv": [ 0, 0, 2.6, 0.5 ], "texture": "#gray_concrete" },
				"north": { "uv": [ 0, 0, 2.6, 0.3000002 ], "texture": "#gray_concrete" },
				"south": { "uv": [ 0, 0, 2.6, 0.3000002 ], "texture": "#gray_concrete" },
				"west": { "uv": [ 0, 0, 0.5, 0.3000002 ], "texture": "#gray_concrete" },
				"east": { "uv": [ 0, 0, 0.5, 0.3000002 ], "texture": "#gray_concrete" }
			}
		},
		{
			"from": [ 2.85, 24, 12.16 ],
			"to": [ 3.15, 28.8, 12.66 ],
			"rotation": { "origin": [ 8, 8, 8 ], "axis": "y", "angle": -22.5 },
			"faces": {
				"down": { "uv": [ 0, 0, 0.3, 0.5 ], "texture": "#gray_concrete" },
				"up": { "uv": [ 0, 0, 0.3, 0.5 ], "texture": "#gray_concrete" },
				"north": { "uv": [ 0, 0, 0.3, 4.8 ], "texture": "#gray_concrete" },
				"south": { "uv": [ 0, 0, 0.3, 4.8 ], "texture": "#gray_concrete" },
				"west": { "uv": [ 0, 0, 0.5, 4.8 ], "texture": "#gray_concrete" },
				"east": { "uv": [ 0, 0, 0.5, 4.8 ], "texture": "#gray_concrete" }
			}
		},
		{
			"from": [ 11, 14.5, 9.75 ],
			"to": [ 12, 15.5, 10.75 ],
			"rotation": { "origin": [ 8, 8, 8 ], "axis": "z", "angle": 45 },
			"faces": {
				"down": { "uv": [ 0, 0, 1, 1 ], "texture": "#iron_block" },
				"up": { "uv": [ 0, 0, 1, 1 ], "texture": "#iron_block" },
				"north": { "uv": [ 0, 0, 1, 1 ], "texture": "#iron_block" },
				"south": { "uv": [ 0, 0, 1, 1 ], "texture": "#iron_block" },
				"west": { "uv": [ 0, 0, 1, 1 ], "texture": "#iron_block" },
				"east": { "uv": [ 0, 0, 1, 1 ], "texture": "#iron_block" }
			}
		},
		{
			"from": [ 18, 14.5, 9.75 ],
			"to": [ 19, 15.5, 10.75 ],
			"rotation": { "origin": [ 8, 8, 8 ], "axis": "z", "angle": 45 },
			"faces": {
				"down": { "uv": [ 0, 0, 1, 1 ], "texture": "#iron_block" },
				"up": { "uv": [ 0, 0, 1, 1 ], "texture": "#iron_block" },
				"north": { "uv": [ 0, 0, 1, 1 ], "texture": "#iron_block" },
				"south": { "uv": [ 0, 0, 1, 1 ], "texture": "#iron_block" },
				"west": { "uv": [ 0, 0, 1, 1 ], "texture": "#iron_block" },
				"east": { "uv": [ 0, 0, 1, 1 ], "texture": "#iron_block" }
			}
		},
		{
			"from": [ 11, 14.5, 9.25 ],
			"to": [ 19, 15.5, 9.75 ],
			"rotation": { "origin": [ 8, 8, 8 ], "axis": "z", "angle": 45 },
			"faces": {
				"down": { "uv": [ 0, 0, 8, 0.5 ], "texture": "#iron_block" },
				"up": { "uv": [ 0, 0, 8, 0.5 ], "texture": "#iron_block" },
				"north": { "uv": [ 0, 0, 8, 1 ], "texture": "#iron_block" },
				"south": { "uv": [ 0, 0, 8, 1 ], "texture": "#iron_block" },
				"west": { "uv": [ 0, 0, 0.5, 1 ], "texture": "#iron_block" },
				"east": { "uv": [ 0, 0, 0.5, 1 ], "texture": "#iron_block" }
			}
		},
		{
			"from": [ 6, 29, 11.75 ],
			"to": [ 7, 29.2, 11.95 ],
			"faces": {
				"down": { "uv": [ 0, 0, 1, 0.1999998 ], "texture": "#white_concrete" },
				"up": { "uv": [ 0, 0, 1, 0.1999998 ], "texture": "#white_concrete" },
				"south": { "uv": [ 0, 0, 1, 0.1999998 ], "texture": "#white_concrete" },
				"west": { "uv": [ 0, 0, 0.2, 0.1999998 ], "texture": "#white_concrete" },
				"east": { "uv": [ 0, 0, 0.2, 0.1999998 ], "texture": "#white_concrete" }
			}
		},
		{
			"from": [ 6, 28, 11.75 ],
			"to": [ 7, 28.2, 11.95 ],
			"faces": {
				"down": { "uv": [ 0, 0, 1, 0.1999998 ], "texture": "#white_concrete" },
				"up": { "uv": [ 0, 0, 1, 0.1999998 ], "texture": "#white_concrete" },
				"south": { "uv": [ 0, 0, 1, 0.1999998 ], "texture": "#white_concrete" },
				"west": { "uv": [ 0, 0, 0.2, 0.1999998 ], "texture": "#white_concrete" },
				"east": { "uv": [ 0, 0, 0.2, 0.1999998 ], "texture": "#white_concrete" }
			}
		},
		{
			"from": [ 6, 28.2, 11.75 ],
			"to": [ 6.2, 29, 11.95 ],
			"faces": {
				"south": { "uv": [ 0, 0, 0.2, 0.8000002 ], "texture": "#white_concrete" },
				"west": { "uv": [ 0, 0, 0.2, 0.8000002 ], "texture": "#white_concrete" },
				"east": { "uv": [ 0, 0, 0.2, 0.8000002 ], "texture": "#white_concrete" }
			}
		},
		{
			"from": [ 6.8, 28.2, 11.75 ],
			"to": [ 7, 28.6, 11.95 ],
			"faces": {
				"up": { "uv": [ 0, 0, 0.2, 0.1999998 ], "texture": "#white_concrete" },
				"south": { "uv": [ 0, 0, 0.2, 0.3999996 ], "texture": "#white_concrete" },
				"west": { "uv": [ 0, 0, 0.2, 0.3999996 ], "texture": "#white_concrete" },
				"east": { "uv": [ 0, 0, 0.2, 0.3999996 ], "texture": "#white_concrete" }
			}
		},
		{
			"from": [ 6.5, 28.6, 11.75 ],
			"to": [ 7, 28.7, 11.95 ],
			"faces": {
				"down": { "uv": [ 0, 0, 0.5, 0.1999998 ], "texture": "#white_concrete" },
				"up": { "uv": [ 0, 0, 0.5, 0.1999998 ], "texture": "#white_concrete" },
				"south": { "uv": [ 0, 0, 0.5, 0.1000004 ], "texture": "#white_concrete" },
				"west": { "uv": [ 0, 0, 0.2, 0.1000004 ], "texture": "#white_concrete" },
				"east": { "uv": [ 0, 0, 0.2, 0.1000004 ], "texture": "#white_concrete" }
			}
		},
		{
			"from": [ 7.4, 28, 11.75 ],
			"to": [ 7.599999, 29.2, 11.95 ],
			"faces": {
				"down": { "uv": [ 0, 0, 0.2, 0.1999998 ], "texture": "#white_concrete" },
				"up": { "uv": [ 0, 0, 0.2, 0.1999998 ], "texture": "#white_concrete" },
				"south": { "uv": [ 0, 0, 0.2, 1.2 ], "texture": "#white_concrete" },
				"west": { "uv": [ 0, 0, 0.2, 1.2 ], "texture": "#white_concrete" },
				"east": { "uv": [ 0, 0, 0.2, 1.2 ], "texture": "#white_concrete" }
			}
		},
		{
			"from": [ 8, 28.2, 11.75 ],
			"to": [ 8.2, 29, 11.95 ],
			"faces": {
				"south": { "uv": [ 0, 0, 0.2, 0.8000002 ], "texture": "#white_concrete" },
				"west": { "uv": [ 0, 0, 0.2, 0.8000002 ], "texture": "#white_concrete" },
				"east": { "uv": [ 0, 0, 0.2, 0.8000002 ], "texture": "#white_concrete" }
			}
		},
		{
			"from": [ 8, 28, 11.75 ],
			"to": [ 9, 28.2, 11.95 ],
			"faces": {
				"down": { "uv": [ 0, 0, 1, 0.1999998 ], "texture": "#white_concrete" },
				"up": { "uv": [ 0, 0, 1, 0.1999998 ], "texture": "#white_concrete" },
				"south": { "uv": [ 0, 0, 1, 0.1999998 ], "texture": "#white_concrete" },
				"west": { "uv": [ 0, 0, 0.2, 0.1999998 ], "texture": "#white_concrete" },
				"east": { "uv": [ 0, 0, 0.2, 0.1999998 ], "texture": "#white_concrete" }
			}
		},
		{
			"from": [ 8, 29, 11.75 ],
			"to": [ 9, 29.2, 11.95 ],
			"faces": {
				"down": { "uv": [ 0, 0, 1, 0.1999998 ], "texture": "#white_concrete" },
				"up": { "uv": [ 0, 0, 1, 0.1999998 ], "texture": "#white_concrete" },
				"south": { "uv": [ 0, 0, 1, 0.1999998 ], "texture": "#white_concrete" },
				"west": { "uv": [ 0, 0, 0.2, 0.1999998 ], "texture": "#white_concrete" },
				"east": { "uv": [ 0, 0, 0.2, 0.1999998 ], "texture": "#white_concrete" }
			}
		},
		{
			"from": [ 8.8, 28.2, 11.75 ],
			"to": [ 9, 28.6, 11.95 ],
			"faces": {
				"up": { "uv": [ 0, 0, 0.2, 0.1999998 ], "texture": "#white_concrete" },
				"south": { "uv": [ 0, 0, 0.2, 0.3999996 ], "texture": "#white_concrete" },
				"west": { "uv": [ 0, 0, 0.2, 0.3999996 ], "texture": "#white_concrete" },
				"east": { "uv": [ 0, 0, 0.2, 0.3999996 ], "texture": "#white_concrete" }
			}
		},
		{
			"from": [ 8.5, 28.6, 11.75 ],
			"to": [ 9, 28.7, 11.95 ],
			"faces": {
				"down": { "uv": [ 0, 0, 0.5, 0.1999998 ], "texture": "#white_concrete" },
				"up": { "uv": [ 0, 0, 0.5, 0.1999998 ], "texture": "#white_concrete" },
				"south": { "uv": [ 0, 0, 0.5, 0.1000004 ], "texture": "#white_concrete" },
				"west": { "uv": [ 0, 0, 0.2, 0.1000004 ], "texture": "#white_concrete" },
				"east": { "uv": [ 0, 0, 0.2, 0.1000004 ], "texture": "#white_concrete" }
			}
		},
		{
			"from": [ 9.4, 28, 11.75 ],
			"to": [ 9.6, 29.2, 11.95 ],
			"faces": {
				"down": { "uv": [ 0, 0, 0.2, 0.1999998 ], "texture": "#white_concrete" },
				"up": { "uv": [ 0, 0, 0.2, 0.1999998 ], "texture": "#white_concrete" },
				"south": { "uv": [ 0, 0, 0.2, 1.2 ], "texture": "#white_concrete" },
				"west": { "uv": [ 0, 0, 0.2, 1.2 ], "texture": "#white_concrete" },
				"east": { "uv": [ 0, 0, 0.2, 1.2 ], "texture": "#white_concrete" }
			}
		},
		{
			"from": [ 10.3, 28, 11.75 ],
			"to": [ 10.5, 29.2, 11.95 ],
			"rotation": { "origin": [ 10, 27, 8 ], "axis": "z", "angle": 22.5 },
			"faces": {
				"down": { "uv": [ 0, 0, 0.2, 0.1999998 ], "texture": "#white_concrete" },
				"up": { "uv": [ 0, 0, 0.2, 0.1999998 ], "texture": "#white_concrete" },
				"north": { "uv": [ 0, 0, 0.2, 1.2 ], "texture": "#white_concrete" },
				"south": { "uv": [ 0, 0, 0.2, 1.2 ], "texture": "#white_concrete" },
				"west": { "uv": [ 0, 0, 0.2, 1.2 ], "texture": "#white_concrete" },
				"east": { "uv": [ 0, 0, 0.2, 1.2 ], "texture": "#white_concrete" }
			}
		},
		{
			"from": [ 10, 28, 11.75 ],
			"to": [ 10.2, 29.2, 11.95 ],
			"faces": {
				"down": { "uv": [ 0, 0, 0.2, 0.1999998 ], "texture": "#white_concrete" },
				"up": { "uv": [ 0, 0, 0.2, 0.1999998 ], "texture": "#white_concrete" },
				"south": { "uv": [ 0, 0, 0.2, 1.2 ], "texture": "#white_concrete" },
				"west": { "uv": [ 0, 0, 0.2, 1.2 ], "texture": "#white_concrete" },
				"east": { "uv": [ 0, 0, 0.2, 1.2 ], "texture": "#white_concrete" }
			}
		}
	],
	"display": {
		"thirdperson_righthand": {
			"rotation":  [ 60, -180, 0 ],
			"translation":  [ -6, -4.3, -4 ],
			"scale":  [ 1.1, 1.1, 1.1 ]
		},
		"thirdperson_lefthand": {
			"rotation":  [ 60, -180, 0 ],
			"translation":  [ -6, -4.3, -4 ],
			"scale":  [ 1.1, 1.1, 1.1 ]
		},
		"firstperson_righthand": {
			"rotation":  [ 0, 180, 0 ],
			"translation":  [ -7, -80, 0 ],
			"scale":  [ 5, 5, 5 ]
		},
		"firstperson_lefthand": {
			"rotation":  [ 0, 180, 0 ],
			"translation":  [ -7, -80, 0 ],
			"scale":  [ 5, 5, 5 ]
		},
		"gui": {
			"rotation":  [ 30, 45, 0 ],
			"translation":  [ 0, -3, 0 ],
			"scale":  [ 0.625, 0.625, 0.625 ]
		},
		"head": {
			"rotation":  [ 90, 180, 0 ],
			"translation":  [ 0, 2, -10 ],
			"scale":  [ 1.5, 1.5, 1.5 ]
		},
		"ground": {
			"translation":  [ 0, 3, 0 ],
			"scale":  [ 0.5, 0.5, 0.5 ]
		},
		"fixed": {
			"rotation":  [ 0, 180, 0 ],
			"translation":  [ 0, -20, 0 ],
			"scale":  [ 2, 2, 2 ]
		}
	}
}