{
	"__comment": "Model generated using MrCrayfish's Model Creator (https://mrcrayfish.com/tools?id=mc)",
	"textures": {
		"lime_concrete_powder": "block/lime_concrete_powder",
		"yellow_concrete_powder": "block/yellow_concrete_powder",
		"coal_block": "block/coal_block",
		"red_concrete_powder": "block/red_concrete_powder"
	},
	"elements": [
		{
			"from": [ 5, 0, 2 ],
			"to": [ 11, 14, 7 ],
			"faces": {
				"down": { "uv": [ 0, 0, 6, 5 ], "texture": "#coal_block" },
				"up": { "uv": [ 0, 0, 6, 5 ], "texture": "#coal_block" },
				"north": { "uv": [ 0, 0, 6, 14 ], "texture": "#coal_block" },
				"south": { "uv": [ 0, 0, 6, 14 ], "texture": "#coal_block" },
				"west": { "uv": [ 0, 0, 5, 14 ], "texture": "#coal_block" },
				"east": { "uv": [ 0, 0, 5, 14 ], "texture": "#coal_block" }
			}
		},
		{
			"from": [ 7, 4, 7 ],
			"to": [ 9, 4.5, 9.5 ],
			"faces": {
				"down": { "uv": [ 0, 0, 2, 2.5 ], "texture": "#coal_block" },
				"up": { "uv": [ 0, 0, 2, 2.5 ], "texture": "#coal_block" },
				"south": { "uv": [ 0, 0, 2, 0.5 ], "texture": "#coal_block" },
				"west": { "uv": [ 0, 0, 2.5, 0.5 ], "texture": "#coal_block" },
				"east": { "uv": [ 0, 0, 2.5, 0.5 ], "texture": "#coal_block" }
			}
		},
		{
			"from": [ 9, 3.5, 7 ],
			"to": [ 9.5, 4, 9.25 ],
			"faces": {
				"down": { "uv": [ 0, 0, 0.5, 2.25 ], "texture": "#coal_block" },
				"up": { "uv": [ 0, 0, 0.5, 2.25 ], "texture": "#coal_block" },
				"south": { "uv": [ 0, 0, 0.5, 0.5 ], "texture": "#coal_block" },
				"west": { "uv": [ 0, 0, 2.25, 0.5 ], "texture": "#coal_block" },
				"east": { "uv": [ 0, 0, 2.25, 0.5 ], "texture": "#coal_block" }
			}
		},
		{
			"from": [ 6.5, 3.5, 7 ],
			"to": [ 7, 4, 9.25 ],
			"faces": {
				"down": { "uv": [ 0, 0, 0.5, 2.25 ], "texture": "#coal_block" },
				"up": { "uv": [ 0, 0, 0.5, 2.25 ], "texture": "#coal_block" },
				"south": { "uv": [ 0, 0, 0.5, 0.5 ], "texture": "#coal_block" },
				"west": { "uv": [ 0, 0, 2.25, 0.5 ], "texture": "#coal_block" },
				"east": { "uv": [ 0, 0, 2.25, 0.5 ], "texture": "#coal_block" }
			}
		},
		{
			"from": [ 6, 2.5, 7 ],
			"to": [ 6.5, 3.5, 8.75 ],
			"faces": {
				"down": { "uv": [ 0, 0, 0.5, 1.75 ], "texture": "#coal_block" },
				"up": { "uv": [ 0, 0, 0.5, 1.75 ], "texture": "#coal_block" },
				"south": { "uv": [ 0, 0, 0.5, 1 ], "texture": "#coal_block" },
				"west": { "uv": [ 0, 0, 1.75, 1 ], "texture": "#coal_block" },
				"east": { "uv": [ 0, 0, 1.75, 1 ], "texture": "#coal_block" }
			}
		},
		{
			"from": [ 9.5, 2.5, 7 ],
			"to": [ 10, 3.5, 8.75 ],
			"faces": {
				"down": { "uv": [ 0, 0, 0.5, 1.75 ], "texture": "#coal_block" },
				"up": { "uv": [ 0, 0, 0.5, 1.75 ], "texture": "#coal_block" },
				"south": { "uv": [ 0, 0, 0.5, 1 ], "texture": "#coal_block" },
				"west": { "uv": [ 0, 0, 1.75, 1 ], "texture": "#coal_block" },
				"east": { "uv": [ 0, 0, 1.75, 1 ], "texture": "#coal_block" }
			}
		},
		{
			"from": [ 6, 2, 7 ],
			"to": [ 6.5, 2.5, 8.5 ],
			"faces": {
				"down": { "uv": [ 0, 0, 0.5, 1.5 ], "texture": "#coal_block" },
				"south": { "uv": [ 0, 0, 0.5, 0.5 ], "texture": "#coal_block" },
				"west": { "uv": [ 0, 0, 1.5, 0.5 ], "texture": "#coal_block" },
				"east": { "uv": [ 0, 0, 1.5, 0.5 ], "texture": "#coal_block" }
			}
		},
		{
			"from": [ 9.5, 2, 7 ],
			"to": [ 10, 2.5, 8.5 ],
			"faces": {
				"down": { "uv": [ 0, 0, 0.5, 1.5 ], "texture": "#coal_block" },
				"south": { "uv": [ 0, 0, 0.5, 0.5 ], "texture": "#coal_block" },
				"west": { "uv": [ 0, 0, 1.5, 0.5 ], "texture": "#coal_block" },
				"east": { "uv": [ 0, 0, 1.5, 0.5 ], "texture": "#coal_block" }
			}
		},
		{
			"from": [ 9.5, 6, 7 ],
			"to": [ 10, 6.5, 8.5 ],
			"faces": {
				"down": { "uv": [ 0, 0, 0.5, 1.5 ], "texture": "#coal_block" },
				"south": { "uv": [ 0, 0, 0.5, 0.5 ], "texture": "#coal_block" },
				"west": { "uv": [ 0, 0, 1.5, 0.5 ], "texture": "#coal_block" },
				"east": { "uv": [ 0, 0, 1.5, 0.5 ], "texture": "#coal_block" }
			}
		},
		{
			"from": [ 6, 6, 7 ],
			"to": [ 6.5, 6.5, 8.5 ],
			"faces": {
				"down": { "uv": [ 0, 0, 0.5, 1.5 ], "texture": "#coal_block" },
				"south": { "uv": [ 0, 0, 0.5, 0.5 ], "texture": "#coal_block" },
				"west": { "uv": [ 0, 0, 1.5, 0.5 ], "texture": "#coal_block" },
				"east": { "uv": [ 0, 0, 1.5, 0.5 ], "texture": "#coal_block" }
			}
		},
		{
			"from": [ 9.5, 6.5, 7 ],
			"to": [ 10, 7.5, 8.75 ],
			"faces": {
				"down": { "uv": [ 0, 0, 0.5, 1.75 ], "texture": "#coal_block" },
				"up": { "uv": [ 0, 0, 0.5, 1.75 ], "texture": "#coal_block" },
				"south": { "uv": [ 0, 0, 0.5, 1 ], "texture": "#coal_block" },
				"west": { "uv": [ 0, 0, 1.75, 1 ], "texture": "#coal_block" },
				"east": { "uv": [ 0, 0, 1.75, 1 ], "texture": "#coal_block" }
			}
		},
		{
			"from": [ 6, 6.5, 7 ],
			"to": [ 6.5, 7.5, 8.75 ],
			"faces": {
				"down": { "uv": [ 0, 0, 0.5, 1.75 ], "texture": "#coal_block" },
				"up": { "uv": [ 0, 0, 0.5, 1.75 ], "texture": "#coal_block" },
				"south": { "uv": [ 0, 0, 0.5, 1 ], "texture": "#coal_block" },
				"west": { "uv": [ 0, 0, 1.75, 1 ], "texture": "#coal_block" },
				"east": { "uv": [ 0, 0, 1.75, 1 ], "texture": "#coal_block" }
			}
		},
		{
			"from": [ 6.5, 7.5, 7 ],
			"to": [ 7, 8, 9.25 ],
			"faces": {
				"down": { "uv": [ 0, 0, 0.5, 2.25 ], "texture": "#coal_block" },
				"up": { "uv": [ 0, 0, 0.5, 2.25 ], "texture": "#coal_block" },
				"south": { "uv": [ 0, 0, 0.5, 0.5 ], "texture": "#coal_block" },
				"west": { "uv": [ 0, 0, 2.25, 0.5 ], "texture": "#coal_block" },
				"east": { "uv": [ 0, 0, 2.25, 0.5 ], "texture": "#coal_block" }
			}
		},
		{
			"from": [ 9, 7.5, 7 ],
			"to": [ 9.5, 8, 9.25 ],
			"faces": {
				"down": { "uv": [ 0, 0, 0.5, 2.25 ], "texture": "#coal_block" },
				"up": { "uv": [ 0, 0, 0.5, 2.25 ], "texture": "#coal_block" },
				"south": { "uv": [ 0, 0, 0.5, 0.5 ], "texture": "#coal_block" },
				"west": { "uv": [ 0, 0, 2.25, 0.5 ], "texture": "#coal_block" },
				"east": { "uv": [ 0, 0, 2.25, 0.5 ], "texture": "#coal_block" }
			}
		},
		{
			"from": [ 7, 8, 7 ],
			"to": [ 9, 8.5, 9.5 ],
			"faces": {
				"down": { "uv": [ 0, 0, 2, 2.5 ], "texture": "#coal_block" },
				"up": { "uv": [ 0, 0, 2, 2.5 ], "texture": "#coal_block" },
				"south": { "uv": [ 0, 0, 2, 0.5 ], "texture": "#coal_block" },
				"west": { "uv": [ 0, 0, 2.5, 0.5 ], "texture": "#coal_block" },
				"east": { "uv": [ 0, 0, 2.5, 0.5 ], "texture": "#coal_block" }
			}
		},
		{
			"from": [ 9.5, 10, 7 ],
			"to": [ 10, 10.5, 8.5 ],
			"faces": {
				"down": { "uv": [ 0, 0, 0.5, 1.5 ], "texture": "#coal_block" },
				"south": { "uv": [ 0, 0, 0.5, 0.5 ], "texture": "#coal_block" },
				"west": { "uv": [ 0, 0, 1.5, 0.5 ], "texture": "#coal_block" },
				"east": { "uv": [ 0, 0, 1.5, 0.5 ], "texture": "#coal_block" }
			}
		},
		{
			"from": [ 7, 12, 7 ],
			"to": [ 9, 12.5, 9.5 ],
			"faces": {
				"down": { "uv": [ 0, 0, 2, 2.5 ], "texture": "#coal_block" },
				"up": { "uv": [ 0, 0, 2, 2.5 ], "texture": "#coal_block" },
				"south": { "uv": [ 0, 0, 2, 0.5 ], "texture": "#coal_block" },
				"west": { "uv": [ 0, 0, 2.5, 0.5 ], "texture": "#coal_block" },
				"east": { "uv": [ 0, 0, 2.5, 0.5 ], "texture": "#coal_block" }
			}
		},
		{
			"from": [ 6.5, 11.5, 7 ],
			"to": [ 7, 12, 9.25 ],
			"faces": {
				"down": { "uv": [ 0, 0, 0.5, 2.25 ], "texture": "#coal_block" },
				"up": { "uv": [ 0, 0, 0.5, 2.25 ], "texture": "#coal_block" },
				"south": { "uv": [ 0, 0, 0.5, 0.5 ], "texture": "#coal_block" },
				"west": { "uv": [ 0, 0, 2.25, 0.5 ], "texture": "#coal_block" },
				"east": { "uv": [ 0, 0, 2.25, 0.5 ], "texture": "#coal_block" }
			}
		},
		{
			"from": [ 9, 11.5, 7 ],
			"to": [ 9.5, 12, 9.25 ],
			"faces": {
				"down": { "uv": [ 0, 0, 0.5, 2.25 ], "texture": "#coal_block" },
				"up": { "uv": [ 0, 0, 0.5, 2.25 ], "texture": "#coal_block" },
				"south": { "uv": [ 0, 0, 0.5, 0.5 ], "texture": "#coal_block" },
				"west": { "uv": [ 0, 0, 2.25, 0.5 ], "texture": "#coal_block" },
				"east": { "uv": [ 0, 0, 2.25, 0.5 ], "texture": "#coal_block" }
			}
		},
		{
			"from": [ 6, 10.5, 7 ],
			"to": [ 6.5, 11.5, 8.75 ],
			"faces": {
				"down": { "uv": [ 0, 0, 0.5, 1.75 ], "texture": "#coal_block" },
				"up": { "uv": [ 0, 0, 0.5, 1.75 ], "texture": "#coal_block" },
				"south": { "uv": [ 0, 0, 0.5, 1 ], "texture": "#coal_block" },
				"west": { "uv": [ 0, 0, 1.75, 1 ], "texture": "#coal_block" },
				"east": { "uv": [ 0, 0, 1.75, 1 ], "texture": "#coal_block" }
			}
		},
		{
			"from": [ 9.5, 10.5, 7 ],
			"to": [ 10, 11.5, 8.75 ],
			"faces": {
				"down": { "uv": [ 0, 0, 0.5, 1.75 ], "texture": "#coal_block" },
				"up": { "uv": [ 0, 0, 0.5, 1.75 ], "texture": "#coal_block" },
				"south": { "uv": [ 0, 0, 0.5, 1 ], "texture": "#coal_block" },
				"west": { "uv": [ 0, 0, 1.75, 1 ], "texture": "#coal_block" },
				"east": { "uv": [ 0, 0, 1.75, 1 ], "texture": "#coal_block" }
			}
		},
		{
			"from": [ 6, 10, 7 ],
			"to": [ 6.5, 10.5, 8.5 ],
			"faces": {
				"down": { "uv": [ 0, 0, 0.5, 1.5 ], "texture": "#coal_block" },
				"south": { "uv": [ 0, 0, 0.5, 0.5 ], "texture": "#coal_block" },
				"west": { "uv": [ 0, 0, 1.5, 0.5 ], "texture": "#coal_block" },
				"east": { "uv": [ 0, 0, 1.5, 0.5 ], "texture": "#coal_block" }
			}
		},
		{
			"from": [ 7, 9, 7 ],
			"to": [ 9, 12, 7.29 ],
			"faces": {
				"down": { "uv": [ 0, 0, 2, 0.29 ], "texture": "#red_concrete_powder" },
				"south": { "uv": [ 0, 0, 2, 3 ], "texture": "#red_concrete_powder" },
				"west": { "uv": [ 0, 0, 0.29, 3 ], "texture": "#red_concrete_powder" },
				"east": { "uv": [ 0, 0, 0.29, 3 ], "texture": "#red_concrete_powder" }
			}
		},
		{
			"from": [ 6.5, 9.5, 7 ],
			"to": [ 9.5, 11.5, 7.3 ],
			"faces": {
				"down": { "uv": [ 0, 0, 3, 0.3000002 ], "texture": "#red_concrete_powder" },
				"up": { "uv": [ 0, 0, 3, 0.3000002 ], "texture": "#red_concrete_powder" },
				"south": { "uv": [ 0, 0, 3, 2 ], "texture": "#red_concrete_powder" },
				"west": { "uv": [ 0, 0, 0.3, 2 ], "texture": "#red_concrete_powder" },
				"east": { "uv": [ 0, 0, 0.3, 2 ], "texture": "#red_concrete_powder" }
			}
		},
		{
			"from": [ 7, 5, 7 ],
			"to": [ 9, 8, 7.29 ],
			"faces": {
				"down": { "uv": [ 0, 0, 2, 0.29 ], "texture": "#yellow_concrete_powder" },
				"south": { "uv": [ 0, 0, 2, 3 ], "texture": "#yellow_concrete_powder" },
				"west": { "uv": [ 0, 0, 0.29, 3 ], "texture": "#yellow_concrete_powder" },
				"east": { "uv": [ 0, 0, 0.29, 3 ], "texture": "#yellow_concrete_powder" }
			}
		},
		{
			"from": [ 6.5, 5.5, 7 ],
			"to": [ 9.5, 7.5, 7.3 ],
			"faces": {
				"down": { "uv": [ 0, 0, 3, 0.3000002 ], "texture": "#yellow_concrete_powder" },
				"up": { "uv": [ 0, 0, 3, 0.3000002 ], "texture": "#yellow_concrete_powder" },
				"south": { "uv": [ 0, 0, 3, 2 ], "texture": "#yellow_concrete_powder" },
				"west": { "uv": [ 0, 0, 0.3, 2 ], "texture": "#yellow_concrete_powder" },
				"east": { "uv": [ 0, 0, 0.3, 2 ], "texture": "#yellow_concrete_powder" }
			}
		},
		{
			"from": [ 6.5, 1.5, 7 ],
			"to": [ 9.5, 3.5, 7.3 ],
			"faces": {
				"down": { "uv": [ 0, 0, 3, 0.3000002 ], "texture": "#lime_concrete_powder" },
				"up": { "uv": [ 0, 0, 3, 0.3000002 ], "texture": "#lime_concrete_powder" },
				"south": { "uv": [ 0, 0, 3, 2 ], "texture": "#lime_concrete_powder" },
				"west": { "uv": [ 0, 0, 0.3, 2 ], "texture": "#lime_concrete_powder" },
				"east": { "uv": [ 0, 0, 0.3, 2 ], "texture": "#lime_concrete_powder" }
			}
		},
		{
			"from": [ 7, 1, 7 ],
			"to": [ 9, 4, 7.3 ],
			"faces": {
				"down": { "uv": [ 0, 0, 2, 0.3000002 ], "texture": "#lime_concrete_powder" },
				"south": { "uv": [ 0, 0, 2, 3 ], "texture": "#lime_concrete_powder" },
				"west": { "uv": [ 0, 0, 0.3, 3 ], "texture": "#lime_concrete_powder" },
				"east": { "uv": [ 0, 0, 0.3, 3 ], "texture": "#lime_concrete_powder" }
			}
		}
	],
	"display": {
		"thirdperson_righthand": {
			"rotation":  [ 60, 0, 0 ],
			"translation":  [ -7, -15, 10 ],
			"scale":  [ 1.5, 1.5, 1.5 ]
		},
		"thirdperson_lefthand": {
			"rotation":  [ 60, 0, 0 ],
			"translation":  [ -7, -15, 10 ],
			"scale":  [ 1.5, 1.5, 1.5 ]
		},
		"gui": {
			"rotation":  [ 30, 45, 0 ]
		},
		"head": {
			"rotation":  [ 0, 180, 0 ],
			"translation":  [ 0, -10, -20 ],
			"scale":  [ 5, 5, 5 ]
		},
		"ground": {
			"translation":  [ 0, 3, 0 ]
		},
		"fixed": {
			"rotation":  [ 0, 180, 0 ],
			"translation":  [ 0, 0, -10 ],
			"scale":  [ 3, 3, 3 ]
		}
	}
}