{
	"__comment": "Model generated using MrCrayfish's Model Creator (https://mrcrayfish.com/tools?id=mc)",
	"textures": {
		"white_concrete_powder": "block/white_concrete_powder",
		"blue_concrete_powder": "block/blue_concrete_powder"
	},
	"elements": [
		{
			"from": [ 2, 1.5, 5 ],
			"to": [ 4, 14.5, 7 ],
			"faces": {
				"down": { "uv": [ 0, 0, 2, 2 ], "texture": "#blue_concrete_powder" },
				"up": { "uv": [ 0, 0, 2, 2 ], "texture": "#blue_concrete_powder" },
				"north": { "uv": [ 0, 0, 2, 13 ], "texture": "#blue_concrete_powder" },
				"south": { "uv": [ 0, 0, 2, 13 ], "texture": "#blue_concrete_powder" },
				"west": { "uv": [ 0, 0, 2, 13 ], "texture": "#blue_concrete_powder" },
				"east": { "uv": [ 0, 0, 2, 13 ], "texture": "#blue_concrete_powder" }
			}
		},
		{
			"from": [ 12, 1, 9 ],
			"to": [ 14, 14, 11 ],
			"faces": {
				"down": { "uv": [ 0, 0, 2, 2 ], "texture": "#blue_concrete_powder" },
				"up": { "uv": [ 0, 0, 2, 2 ], "texture": "#blue_concrete_powder" },
				"north": { "uv": [ 0, 0, 2, 13 ], "texture": "#blue_concrete_powder" },
				"south": { "uv": [ 0, 0, 2, 13 ], "texture": "#blue_concrete_powder" },
				"west": { "uv": [ 0, 0, 2, 13 ], "texture": "#blue_concrete_powder" },
				"east": { "uv": [ 0, 0, 2, 13 ], "texture": "#blue_concrete_powder" }
			}
		},
		{
			"from": [ 3, 2, 7.5 ],
			"to": [ 13, 13, 8.5 ],
			"rotation": { "origin": [ 8, 8, 8 ], "axis": "y", "angle": -22.5 },
			"faces": {
				"down": { "uv": [ 0, 0, 10, 1 ], "texture": "#blue_concrete_powder" },
				"up": { "uv": [ 0, 0, 10, 1 ], "texture": "#blue_concrete_powder" },
				"north": { "uv": [ 0, 0, 10, 11 ], "texture": "#blue_concrete_powder" },
				"south": { "uv": [ 0, 0, 10, 11 ], "texture": "#blue_concrete_powder" },
				"west": { "uv": [ 0, 0, 1, 11 ], "texture": "#blue_concrete_powder" },
				"east": { "uv": [ 0, 0, 1, 11 ], "texture": "#blue_concrete_powder" }
			}
		},
		{
			"from": [ 5, 3, 8.5 ],
			"to": [ 12, 3.2, 8.6 ],
			"rotation": { "origin": [ 8, 8, 8 ], "axis": "y", "angle": -22.5 },
			"faces": {
				"down": { "uv": [ 0, 0, 7, 0.1000004 ], "texture": "#white_concrete_powder" },
				"up": { "uv": [ 0, 0, 7, 0.1000004 ], "texture": "#white_concrete_powder" },
				"north": { "uv": [ 0, 0, 7, 0.1999998 ], "texture": "#white_concrete_powder" },
				"south": { "uv": [ 0, 0, 7, 0.1999998 ], "texture": "#white_concrete_powder" },
				"west": { "uv": [ 0, 0, 0.1, 0.1999998 ], "texture": "#white_concrete_powder" },
				"east": { "uv": [ 0, 0, 0.1, 0.1999998 ], "texture": "#white_concrete_powder" }
			}
		},
		{
			"from": [ 5, 9, 8.5 ],
			"to": [ 12, 9.2, 8.6 ],
			"rotation": { "origin": [ 8, 8, 8 ], "axis": "y", "angle": -22.5 },
			"faces": {
				"down": { "uv": [ 0, 0, 7, 0.1000004 ], "texture": "#white_concrete_powder" },
				"up": { "uv": [ 0, 0, 7, 0.1000004 ], "texture": "#white_concrete_powder" },
				"north": { "uv": [ 0, 0, 7, 0.1999998 ], "texture": "#white_concrete_powder" },
				"south": { "uv": [ 0, 0, 7, 0.1999998 ], "texture": "#white_concrete_powder" },
				"west": { "uv": [ 0, 0, 0.1, 0.1999998 ], "texture": "#white_concrete_powder" },
				"east": { "uv": [ 0, 0, 0.1, 0.1999998 ], "texture": "#white_concrete_powder" }
			}
		},
		{
			"from": [ 5, 3, 8.5 ],
			"to": [ 5.2, 9, 8.6 ],
			"rotation": { "origin": [ 8, 8, 8 ], "axis": "y", "angle": -22.5 },
			"faces": {
				"down": { "uv": [ 0, 0, 0.2, 0.1000004 ], "texture": "#white_concrete_powder" },
				"up": { "uv": [ 0, 0, 0.2, 0.1000004 ], "texture": "#white_concrete_powder" },
				"north": { "uv": [ 0, 0, 0.2, 6 ], "texture": "#white_concrete_powder" },
				"south": { "uv": [ 0, 0, 0.2, 6 ], "texture": "#white_concrete_powder" },
				"west": { "uv": [ 0, 0, 0.1, 6 ], "texture": "#white_concrete_powder" },
				"east": { "uv": [ 0, 0, 0.1, 6 ], "texture": "#white_concrete_powder" }
			}
		},
		{
			"from": [ 11.8, 3, 8.5 ],
			"to": [ 12, 9, 8.6 ],
			"rotation": { "origin": [ 8, 8, 8 ], "axis": "y", "angle": -22.5 },
			"faces": {
				"down": { "uv": [ 0, 0, 0.2, 0.1000004 ], "texture": "#white_concrete_powder" },
				"up": { "uv": [ 0, 0, 0.2, 0.1000004 ], "texture": "#white_concrete_powder" },
				"north": { "uv": [ 0, 0, 0.2, 6 ], "texture": "#white_concrete_powder" },
				"south": { "uv": [ 0, 0, 0.2, 6 ], "texture": "#white_concrete_powder" },
				"west": { "uv": [ 0, 0, 0.1, 6 ], "texture": "#white_concrete_powder" },
				"east": { "uv": [ 0, 0, 0.1, 6 ], "texture": "#white_concrete_powder" }
			}
		},
		{
			"from": [ 6.5, 3, 8.5 ],
			"to": [ 6.7, 6, 8.6 ],
			"rotation": { "origin": [ 8, 8, 8 ], "axis": "y", "angle": -22.5 },
			"faces": {
				"down": { "uv": [ 0, 0, 0.2, 0.1000004 ], "texture": "#white_concrete_powder" },
				"up": { "uv": [ 0, 0, 0.2, 0.1000004 ], "texture": "#white_concrete_powder" },
				"north": { "uv": [ 0, 0, 0.2, 3 ], "texture": "#white_concrete_powder" },
				"south": { "uv": [ 0, 0, 0.2, 3 ], "texture": "#white_concrete_powder" },
				"west": { "uv": [ 0, 0, 0.1, 3 ], "texture": "#white_concrete_powder" },
				"east": { "uv": [ 0, 0, 0.1, 3 ], "texture": "#white_concrete_powder" }
			}
		},
		{
			"from": [ 8, 3, 8.5 ],
			"to": [ 8.2, 6, 8.6 ],
			"rotation": { "origin": [ 8, 8, 8 ], "axis": "y", "angle": -22.5 },
			"faces": {
				"down": { "uv": [ 0, 0, 0.2, 0.1000004 ], "texture": "#white_concrete_powder" },
				"up": { "uv": [ 0, 0, 0.2, 0.1000004 ], "texture": "#white_concrete_powder" },
				"north": { "uv": [ 0, 0, 0.2, 3 ], "texture": "#white_concrete_powder" },
				"south": { "uv": [ 0, 0, 0.2, 3 ], "texture": "#white_concrete_powder" },
				"west": { "uv": [ 0, 0, 0.1, 3 ], "texture": "#white_concrete_powder" },
				"east": { "uv": [ 0, 0, 0.1, 3 ], "texture": "#white_concrete_powder" }
			}
		},
		{
			"from": [ 6.5, 6, 8.5 ],
			"to": [ 8.2, 6.2, 8.6 ],
			"rotation": { "origin": [ 8, 8, 8 ], "axis": "y", "angle": -22.5 },
			"faces": {
				"down": { "uv": [ 0, 0, 1.7, 0.1000004 ], "texture": "#white_concrete_powder" },
				"up": { "uv": [ 0, 0, 1.7, 0.1000004 ], "texture": "#white_concrete_powder" },
				"north": { "uv": [ 0, 0, 1.7, 0.1999998 ], "texture": "#white_concrete_powder" },
				"south": { "uv": [ 0, 0, 1.7, 0.1999998 ], "texture": "#white_concrete_powder" },
				"west": { "uv": [ 0, 0, 0.1, 0.1999998 ], "texture": "#white_concrete_powder" },
				"east": { "uv": [ 0, 0, 0.1, 0.1999998 ], "texture": "#white_concrete_powder" }
			}
		},
		{
			"from": [ 9.5, 4, 8.5 ],
			"to": [ 11.2, 5.7, 8.6 ],
			"rotation": { "origin": [ 8, 8, 8 ], "axis": "y", "angle": -22.5 },
			"faces": {
				"down": { "uv": [ 0, 0, 1.7, 0.1000004 ], "texture": "#white_concrete_powder" },
				"up": { "uv": [ 0, 0, 1.7, 0.1000004 ], "texture": "#white_concrete_powder" },
				"north": { "uv": [ 0, 0, 1.7, 1.7 ], "texture": "#white_concrete_powder" },
				"south": { "uv": [ 0, 0, 1.7, 1.7 ], "texture": "#white_concrete_powder" },
				"west": { "uv": [ 0, 0, 0.1, 1.7 ], "texture": "#white_concrete_powder" },
				"east": { "uv": [ 0, 0, 0.1, 1.7 ], "texture": "#white_concrete_powder" }
			}
		},
		{
			"from": [ 4.5, 9, 8.5 ],
			"to": [ 12.2, 9.7, 8.6 ],
			"rotation": { "origin": [ 8, 8, 8 ], "axis": "y", "angle": -22.5 },
			"faces": {
				"down": { "uv": [ 0, 0, 7.7, 0.1000004 ], "texture": "#white_concrete_powder" },
				"up": { "uv": [ 0, 0, 7.7, 0.1000004 ], "texture": "#white_concrete_powder" },
				"north": { "uv": [ 0, 0, 7.7, 0.6999998 ], "texture": "#white_concrete_powder" },
				"south": { "uv": [ 0, 0, 7.7, 0.6999998 ], "texture": "#white_concrete_powder" },
				"west": { "uv": [ 0, 0, 0.1, 0.6999998 ], "texture": "#white_concrete_powder" },
				"east": { "uv": [ 0, 0, 0.1, 0.6999998 ], "texture": "#white_concrete_powder" }
			}
		},
		{
			"from": [ 5.5, 9.7, 8.5 ],
			"to": [ 11.2, 10.4, 8.6 ],
			"rotation": { "origin": [ 8, 8, 8 ], "axis": "y", "angle": -22.5 },
			"faces": {
				"down": { "uv": [ 0, 0, 5.7, 0.1000004 ], "texture": "#white_concrete_powder" },
				"up": { "uv": [ 0, 0, 5.7, 0.1000004 ], "texture": "#white_concrete_powder" },
				"north": { "uv": [ 0, 0, 5.7, 0.6999998 ], "texture": "#white_concrete_powder" },
				"south": { "uv": [ 0, 0, 5.7, 0.6999998 ], "texture": "#white_concrete_powder" },
				"west": { "uv": [ 0, 0, 0.1, 0.6999998 ], "texture": "#white_concrete_powder" },
				"east": { "uv": [ 0, 0, 0.1, 0.6999998 ], "texture": "#white_concrete_powder" }
			}
		},
		{
			"from": [ 6.5, 10.4, 8.5 ],
			"to": [ 10.2, 11.1, 8.6 ],
			"rotation": { "origin": [ 8, 8, 8 ], "axis": "y", "angle": -22.5 },
			"faces": {
				"down": { "uv": [ 0, 0, 3.7, 0.1000004 ], "texture": "#white_concrete_powder" },
				"up": { "uv": [ 0, 0, 3.7, 0.1000004 ], "texture": "#white_concrete_powder" },
				"north": { "uv": [ 0, 0, 3.7, 0.6999998 ], "texture": "#white_concrete_powder" },
				"south": { "uv": [ 0, 0, 3.7, 0.6999998 ], "texture": "#white_concrete_powder" },
				"west": { "uv": [ 0, 0, 0.1, 0.6999998 ], "texture": "#white_concrete_powder" },
				"east": { "uv": [ 0, 0, 0.1, 0.6999998 ], "texture": "#white_concrete_powder" }
			}
		},
		{
			"from": [ 7.5, 11.1, 8.5 ],
			"to": [ 9.2, 11.8, 8.6 ],
			"rotation": { "origin": [ 8, 8, 8 ], "axis": "y", "angle": -22.5 },
			"faces": {
				"down": { "uv": [ 0, 0, 1.7, 0.1000004 ], "texture": "#white_concrete_powder" },
				"up": { "uv": [ 0, 0, 1.7, 0.1000004 ], "texture": "#white_concrete_powder" },
				"north": { "uv": [ 0, 0, 1.7, 0.6999998 ], "texture": "#white_concrete_powder" },
				"south": { "uv": [ 0, 0, 1.7, 0.6999998 ], "texture": "#white_concrete_powder" },
				"west": { "uv": [ 0, 0, 0.1, 0.6999998 ], "texture": "#white_concrete_powder" },
				"east": { "uv": [ 0, 0, 0.1, 0.6999998 ], "texture": "#white_concrete_powder" }
			}
		}
	],
	"display": {
		"thirdperson_righthand": {
			"rotation":  [ 75, -146, -2 ],
			"translation":  [ -2.086, 0.4136, 2.0869 ],
			"scale":  [ 0.375, 0.375, 0.375 ]
		},
		"thirdperson_lefthand": {
			"rotation":  [ 75, -146, -2 ],
			"translation":  [ -2.086, 0.4136, 2.0869 ],
			"scale":  [ 0.375, 0.375, 0.375 ]
		},
		"firstperson_righthand": {
			"rotation":  [ 0, -13, 0 ],
			"translation":  [ -0.695, 4.5869, 0 ],
			"scale":  [ 0.6, 0.6, 0.6 ]
		},
		"firstperson_lefthand": {
			"rotation":  [ 0, -13, 0 ],
			"translation":  [ -0.695, 4.5869, 0 ],
			"scale":  [ 0.6, 0.6, 0.6 ]
		},
		"gui": {
			"rotation":  [ 30, 45, 0 ]
		},
		"head": {
			"rotation":  [ 0, -159, 0 ],
			"translation":  [ 0, 0, -7 ]
		},
		"ground": {
			"translation":  [ 0, 3, 0 ],
			"scale":  [ 0.5, 0.5, 0.5 ]
		},
		"fixed": {
			"rotation":  [ 0, -160, 0 ]
		}
	}
}