{
	"credit": "I made this - Robawesome",
	"textures": {
		"0": "block/anvil",
		"2": "block/fire_0",
		"3": "block/fire_1",
		"5": "custom/lantern_skin",
		"particle": "block/anvil"
	},
	"elements": [
		{
			"name": "hexadecagon",
			"from": [4.02175, -12.50526, -12.00395],
			"to": [11.97825, 30.59474, -11.80395],
			"rotation": {"angle": -45, "axis": "y", "origin": [8, 11.49474, 7.99605]},
			"faces": {
				"north": {"uv": [0, 2.368, 2.144, 13.664], "texture": "#5"},
				"east": {"uv": [6.816, 2.368, 9.184, 13.664], "texture": "#5"},
				"south": {"uv": [13.8176, 2.4064, 16, 13.7024], "texture": "#5"},
				"west": {"uv": [6.816, 2.368, 9.184, 13.664], "texture": "#5"},
				"up": {"uv": [6.816, 2.368, 9.184, 13.664], "texture": "#5"},
				"down": {"uv": [7.4816, 2.368, 8.6272, 13.664], "texture": "#5"}
			}
		},
		{
			"name": "hexadecagon",
			"from": [4.02175, -12.50526, -12.00395],
			"to": [11.97825, 30.59474, -11.80395],
			"rotation": {"angle": -22.5, "axis": "y", "origin": [8, 11.49474, 7.99605]},
			"faces": {
				"north": {"uv": [2.1504, 2.336, 4.5184, 13.632], "texture": "#5"},
				"east": {"uv": [6.816, 2.368, 9.184, 13.664], "texture": "#5"},
				"south": {"uv": [12.8128, 2.4064, 16, 13.7024], "texture": "#5"},
				"west": {"uv": [6.816, 2.368, 9.184, 13.664], "texture": "#5"},
				"up": {"uv": [6.816, 2.368, 9.184, 13.664], "texture": "#5"},
				"down": {"uv": [7.4816, 2.368, 8.6272, 13.664], "texture": "#5"}
			}
		},
		{
			"name": "hexadecagon",
			"from": [4.02175, -12.50526, -12.00395],
			"to": [11.97825, 30.59474, -11.80395],
			"rotation": {"angle": 0, "axis": "y", "origin": [8, 11.49474, 7.99605]},
			"faces": {
				"north": {"uv": [4.4416, 2.368, 6.8096, 13.664], "texture": "#5"},
				"east": {"uv": [6.816, 2.368, 9.184, 13.664], "texture": "#5"},
				"south": {"uv": [9.1456, 2.368, 11.5136, 13.664], "texture": "#5"},
				"west": {"uv": [6.816, 2.368, 9.184, 13.664], "texture": "#5"},
				"up": {"uv": [6.816, 2.368, 9.184, 13.664], "texture": "#5"},
				"down": {"uv": [7.4816, 2.368, 8.6272, 13.664], "texture": "#5"}
			}
		},
		{
			"name": "hexadecagon",
			"from": [4.02175, -12.50526, -12.00395],
			"to": [11.97825, 30.59474, -11.80395],
			"rotation": {"angle": 22.5, "axis": "y", "origin": [8, 11.49474, 7.99605]},
			"faces": {
				"north": {"uv": [6.816, 2.368, 9.184, 13.664], "texture": "#5"},
				"east": {"uv": [6.816, 2.368, 9.184, 13.664], "texture": "#5"},
				"south": {"uv": [6.816, 2.368, 9.184, 13.664], "texture": "#5"},
				"west": {"uv": [6.816, 2.368, 9.184, 13.664], "texture": "#5"},
				"up": {"uv": [6.816, 2.368, 9.184, 13.664], "texture": "#5"},
				"down": {"uv": [7.4816, 2.368, 8.6272, 13.664], "texture": "#5"}
			}
		},
		{
			"name": "hexadecagon",
			"from": [4.02175, -12.50526, -12.00395],
			"to": [11.97825, 30.59474, -11.80395],
			"rotation": {"angle": 45, "axis": "y", "origin": [8, 11.49474, 7.99605]},
			"faces": {
				"north": {"uv": [9.1456, 2.368, 11.5136, 13.664], "texture": "#5"},
				"east": {"uv": [6.816, 2.368, 9.184, 13.664], "texture": "#5"},
				"south": {"uv": [6.816, 2.368, 9.184, 13.664], "texture": "#5"},
				"west": {"uv": [6.816, 2.368, 9.184, 13.664], "texture": "#5"},
				"up": {"uv": [6.816, 2.368, 9.184, 13.664], "texture": "#5"},
				"down": {"uv": [7.4816, 2.368, 8.6272, 13.664], "texture": "#5"}
			}
		},
		{
			"name": "hexadecagon",
			"from": [4.02175, -12.50526, 27.79605],
			"to": [11.97825, 30.59474, 27.99605],
			"rotation": {"angle": -45, "axis": "y", "origin": [8, 11.49474, 7.99605]},
			"faces": {
				"north": {"uv": [13.8176, 2.4064, 16, 13.7024], "texture": "#5"},
				"east": {"uv": [6.816, 2.368, 9.184, 13.664], "texture": "#5"},
				"south": {"uv": [0, 2.368, 2.144, 13.664], "texture": "#5"},
				"west": {"uv": [6.816, 2.368, 9.184, 13.664], "texture": "#5"},
				"up": {"uv": [6.816, 2.368, 9.184, 13.664], "texture": "#5"},
				"down": {"uv": [7.4816, 2.368, 8.6272, 13.664], "texture": "#5"}
			}
		},
		{
			"name": "hexadecagon",
			"from": [4.02175, -12.50526, 27.79605],
			"to": [11.97825, 30.59474, 27.99605],
			"rotation": {"angle": -22.5, "axis": "y", "origin": [8, 11.49474, 7.99605]},
			"faces": {
				"north": {"uv": [11.6288, 2.4064, 13.8112, 13.7024], "texture": "#5"},
				"east": {"uv": [6.816, 2.368, 9.184, 13.664], "texture": "#5"},
				"south": {"uv": [2.1504, 2.336, 4.5184, 13.632], "texture": "#5"},
				"west": {"uv": [6.816, 2.368, 9.184, 13.664], "texture": "#5"},
				"up": {"uv": [6.816, 2.368, 9.184, 13.664], "texture": "#5"},
				"down": {"uv": [7.4816, 2.368, 8.6272, 13.664], "texture": "#5"}
			}
		},
		{
			"name": "hexadecagon",
			"from": [4.02175, -12.50526, 27.79605],
			"to": [11.97825, 30.59474, 27.99605],
			"rotation": {"angle": 0, "axis": "y", "origin": [8, 11.49474, 7.99605]},
			"faces": {
				"north": {"uv": [9.1456, 2.368, 11.5136, 13.664], "texture": "#5"},
				"east": {"uv": [6.816, 2.368, 9.184, 13.664], "texture": "#5"},
				"south": {"uv": [4.4416, 2.368, 6.8096, 13.664], "texture": "#5"},
				"west": {"uv": [6.816, 2.368, 9.184, 13.664], "texture": "#5"},
				"up": {"uv": [6.816, 2.368, 9.184, 13.664], "texture": "#5"},
				"down": {"uv": [7.4816, 2.368, 8.6272, 13.664], "texture": "#5"}
			}
		},
		{
			"name": "hexadecagon",
			"from": [4.02175, -12.50526, 27.79605],
			"to": [11.97825, 30.59474, 27.99605],
			"rotation": {"angle": 22.5, "axis": "y", "origin": [8, 11.49474, 7.99605]},
			"faces": {
				"north": {"uv": [6.816, 2.368, 9.184, 13.664], "texture": "#5"},
				"east": {"uv": [6.816, 2.368, 9.184, 13.664], "texture": "#5"},
				"south": {"uv": [6.816, 2.368, 9.184, 13.664], "texture": "#5"},
				"west": {"uv": [6.816, 2.368, 9.184, 13.664], "texture": "#5"},
				"up": {"uv": [6.816, 2.368, 9.184, 13.664], "texture": "#5"},
				"down": {"uv": [7.4816, 2.368, 8.6272, 13.664], "texture": "#5"}
			}
		},
		{
			"name": "hexadecagon",
			"from": [4.02175, -12.50526, 27.79605],
			"to": [11.97825, 30.59474, 27.99605],
			"rotation": {"angle": 45, "axis": "y", "origin": [8, 11.49474, 7.99605]},
			"faces": {
				"north": {"uv": [4.4416, 2.368, 6.8096, 13.664], "texture": "#5"},
				"east": {"uv": [6.816, 2.368, 9.184, 13.664], "texture": "#5"},
				"south": {"uv": [9.1456, 2.368, 11.5136, 13.664], "texture": "#5"},
				"west": {"uv": [6.816, 2.368, 9.184, 13.664], "texture": "#5"},
				"up": {"uv": [6.816, 2.368, 9.184, 13.664], "texture": "#5"},
				"down": {"uv": [7.4816, 2.368, 8.6272, 13.664], "texture": "#5"}
			}
		},
		{
			"name": "hexadecagon",
			"from": [-12, -12.50526, 4.01781],
			"to": [-11.8, 30.59474, 11.9743],
			"rotation": {"angle": -22.5, "axis": "y", "origin": [8, 11.49474, 7.99605]},
			"faces": {
				"north": {"uv": [6.816, 2.368, 9.184, 13.664], "texture": "#5"},
				"east": {"uv": [4.4416, 2.368, 6.8096, 13.664], "texture": "#5"},
				"south": {"uv": [6.816, 2.368, 9.184, 13.664], "texture": "#5"},
				"west": {"uv": [11.6288, 2.4064, 13.8112, 13.7024], "texture": "#5"},
				"up": {"uv": [6.816, 2.368, 9.184, 13.664], "texture": "#5"},
				"down": {"uv": [7.4816, 2.368, 8.6272, 13.664], "texture": "#5"}
			}
		},
		{
			"name": "hexadecagon",
			"from": [-12, -12.50526, 4.01781],
			"to": [-11.8, 30.59474, 11.9743],
			"rotation": {"angle": 0, "axis": "y", "origin": [8, 11.49474, 7.99605]},
			"faces": {
				"north": {"uv": [6.816, 2.368, 9.184, 13.664], "texture": "#5"},
				"east": {"uv": [2.1504, 2.336, 4.5184, 13.632], "texture": "#5"},
				"south": {"uv": [6.816, 2.368, 9.184, 13.664], "texture": "#5"},
				"west": {"uv": [13.8176, 2.4064, 16, 13.7024], "texture": "#5"},
				"up": {"uv": [6.816, 2.368, 9.184, 13.664], "texture": "#5"},
				"down": {"uv": [7.4816, 2.368, 8.6272, 13.664], "texture": "#5"}
			}
		},
		{
			"name": "hexadecagon",
			"from": [-12, -12.50526, 4.01781],
			"to": [-11.8, 30.59474, 11.9743],
			"rotation": {"angle": 22.5, "axis": "y", "origin": [8, 11.49474, 7.99605]},
			"faces": {
				"north": {"uv": [6.816, 2.368, 9.184, 13.664], "texture": "#5"},
				"east": {"uv": [11.6288, 2.4064, 13.8112, 13.7024], "texture": "#5"},
				"south": {"uv": [6.816, 2.368, 9.184, 13.664], "texture": "#5"},
				"west": {"uv": [12.8128, 2.4064, 16, 13.7024], "texture": "#5"},
				"up": {"uv": [6.816, 2.368, 9.184, 13.664], "texture": "#5"},
				"down": {"uv": [7.4816, 2.368, 8.6272, 13.664], "texture": "#5"}
			}
		},
		{
			"name": "hexadecagon",
			"from": [27.8, -12.50526, 4.01781],
			"to": [28, 30.59474, 11.9743],
			"rotation": {"angle": -22.5, "axis": "y", "origin": [8, 11.49474, 7.99605]},
			"faces": {
				"north": {"uv": [6.816, 2.368, 9.184, 13.664], "texture": "#5"},
				"east": {"uv": [11.6288, 2.4064, 13.8112, 13.7024], "texture": "#5"},
				"south": {"uv": [6.816, 2.368, 9.184, 13.664], "texture": "#5"},
				"west": {"uv": [2.1504, 2.336, 4.5184, 13.632], "texture": "#5"},
				"up": {"uv": [6.816, 2.368, 9.184, 13.664], "texture": "#5"},
				"down": {"uv": [7.4816, 2.368, 8.6272, 13.664], "texture": "#5"}
			}
		},
		{
			"name": "hexadecagon",
			"from": [27.8, -12.50526, 4.01781],
			"to": [28, 30.59474, 11.9743],
			"rotation": {"angle": 0, "axis": "y", "origin": [8, 11.49474, 7.99605]},
			"faces": {
				"north": {"uv": [6.816, 2.368, 9.184, 13.664], "texture": "#5"},
				"east": {"uv": [13.8176, 2.4064, 16, 13.7024], "texture": "#5"},
				"south": {"uv": [6.816, 2.368, 9.184, 13.664], "texture": "#5"},
				"west": {"uv": [0, 2.368, 2.144, 13.664], "texture": "#5"},
				"up": {"uv": [6.816, 2.368, 9.184, 13.664], "texture": "#5"},
				"down": {"uv": [7.4816, 2.368, 8.6272, 13.664], "texture": "#5"}
			}
		},
		{
			"name": "hexadecagon",
			"from": [27.8, -12.50526, 4.01781],
			"to": [28, 30.59474, 11.9743],
			"rotation": {"angle": 22.5, "axis": "y", "origin": [8, 11.49474, 7.99605]},
			"faces": {
				"north": {"uv": [6.816, 2.368, 9.184, 13.664], "texture": "#5"},
				"east": {"uv": [12.8128, 2.4064, 16, 13.7024], "texture": "#5"},
				"south": {"uv": [6.816, 2.368, 9.184, 13.664], "texture": "#5"},
				"west": {"uv": [12.8128, 2.4064, 16, 13.7024], "texture": "#5"},
				"up": {"uv": [6.816, 2.368, 9.184, 13.664], "texture": "#5"},
				"down": {"uv": [7.4816, 2.368, 8.6272, 13.664], "texture": "#5"}
			}
		},
		{
			"name": "hexadecagon",
			"from": [6.4087, -12.50526, -0.00395],
			"to": [9.5913, -12.30526, 15.99605],
			"rotation": {"angle": -45, "axis": "y", "origin": [8, -12.40526, 7.99605]},
			"faces": {
				"north": {"uv": [0, 0, 1, 1], "texture": "#0"},
				"east": {"uv": [0, 0, 1, 1], "texture": "#0"},
				"south": {"uv": [0, 0, 1, 1], "texture": "#0"},
				"west": {"uv": [0, 0, 1, 1], "texture": "#0"},
				"up": {"uv": [0, 0, 1, 1], "texture": "#0"},
				"down": {"uv": [0, 0, 1, 1], "texture": "#0"}
			}
		},
		{
			"name": "hexadecagon",
			"from": [6.4087, -12.50526, -0.00395],
			"to": [9.5913, -12.30526, 15.99605],
			"rotation": {"angle": -22.5, "axis": "y", "origin": [8, -12.40526, 7.99605]},
			"faces": {
				"north": {"uv": [0, 0, 1, 1], "texture": "#0"},
				"east": {"uv": [0, 0, 1, 1], "texture": "#0"},
				"south": {"uv": [0, 0, 1, 1], "texture": "#0"},
				"west": {"uv": [0, 0, 1, 1], "texture": "#0"},
				"up": {"uv": [0, 0, 1, 1], "texture": "#0"},
				"down": {"uv": [0, 0, 1, 1], "texture": "#0"}
			}
		},
		{
			"name": "hexadecagon",
			"from": [6.4087, -12.50526, -0.00395],
			"to": [9.5913, -12.30526, 15.99605],
			"rotation": {"angle": 0, "axis": "y", "origin": [8, -12.40526, 7.99605]},
			"faces": {
				"north": {"uv": [0, 0, 1, 1], "texture": "#0"},
				"east": {"uv": [0, 0, 1, 1], "texture": "#0"},
				"south": {"uv": [0, 0, 1, 1], "texture": "#0"},
				"west": {"uv": [0, 0, 1, 1], "texture": "#0"},
				"up": {"uv": [0, 0, 1, 1], "texture": "#0"},
				"down": {"uv": [0, 0, 1, 1], "texture": "#0"}
			}
		},
		{
			"name": "hexadecagon",
			"from": [6.4087, -12.50526, -0.00395],
			"to": [9.5913, -12.30526, 15.99605],
			"rotation": {"angle": 22.5, "axis": "y", "origin": [8, -12.40526, 7.99605]},
			"faces": {
				"north": {"uv": [0, 0, 1, 1], "texture": "#0"},
				"east": {"uv": [0, 0, 1, 1], "texture": "#0"},
				"south": {"uv": [0, 0, 1, 1], "texture": "#0"},
				"west": {"uv": [0, 0, 1, 1], "texture": "#0"},
				"up": {"uv": [0, 0, 1, 1], "texture": "#0"},
				"down": {"uv": [0, 0, 1, 1], "texture": "#0"}
			}
		},
		{
			"name": "hexadecagon",
			"from": [6.4087, -12.50526, -0.00395],
			"to": [9.5913, -12.30526, 15.99605],
			"rotation": {"angle": 45, "axis": "y", "origin": [8, -12.40526, 7.99605]},
			"faces": {
				"north": {"uv": [0, 0, 1, 1], "texture": "#0"},
				"east": {"uv": [0, 0, 1, 1], "texture": "#0"},
				"south": {"uv": [0, 0, 1, 1], "texture": "#0"},
				"west": {"uv": [0, 0, 1, 1], "texture": "#0"},
				"up": {"uv": [0, 0, 1, 1], "texture": "#0"},
				"down": {"uv": [0, 0, 1, 1], "texture": "#0"}
			}
		},
		{
			"name": "hexadecagon",
			"from": [0, -12.50526, 6.40475],
			"to": [16, -12.30526, 9.58735],
			"rotation": {"angle": -22.5, "axis": "y", "origin": [8, -12.40526, 7.99605]},
			"faces": {
				"north": {"uv": [0, 0, 1, 1], "texture": "#0"},
				"east": {"uv": [0, 0, 1, 1], "texture": "#0"},
				"south": {"uv": [0, 0, 1, 1], "texture": "#0"},
				"west": {"uv": [0, 0, 1, 1], "texture": "#0"},
				"up": {"uv": [0, 0, 1, 1], "texture": "#0"},
				"down": {"uv": [0, 0, 1, 1], "texture": "#0"}
			}
		},
		{
			"name": "hexadecagon",
			"from": [0, -12.50526, 6.40475],
			"to": [16, -12.30526, 9.58735],
			"rotation": {"angle": 0, "axis": "y", "origin": [8, -12.40526, 7.99605]},
			"faces": {
				"north": {"uv": [0, 0, 1, 1], "texture": "#0"},
				"east": {"uv": [0, 0, 1, 1], "texture": "#0"},
				"south": {"uv": [0, 0, 1, 1], "texture": "#0"},
				"west": {"uv": [0, 0, 1, 1], "texture": "#0"},
				"up": {"uv": [0, 0, 1, 1], "texture": "#0"},
				"down": {"uv": [0, 0, 1, 1], "texture": "#0"}
			}
		},
		{
			"name": "hexadecagon",
			"from": [0, -12.50526, 6.40475],
			"to": [16, -12.30526, 9.58735],
			"rotation": {"angle": 22.5, "axis": "y", "origin": [8, -12.40526, 7.99605]},
			"faces": {
				"north": {"uv": [0, 0, 1, 1], "texture": "#0"},
				"east": {"uv": [0, 0, 1, 1], "texture": "#0"},
				"south": {"uv": [0, 0, 1, 1], "texture": "#0"},
				"west": {"uv": [0, 0, 1, 1], "texture": "#0"},
				"up": {"uv": [0, 0, 1, 1], "texture": "#0"},
				"down": {"uv": [0, 0, 1, 1], "texture": "#0"}
			}
		},
		{
			"from": [7.8, -12.40526, -11.90395],
			"to": [8.2, -12.00526, 27.89605],
			"rotation": {"angle": 0, "axis": "y", "origin": [8, -12.20526, 7.99605]},
			"faces": {
				"north": {"uv": [0, 0, 1, 1], "texture": "#0"},
				"east": {"uv": [0, 0, 1, 1], "texture": "#0"},
				"south": {"uv": [0, 0, 1, 1], "texture": "#0"},
				"west": {"uv": [0, 0, 1, 1], "texture": "#0"},
				"up": {"uv": [0, 0, 1, 1], "texture": "#0"},
				"down": {"uv": [0, 0, 1, 1], "texture": "#0"}
			}
		},
		{
			"from": [-11.9, -12.40526, 7.79605],
			"to": [27.9, -12.00526, 8.19605],
			"rotation": {"angle": 0, "axis": "y", "origin": [8, -12.20526, 7.99605]},
			"faces": {
				"north": {"uv": [0, 0, 1, 1], "texture": "#0"},
				"east": {"uv": [0, 0, 1, 1], "texture": "#0"},
				"south": {"uv": [0, 0, 1, 1], "texture": "#0"},
				"west": {"uv": [0, 0, 1, 1], "texture": "#0"},
				"up": {"uv": [0, 0, 1, 1], "rotation": 270, "texture": "#0"},
				"down": {"uv": [0, 0, 1, 1], "rotation": 90, "texture": "#0"}
			}
		},
		{
			"from": [6, -12.20526, 6.09605],
			"to": [10, -8.20526, 10.19605],
			"rotation": {"angle": 0, "axis": "y", "origin": [15.5, -4.20526, 15.49605]},
			"faces": {
				"north": {"uv": [1, 0, 15, 16], "texture": "#3"},
				"east": {"uv": [1, 0, 15, 16], "texture": "#3"},
				"south": {"uv": [1, 0, 15, 16], "texture": "#3"},
				"west": {"uv": [1, 0, 15, 16], "texture": "#3"},
				"up": {"uv": [0, 0, 1, 1], "texture": "#3"},
				"down": {"uv": [1, 0, 15, 16], "texture": "#3"}
			}
		},
		{
			"from": [6.5, -12.20526, 6.49605],
			"to": [9.5, -4.20526, 9.49605],
			"rotation": {"angle": 0, "axis": "y", "origin": [15.5, -4.20526, 15.49605]},
			"faces": {
				"north": {"uv": [1, 0, 15, 16], "texture": "#2"},
				"east": {"uv": [1, 0, 15, 16], "texture": "#2"},
				"south": {"uv": [1, 0, 15, 16], "texture": "#2"},
				"west": {"uv": [1, 0, 15, 16], "texture": "#2"},
				"up": {"uv": [0, 0, 1, 1], "texture": "#2"},
				"down": {"uv": [1, 0, 15, 16], "texture": "#2"}
			}
		},
		{
			"name": "hexadecagon",
			"from": [6.4087, 30.29474, -0.00395],
			"to": [9.5913, 30.49474, 15.99605],
			"rotation": {"angle": -45, "axis": "y", "origin": [8, 30.39474, 7.99605]},
			"faces": {
				"north": {"uv": [0, 0, 1, 1], "texture": "#0"},
				"east": {"uv": [0, 0, 1, 1], "texture": "#0"},
				"south": {"uv": [0, 0, 1, 1], "texture": "#0"},
				"west": {"uv": [0, 0, 1, 1], "texture": "#0"},
				"up": {"uv": [0, 0, 1, 1], "texture": "#0"},
				"down": {"uv": [0, 0, 1, 1], "texture": "#0"}
			}
		},
		{
			"name": "hexadecagon",
			"from": [6.4087, 30.29474, -0.00395],
			"to": [9.5913, 30.49474, 15.99605],
			"rotation": {"angle": -22.5, "axis": "y", "origin": [8, 30.39474, 7.99605]},
			"faces": {
				"north": {"uv": [0, 0, 1, 1], "texture": "#0"},
				"east": {"uv": [0, 0, 1, 1], "texture": "#0"},
				"south": {"uv": [0, 0, 1, 1], "texture": "#0"},
				"west": {"uv": [0, 0, 1, 1], "texture": "#0"},
				"up": {"uv": [0, 0, 1, 1], "texture": "#0"},
				"down": {"uv": [0, 0, 1, 1], "texture": "#0"}
			}
		},
		{
			"name": "hexadecagon",
			"from": [6.4087, 30.29474, -0.00395],
			"to": [9.5913, 30.49474, 15.99605],
			"rotation": {"angle": 0, "axis": "y", "origin": [8, 30.39474, 7.99605]},
			"faces": {
				"north": {"uv": [0, 0, 1, 1], "texture": "#0"},
				"east": {"uv": [0, 0, 1, 1], "texture": "#0"},
				"south": {"uv": [0, 0, 1, 1], "texture": "#0"},
				"west": {"uv": [0, 0, 1, 1], "texture": "#0"},
				"up": {"uv": [0, 0, 1, 1], "texture": "#0"},
				"down": {"uv": [0, 0, 1, 1], "texture": "#0"}
			}
		},
		{
			"name": "hexadecagon",
			"from": [6.4087, 30.29474, -0.00395],
			"to": [9.5913, 30.49474, 15.99605],
			"rotation": {"angle": 22.5, "axis": "y", "origin": [8, 30.39474, 7.99605]},
			"faces": {
				"north": {"uv": [0, 0, 1, 1], "texture": "#0"},
				"east": {"uv": [0, 0, 1, 1], "texture": "#0"},
				"south": {"uv": [0, 0, 1, 1], "texture": "#0"},
				"west": {"uv": [0, 0, 1, 1], "texture": "#0"},
				"up": {"uv": [0, 0, 1, 1], "texture": "#0"},
				"down": {"uv": [0, 0, 1, 1], "texture": "#0"}
			}
		},
		{
			"name": "hexadecagon",
			"from": [6.4087, 30.29474, -0.00395],
			"to": [9.5913, 30.49474, 15.99605],
			"rotation": {"angle": 45, "axis": "y", "origin": [8, 30.39474, 7.99605]},
			"faces": {
				"north": {"uv": [0, 0, 1, 1], "texture": "#0"},
				"east": {"uv": [0, 0, 1, 1], "texture": "#0"},
				"south": {"uv": [0, 0, 1, 1], "texture": "#0"},
				"west": {"uv": [0, 0, 1, 1], "texture": "#0"},
				"up": {"uv": [0, 0, 1, 1], "texture": "#0"},
				"down": {"uv": [0, 0, 1, 1], "texture": "#0"}
			}
		},
		{
			"name": "hexadecagon",
			"from": [0, 30.29474, 6.40475],
			"to": [16, 30.49474, 9.58735],
			"rotation": {"angle": -22.5, "axis": "y", "origin": [8, 30.39474, 7.99605]},
			"faces": {
				"north": {"uv": [0, 0, 1, 1], "texture": "#0"},
				"east": {"uv": [0, 0, 1, 1], "texture": "#0"},
				"south": {"uv": [0, 0, 1, 1], "texture": "#0"},
				"west": {"uv": [0, 0, 1, 1], "texture": "#0"},
				"up": {"uv": [0, 0, 1, 1], "texture": "#0"},
				"down": {"uv": [0, 0, 1, 1], "texture": "#0"}
			}
		},
		{
			"name": "hexadecagon",
			"from": [0, 30.29474, 6.40475],
			"to": [16, 30.49474, 9.58735],
			"rotation": {"angle": 0, "axis": "y", "origin": [8, 30.39474, 7.99605]},
			"faces": {
				"north": {"uv": [0, 0, 1, 1], "texture": "#0"},
				"east": {"uv": [0, 0, 1, 1], "texture": "#0"},
				"south": {"uv": [0, 0, 1, 1], "texture": "#0"},
				"west": {"uv": [0, 0, 1, 1], "texture": "#0"},
				"up": {"uv": [0, 0, 1, 1], "texture": "#0"},
				"down": {"uv": [0, 0, 1, 1], "texture": "#0"}
			}
		},
		{
			"name": "hexadecagon",
			"from": [0, 30.29474, 6.40475],
			"to": [16, 30.49474, 9.58735],
			"rotation": {"angle": 22.5, "axis": "y", "origin": [8, 30.39474, 7.99605]},
			"faces": {
				"north": {"uv": [0, 0, 1, 1], "texture": "#0"},
				"east": {"uv": [0, 0, 1, 1], "texture": "#0"},
				"south": {"uv": [0, 0, 1, 1], "texture": "#0"},
				"west": {"uv": [0, 0, 1, 1], "texture": "#0"},
				"up": {"uv": [0, 0, 1, 1], "texture": "#0"},
				"down": {"uv": [0, 0, 1, 1], "texture": "#0"}
			}
		},
		{
			"from": [7.8, 30.09474, -11.90395],
			"to": [8.2, 30.49474, 27.89605],
			"rotation": {"angle": 0, "axis": "y", "origin": [8, 30.29474, 7.99605]},
			"faces": {
				"north": {"uv": [0, 0, 1, 1], "texture": "#0"},
				"east": {"uv": [0, 0, 1, 1], "texture": "#0"},
				"south": {"uv": [0, 0, 1, 1], "texture": "#0"},
				"west": {"uv": [0, 0, 1, 1], "texture": "#0"},
				"up": {"uv": [0, 0, 1, 1], "texture": "#0"},
				"down": {"uv": [0, 0, 1, 1], "texture": "#0"}
			}
		},
		{
			"from": [-11.9, 30.09474, 7.79605],
			"to": [27.9, 30.49474, 8.19605],
			"rotation": {"angle": 0, "axis": "y", "origin": [8, 30.29474, 7.99605]},
			"faces": {
				"north": {"uv": [0, 0, 1, 1], "texture": "#0"},
				"east": {"uv": [0, 0, 1, 1], "texture": "#0"},
				"south": {"uv": [0, 0, 1, 1], "texture": "#0"},
				"west": {"uv": [0, 0, 1, 1], "texture": "#0"},
				"up": {"uv": [0, 0, 1, 1], "rotation": 270, "texture": "#0"},
				"down": {"uv": [0, 0, 1, 1], "rotation": 90, "texture": "#0"}
			}
		}
	],
	"display": {
		"thirdperson_righthand": {
			"rotation": [72, 15, 0],
			"translation": [0, 1.5, -2.75],
			"scale": [0.15, 0.15, 0.15]
		},
		"thirdperson_lefthand": {
			"rotation": [72, 15, 0],
			"translation": [0, 1.5, -2.75],
			"scale": [0.15, 0.15, 0.15]
		},
		"firstperson_righthand": {
			"rotation": [0, 130, 0],
			"translation": [0.5, 5, 0],
			"scale": [0.15, 0.15, 0.15]
		},
		"firstperson_lefthand": {
			"rotation": [0, 130, 0],
			"translation": [0.5, 5, 0],
			"scale": [0.15, 0.15, 0.15]
		},
		"ground": {
			"translation": [0, 2.75, 0],
			"scale": [0.2, 0.2, 0.2]
		},
		"gui": {
			"rotation": [11, -3, 13],
			"scale": [0.28, 0.28, 0.28]
		},
		"head": {
			"rotation": [0, -20, 0],
			"translation": [0, 12.5, 0],
			"scale": [0.3, 0.3, 0.3]
		},
		"fixed": {
			"translation": [0, 0, -7.5],
			"scale": [0.35, 0.35, 0.35]
		}
	},
	"groups": [
		{
			"name": "hexadecagon",
			"origin": [8, 8, 8],
			"children": [0, 1, 2, 3, 4, 5, 6, 7, 8, 9, 10, 11, 12, 13, 14, 15]
		},
		{
			"name": "frame",
			"origin": [8, 8, 8],
			"children": [
				{
					"name": "hexadecagon",
					"origin": [8, 8, 8],
					"children": [16, 17, 18, 19, 20, 21, 22, 23]
				}, 24, 25]
		},
		{
			"name": "fire",
			"origin": [8, 8, 8],
			"children": [26, 27]
		},
		{
			"name": "frame",
			"origin": [8, 8, 8],
			"children": [
				{
					"name": "hexadecagon",
					"origin": [8, 8, 8],
					"children": [28, 29, 30, 31, 32, 33, 34, 35]
				}, 36, 37]
		}
	]
}