{
	"__comment": "Model generated using MrCrayfish's Model Creator (https://mrcrayfish.com/tools?id=mc)",
	"textures": {
		"red_concrete": "block/red_concrete",
		"gray_concrete": "block/gray_concrete",
		"white_concrete": "block/white_concrete",
		"light_gray_concrete": "block/light_gray_concrete"
	},
	"elements": [
		{
			"from": [ 3, 0, 3.5 ],
			"to": [ 4.5, 1.5, 4.5 ],
			"faces": {
				"down": { "uv": [ 0, 0, 1.5, 1 ], "texture": "#gray_concrete" },
				"up": { "uv": [ 0, 0, 1.5, 1 ], "texture": "#gray_concrete" },
				"north": { "uv": [ 0, 0, 1.5, 1.5 ], "texture": "#gray_concrete" },
				"south": { "uv": [ 0, 0, 1.5, 1.5 ], "texture": "#gray_concrete" },
				"west": { "uv": [ 0, 0, 1, 1.5 ], "texture": "#gray_concrete" },
				"east": { "uv": [ 0, 0, 1, 1.5 ], "texture": "#gray_concrete" }
			}
		},
		{
			"from": [ 3, 0, 11.5 ],
			"to": [ 4.5, 1.5, 12.5 ],
			"faces": {
				"down": { "uv": [ 0, 0, 1.5, 1 ], "texture": "#gray_concrete" },
				"up": { "uv": [ 0, 0, 1.5, 1 ], "texture": "#gray_concrete" },
				"north": { "uv": [ 0, 0, 1.5, 1.5 ], "texture": "#gray_concrete" },
				"south": { "uv": [ 0, 0, 1.5, 1.5 ], "texture": "#gray_concrete" },
				"west": { "uv": [ 0, 0, 1, 1.5 ], "texture": "#gray_concrete" },
				"east": { "uv": [ 0, 0, 1, 1.5 ], "texture": "#gray_concrete" }
			}
		},
		{
			"from": [ 14, 0, 11 ],
			"to": [ 15.5, 1.5, 12 ],
			"faces": {
				"down": { "uv": [ 0, 0, 1.5, 1 ], "texture": "#gray_concrete" },
				"up": { "uv": [ 0, 0, 1.5, 1 ], "texture": "#gray_concrete" },
				"north": { "uv": [ 0, 0, 1.5, 1.5 ], "texture": "#gray_concrete" },
				"south": { "uv": [ 0, 0, 1.5, 1.5 ], "texture": "#gray_concrete" },
				"west": { "uv": [ 0, 0, 1, 1.5 ], "texture": "#gray_concrete" },
				"east": { "uv": [ 0, 0, 1, 1.5 ], "texture": "#gray_concrete" }
			}
		},
		{
			"from": [ 14, 0, 4 ],
			"to": [ 15.5, 1.5, 5 ],
			"faces": {
				"down": { "uv": [ 0, 0, 1.5, 1 ], "texture": "#gray_concrete" },
				"up": { "uv": [ 0, 0, 1.5, 1 ], "texture": "#gray_concrete" },
				"north": { "uv": [ 0, 0, 1.5, 1.5 ], "texture": "#gray_concrete" },
				"south": { "uv": [ 0, 0, 1.5, 1.5 ], "texture": "#gray_concrete" },
				"west": { "uv": [ 0, 0, 1, 1.5 ], "texture": "#gray_concrete" },
				"east": { "uv": [ 0, 0, 1, 1.5 ], "texture": "#gray_concrete" }
			}
		},
		{
			"from": [ 14, 1.2, 3.9 ],
			"to": [ 15.5, 3.2, 5.099999 ],
			"rotation": { "origin": [ 15, 1, 3 ], "axis": "z", "angle": 45 },
			"faces": {
				"down": { "uv": [ 0, 0, 1.5, 1.2 ], "texture": "#light_gray_concrete" },
				"up": { "uv": [ 0, 0, 1.5, 1.2 ], "texture": "#light_gray_concrete" },
				"north": { "uv": [ 0, 0, 1.5, 2 ], "texture": "#light_gray_concrete" },
				"south": { "uv": [ 0, 0, 1.5, 2 ], "texture": "#light_gray_concrete" },
				"west": { "uv": [ 0, 0, 1.2, 2 ], "texture": "#light_gray_concrete" },
				"east": { "uv": [ 0, 0, 1.2, 2 ], "texture": "#light_gray_concrete" }
			}
		},
		{
			"from": [ 14, 1.2, 10.9 ],
			"to": [ 15.5, 3.2, 12.1 ],
			"rotation": { "origin": [ 15, 1, 3 ], "axis": "z", "angle": 45 },
			"faces": {
				"down": { "uv": [ 0, 0, 1.5, 1.2 ], "texture": "#light_gray_concrete" },
				"up": { "uv": [ 0, 0, 1.5, 1.2 ], "texture": "#light_gray_concrete" },
				"north": { "uv": [ 0, 0, 1.5, 2 ], "texture": "#light_gray_concrete" },
				"south": { "uv": [ 0, 0, 1.5, 2 ], "texture": "#light_gray_concrete" },
				"west": { "uv": [ 0, 0, 1.2, 2 ], "texture": "#light_gray_concrete" },
				"east": { "uv": [ 0, 0, 1.2, 2 ], "texture": "#light_gray_concrete" }
			}
		},
		{
			"from": [ 2, 1, 4 ],
			"to": [ 13.5, 2, 5 ],
			"faces": {
				"down": { "uv": [ 0, 0, 11.5, 1 ], "texture": "#light_gray_concrete" },
				"up": { "uv": [ 0, 0, 11.5, 1 ], "texture": "#light_gray_concrete" },
				"north": { "uv": [ 0, 0, 11.5, 1 ], "texture": "#light_gray_concrete" },
				"south": { "uv": [ 0, 0, 11.5, 1 ], "texture": "#light_gray_concrete" },
				"west": { "uv": [ 0, 0, 1, 1 ], "texture": "#light_gray_concrete" },
				"east": { "uv": [ 0, 0, 1, 1 ], "texture": "#light_gray_concrete" }
			}
		},
		{
			"from": [ 2, 1, 11 ],
			"to": [ 13.5, 2, 12 ],
			"faces": {
				"down": { "uv": [ 0, 0, 11.5, 1 ], "texture": "#light_gray_concrete" },
				"up": { "uv": [ 0, 0, 11.5, 1 ], "texture": "#light_gray_concrete" },
				"north": { "uv": [ 0, 0, 11.5, 1 ], "texture": "#light_gray_concrete" },
				"south": { "uv": [ 0, 0, 11.5, 1 ], "texture": "#light_gray_concrete" },
				"west": { "uv": [ 0, 0, 1, 1 ], "texture": "#light_gray_concrete" },
				"east": { "uv": [ 0, 0, 1, 1 ], "texture": "#light_gray_concrete" }
			}
		},
		{
			"from": [ 2, 1, 4 ],
			"to": [ 3, 1.5, 12 ],
			"faces": {
				"down": { "uv": [ 0, 0, 1, 8 ], "texture": "#light_gray_concrete" },
				"up": { "uv": [ 0, 0, 1, 8 ], "texture": "#light_gray_concrete" },
				"west": { "uv": [ 0, 0, 8, 0.5 ], "texture": "#light_gray_concrete" },
				"east": { "uv": [ 0, 0, 8, 0.5 ], "texture": "#light_gray_concrete" }
			}
		},
		{
			"from": [ 13, 1.5, 5 ],
			"to": [ 13.5, 2.5, 11 ],
			"faces": {
				"down": { "uv": [ 0, 0, 0.5, 6 ], "texture": "#light_gray_concrete" },
				"up": { "uv": [ 0, 0, 0.5, 6 ], "texture": "#light_gray_concrete" },
				"north": { "uv": [ 0, 0, 0.5, 1 ], "texture": "#light_gray_concrete" },
				"south": { "uv": [ 0, 0, 0.5, 1 ], "texture": "#light_gray_concrete" },
				"west": { "uv": [ 0, 0, 6, 1 ], "texture": "#light_gray_concrete" },
				"east": { "uv": [ 0, 0, 6, 1 ], "texture": "#light_gray_concrete" }
			}
		},
		{
			"from": [ 5, 1.5, 5 ],
			"to": [ 13, 1.8, 11 ],
			"faces": {
				"down": { "uv": [ 0, 0, 8, 6 ], "texture": "#red_concrete" },
				"up": { "uv": [ 0, 0, 8, 6 ], "texture": "#red_concrete" },
				"west": { "uv": [ 0, 0, 6, 0.3000002 ], "texture": "#red_concrete" }
			}
		},
		{
			"from": [ 3.5, 1.25, 5 ],
			"to": [ 5, 1.55, 11 ],
			"faces": {
				"down": { "uv": [ 0, 0, 1.5, 6 ], "texture": "#red_concrete" },
				"up": { "uv": [ 0, 0, 1.5, 6 ], "texture": "#red_concrete" },
				"west": { "uv": [ 0, 0, 6, 0.3000002 ], "texture": "#red_concrete" },
				"east": { "uv": [ 0, 0, 6, 0.3000002 ], "texture": "#red_concrete" }
			}
		},
		{
			"from": [ 13, 2, 11 ],
			"to": [ 14.5, 4, 12 ],
			"faces": {
				"down": { "uv": [ 0, 0, 1.5, 1 ], "texture": "#light_gray_concrete" },
				"north": { "uv": [ 0, 0, 1.5, 2 ], "texture": "#light_gray_concrete" },
				"south": { "uv": [ 0, 0, 1.5, 2 ], "texture": "#light_gray_concrete" },
				"west": { "uv": [ 0, 0, 1, 2 ], "texture": "#light_gray_concrete" },
				"east": { "uv": [ 0, 0, 1, 2 ], "texture": "#light_gray_concrete" }
			}
		},
		{
			"from": [ 13, 2, 4 ],
			"to": [ 14.5, 4, 5 ],
			"faces": {
				"down": { "uv": [ 0, 0, 1.5, 1 ], "texture": "#light_gray_concrete" },
				"north": { "uv": [ 0, 0, 1.5, 2 ], "texture": "#light_gray_concrete" },
				"south": { "uv": [ 0, 0, 1.5, 2 ], "texture": "#light_gray_concrete" },
				"west": { "uv": [ 0, 0, 1, 2 ], "texture": "#light_gray_concrete" },
				"east": { "uv": [ 0, 0, 1, 2 ], "texture": "#light_gray_concrete" }
			}
		},
		{
			"from": [ 3, 4, 4 ],
			"to": [ 14.5, 10, 5 ],
			"faces": {
				"down": { "uv": [ 0, 0, 11.5, 1 ], "texture": "#red_concrete" },
				"up": { "uv": [ 0, 0, 11.5, 1 ], "texture": "#red_concrete" },
				"north": { "uv": [ 0, 0, 11.5, 6 ], "texture": "#red_concrete" },
				"south": { "uv": [ 0, 0, 11.5, 6 ], "texture": "#red_concrete" },
				"west": { "uv": [ 0, 0, 1, 6 ], "texture": "#red_concrete" },
				"east": { "uv": [ 0, 0, 1, 6 ], "texture": "#red_concrete" }
			}
		},
		{
			"from": [ 3, 4, 11 ],
			"to": [ 14.5, 10, 12 ],
			"faces": {
				"down": { "uv": [ 0, 0, 11.5, 1 ], "texture": "#red_concrete" },
				"up": { "uv": [ 0, 0, 11.5, 1 ], "texture": "#red_concrete" },
				"north": { "uv": [ 0, 0, 11.5, 6 ], "texture": "#red_concrete" },
				"south": { "uv": [ 0, 0, 11.5, 6 ], "texture": "#red_concrete" },
				"west": { "uv": [ 0, 0, 1, 6 ], "texture": "#red_concrete" },
				"east": { "uv": [ 0, 0, 1, 6 ], "texture": "#red_concrete" }
			}
		},
		{
			"from": [ 2, 4, 5 ],
			"to": [ 3, 10, 11 ],
			"faces": {
				"down": { "uv": [ 0, 0, 1, 6 ], "texture": "#red_concrete" },
				"up": { "uv": [ 0, 0, 1, 6 ], "texture": "#red_concrete" },
				"north": { "uv": [ 0, 0, 1, 6 ], "texture": "#red_concrete" },
				"south": { "uv": [ 0, 0, 1, 6 ], "texture": "#red_concrete" },
				"west": { "uv": [ 0, 0, 6, 6 ], "texture": "#red_concrete" },
				"east": { "uv": [ 0, 0, 6, 6 ], "texture": "#red_concrete" }
			}
		},
		{
			"from": [ 14.5, 4, 4 ],
			"to": [ 15.5, 7, 12 ],
			"faces": {
				"down": { "uv": [ 0, 0, 1, 8 ], "texture": "#red_concrete" },
				"up": { "uv": [ 0, 0, 1, 8 ], "texture": "#red_concrete" },
				"north": { "uv": [ 0, 0, 1, 3 ], "texture": "#red_concrete" },
				"south": { "uv": [ 0, 0, 1, 3 ], "texture": "#red_concrete" },
				"west": { "uv": [ 0, 0, 8, 3 ], "texture": "#red_concrete" },
				"east": { "uv": [ 0, 0, 8, 3 ], "texture": "#red_concrete" }
			}
		},
		{
			"from": [ 3, 4, 5 ],
			"to": [ 14.5, 4.5, 11 ],
			"faces": {
				"down": { "uv": [ 0, 0, 11.5, 6 ], "texture": "#red_concrete" },
				"up": { "uv": [ 0, 0, 11.5, 6 ], "texture": "#red_concrete" }
			}
		},
		{
			"from": [ 14.5, 9, 4 ],
			"to": [ 15.5, 10, 12 ],
			"faces": {
				"down": { "uv": [ 0, 0, 1, 8 ], "texture": "#red_concrete" },
				"up": { "uv": [ 0, 0, 1, 8 ], "texture": "#red_concrete" },
				"north": { "uv": [ 0, 0, 1, 1 ], "texture": "#red_concrete" },
				"south": { "uv": [ 0, 0, 1, 1 ], "texture": "#red_concrete" },
				"west": { "uv": [ 0, 0, 8, 1 ], "texture": "#red_concrete" },
				"east": { "uv": [ 0, 0, 8, 1 ], "texture": "#red_concrete" }
			}
		},
		{
			"from": [ 14.5, 7, 4 ],
			"to": [ 15.5, 9, 5 ],
			"faces": {
				"north": { "uv": [ 0, 0, 1, 2 ], "texture": "#red_concrete" },
				"south": { "uv": [ 0, 0, 1, 2 ], "texture": "#red_concrete" },
				"east": { "uv": [ 0, 0, 1, 2 ], "texture": "#red_concrete" }
			}
		},
		{
			"from": [ 14.5, 7, 11 ],
			"to": [ 15.5, 9, 12 ],
			"faces": {
				"north": { "uv": [ 0, 0, 1, 2 ], "texture": "#red_concrete" },
				"south": { "uv": [ 0, 0, 1, 2 ], "texture": "#red_concrete" },
				"east": { "uv": [ 0, 0, 1, 2 ], "texture": "#red_concrete" }
			}
		},
		{
			"from": [ 14.5, 7, 7 ],
			"to": [ 15.5, 9, 9 ],
			"faces": {
				"north": { "uv": [ 0, 0, 1, 2 ], "texture": "#red_concrete" },
				"south": { "uv": [ 0, 0, 1, 2 ], "texture": "#red_concrete" },
				"west": { "uv": [ 0, 0, 2, 2 ], "texture": "#red_concrete" },
				"east": { "uv": [ 0, 0, 2, 2 ], "texture": "#red_concrete" }
			}
		},
		{
			"from": [ 12.5, 6, 5 ],
			"to": [ 13.5, 12, 11 ],
			"rotation": { "origin": [ 15, 8, 8 ], "axis": "z", "angle": 45 },
			"faces": {
				"down": { "uv": [ 0, 0, 1, 6 ], "texture": "#red_concrete" },
				"up": { "uv": [ 0, 0, 1, 6 ], "texture": "#red_concrete" },
				"north": { "uv": [ 0, 0, 1, 6 ], "texture": "#red_concrete" },
				"south": { "uv": [ 0, 0, 1, 6 ], "texture": "#red_concrete" },
				"west": { "uv": [ 0, 0, 6, 6 ], "texture": "#red_concrete" },
				"east": { "uv": [ 0, 0, 6, 6 ], "texture": "#red_concrete" }
			}
		},
		{
			"from": [ 3, 10, 5.25 ],
			"to": [ 3.5, 10.5, 6.25 ],
			"rotation": { "origin": [ 4, 8, 5 ], "axis": "y", "angle": -45 },
			"faces": {
				"down": { "uv": [ 0, 0, 0.5, 1 ], "texture": "#light_gray_concrete" },
				"up": { "uv": [ 0, 0, 0.5, 1 ], "texture": "#light_gray_concrete" },
				"north": { "uv": [ 0, 0, 0.5, 0.5 ], "texture": "#light_gray_concrete" },
				"south": { "uv": [ 0, 0, 0.5, 0.5 ], "texture": "#light_gray_concrete" },
				"west": { "uv": [ 0, 0, 1, 0.5 ], "texture": "#light_gray_concrete" },
				"east": { "uv": [ 0, 0, 1, 0.5 ], "texture": "#light_gray_concrete" }
			}
		},
		{
			"from": [ -1.25, 10, 8 ],
			"to": [ -0.75, 10.5, 9 ],
			"rotation": { "origin": [ 4, 8, 5 ], "axis": "y", "angle": 45 },
			"faces": {
				"down": { "uv": [ 0, 0, 0.5, 1 ], "texture": "#light_gray_concrete" },
				"up": { "uv": [ 0, 0, 0.5, 1 ], "texture": "#light_gray_concrete" },
				"north": { "uv": [ 0, 0, 0.5, 0.5 ], "texture": "#light_gray_concrete" },
				"south": { "uv": [ 0, 0, 0.5, 0.5 ], "texture": "#light_gray_concrete" },
				"west": { "uv": [ 0, 0, 1, 0.5 ], "texture": "#light_gray_concrete" },
				"east": { "uv": [ 0, 0, 1, 0.5 ], "texture": "#light_gray_concrete" }
			}
		},
		{
			"from": [ 16, 10, 1.25 ],
			"to": [ 16.5, 10.5, 2.25 ],
			"rotation": { "origin": [ 4, 8, 5 ], "axis": "y", "angle": -45 },
			"faces": {
				"down": { "uv": [ 0, 0, 0.5, 1 ], "texture": "#light_gray_concrete" },
				"up": { "uv": [ 0, 0, 0.5, 1 ], "texture": "#light_gray_concrete" },
				"north": { "uv": [ 0, 0, 0.5, 0.5 ], "texture": "#light_gray_concrete" },
				"south": { "uv": [ 0, 0, 0.5, 0.5 ], "texture": "#light_gray_concrete" },
				"west": { "uv": [ 0, 0, 1, 0.5 ], "texture": "#light_gray_concrete" },
				"east": { "uv": [ 0, 0, 1, 0.5 ], "texture": "#light_gray_concrete" }
			}
		},
		{
			"from": [ 11.75, 10, 12 ],
			"to": [ 12.25, 10.5, 13 ],
			"rotation": { "origin": [ 4, 8, 5 ], "axis": "y", "angle": 45 },
			"faces": {
				"down": { "uv": [ 0, 0, 0.5, 1 ], "texture": "#light_gray_concrete" },
				"up": { "uv": [ 0, 0, 0.5, 1 ], "texture": "#light_gray_concrete" },
				"north": { "uv": [ 0, 0, 0.5, 0.5 ], "texture": "#light_gray_concrete" },
				"south": { "uv": [ 0, 0, 0.5, 0.5 ], "texture": "#light_gray_concrete" },
				"west": { "uv": [ 0, 0, 1, 0.5 ], "texture": "#light_gray_concrete" },
				"east": { "uv": [ 0, 0, 1, 0.5 ], "texture": "#light_gray_concrete" }
			}
		},
		{
			"from": [ 2.75, 10.5, 4.5 ],
			"to": [ 3.25, 11, 11.5 ],
			"faces": {
				"down": { "uv": [ 0, 0, 0.5, 7 ], "texture": "#light_gray_concrete" },
				"up": { "uv": [ 0, 0, 0.5, 7 ], "texture": "#light_gray_concrete" },
				"north": { "uv": [ 0, 0, 0.5, 0.5 ], "texture": "#light_gray_concrete" },
				"south": { "uv": [ 0, 0, 0.5, 0.5 ], "texture": "#light_gray_concrete" },
				"west": { "uv": [ 0, 0, 7, 0.5 ], "texture": "#light_gray_concrete" },
				"east": { "uv": [ 0, 0, 7, 0.5 ], "texture": "#light_gray_concrete" }
			}
		},
		{
			"from": [ 3.25, 10.5, 4.5 ],
			"to": [ 15.25, 11, 5 ],
			"faces": {
				"down": { "uv": [ 0, 0, 12, 0.5 ], "texture": "#light_gray_concrete" },
				"up": { "uv": [ 0, 0, 12, 0.5 ], "texture": "#light_gray_concrete" },
				"north": { "uv": [ 0, 0, 12, 0.5 ], "texture": "#light_gray_concrete" },
				"south": { "uv": [ 0, 0, 12, 0.5 ], "texture": "#light_gray_concrete" },
				"east": { "uv": [ 0, 0, 0.5, 0.5 ], "texture": "#light_gray_concrete" }
			}
		},
		{
			"from": [ 3.25, 10.5, 11 ],
			"to": [ 15.25, 11, 11.5 ],
			"faces": {
				"down": { "uv": [ 0, 0, 12, 0.5 ], "texture": "#light_gray_concrete" },
				"up": { "uv": [ 0, 0, 12, 0.5 ], "texture": "#light_gray_concrete" },
				"north": { "uv": [ 0, 0, 12, 0.5 ], "texture": "#light_gray_concrete" },
				"south": { "uv": [ 0, 0, 12, 0.5 ], "texture": "#light_gray_concrete" },
				"east": { "uv": [ 0, 0, 0.5, 0.5 ], "texture": "#light_gray_concrete" }
			}
		},
		{
			"from": [ 15.25, 6, 11 ],
			"to": [ 16.25, 6.5, 11.5 ],
			"rotation": { "origin": [ 4, 8, 5 ], "axis": "z", "angle": 22.5 },
			"faces": {
				"down": { "uv": [ 0, 0, 1, 0.5 ], "texture": "#light_gray_concrete" },
				"up": { "uv": [ 0, 0, 1, 0.5 ], "texture": "#light_gray_concrete" },
				"north": { "uv": [ 0, 0, 1, 0.5 ], "texture": "#light_gray_concrete" },
				"south": { "uv": [ 0, 0, 1, 0.5 ], "texture": "#light_gray_concrete" },
				"west": { "uv": [ 0, 0, 0.5, 0.5 ], "texture": "#light_gray_concrete" },
				"east": { "uv": [ 0, 0, 0.5, 0.5 ], "texture": "#light_gray_concrete" }
			}
		},
		{
			"from": [ 15.25, 6, 4.5 ],
			"to": [ 16.25, 6.5, 5 ],
			"rotation": { "origin": [ 4, 8, 5 ], "axis": "z", "angle": 22.5 },
			"faces": {
				"down": { "uv": [ 0, 0, 1, 0.5 ], "texture": "#light_gray_concrete" },
				"up": { "uv": [ 0, 0, 1, 0.5 ], "texture": "#light_gray_concrete" },
				"north": { "uv": [ 0, 0, 1, 0.5 ], "texture": "#light_gray_concrete" },
				"south": { "uv": [ 0, 0, 1, 0.5 ], "texture": "#light_gray_concrete" },
				"west": { "uv": [ 0, 0, 0.5, 0.5 ], "texture": "#light_gray_concrete" },
				"east": { "uv": [ 0, 0, 0.5, 0.5 ], "texture": "#light_gray_concrete" }
			}
		},
		{
			"from": [ 15.75, 10.75, 4.5 ],
			"to": [ 16.25, 11.25, 11.5 ],
			"faces": {
				"down": { "uv": [ 0, 0, 0.5, 7 ], "texture": "#light_gray_concrete" },
				"up": { "uv": [ 0, 0, 0.5, 7 ], "texture": "#light_gray_concrete" },
				"north": { "uv": [ 0, 0, 0.5, 0.5 ], "texture": "#light_gray_concrete" },
				"south": { "uv": [ 0, 0, 0.5, 0.5 ], "texture": "#light_gray_concrete" },
				"west": { "uv": [ 0, 0, 7, 0.5 ], "texture": "#light_gray_concrete" },
				"east": { "uv": [ 0, 0, 7, 0.5 ], "texture": "#light_gray_concrete" }
			}
		},
		{
			"from": [ 2.5, 5, 4.5 ],
			"to": [ 3, 9, 5 ],
			"faces": {
				"down": { "uv": [ 0, 0, 0.5, 0.5 ], "texture": "#red_concrete" },
				"up": { "uv": [ 0, 0, 0.5, 0.5 ], "texture": "#red_concrete" },
				"north": { "uv": [ 0, 0, 0.5, 4 ], "texture": "#red_concrete" },
				"west": { "uv": [ 0, 0, 0.5, 4 ], "texture": "#red_concrete" }
			}
		},
		{
			"from": [ 2.5, 5, 11 ],
			"to": [ 3, 9, 11.5 ],
			"faces": {
				"down": { "uv": [ 0, 0, 0.5, 0.5 ], "texture": "#red_concrete" },
				"up": { "uv": [ 0, 0, 0.5, 0.5 ], "texture": "#red_concrete" },
				"south": { "uv": [ 0, 0, 0.5, 4 ], "texture": "#red_concrete" },
				"west": { "uv": [ 0, 0, 0.5, 4 ], "texture": "#red_concrete" }
			}
		},
		{
			"from": [ 1.9, 6.75, 7.75 ],
			"to": [ 2, 7.25, 8.25 ],
			"faces": {
				"down": { "uv": [ 0, 0, 0.1, 0.5 ], "texture": "#white_concrete" },
				"up": { "uv": [ 0, 0, 0.1, 0.5 ], "texture": "#white_concrete" },
				"north": { "uv": [ 0, 0, 0.1, 0.5 ], "texture": "#white_concrete" },
				"south": { "uv": [ 0, 0, 0.1, 0.5 ], "texture": "#white_concrete" },
				"west": { "uv": [ 0, 0, 0.5, 0.5 ], "texture": "#white_concrete" }
			}
		},
		{
			"from": [ 1.9, 7.75, 7 ],
			"to": [ 2, 8.25, 9 ],
			"faces": {
				"down": { "uv": [ 0, 0, 0.1, 2 ], "texture": "#white_concrete" },
				"up": { "uv": [ 0, 0, 0.1, 2 ], "texture": "#white_concrete" },
				"north": { "uv": [ 0, 0, 0.1, 0.5 ], "texture": "#white_concrete" },
				"south": { "uv": [ 0, 0, 0.1, 0.5 ], "texture": "#white_concrete" },
				"west": { "uv": [ 0, 0, 2, 0.5 ], "texture": "#white_concrete" }
			}
		},
		{
			"from": [ 1.9, 5.75, 7 ],
			"to": [ 2, 6.25, 9 ],
			"faces": {
				"down": { "uv": [ 0, 0, 0.1, 2 ], "texture": "#white_concrete" },
				"up": { "uv": [ 0, 0, 0.1, 2 ], "texture": "#white_concrete" },
				"north": { "uv": [ 0, 0, 0.1, 0.5 ], "texture": "#white_concrete" },
				"south": { "uv": [ 0, 0, 0.1, 0.5 ], "texture": "#white_concrete" },
				"west": { "uv": [ 0, 0, 2, 0.5 ], "texture": "#white_concrete" }
			}
		},
		{
			"from": [ 1.9, 6.25, 6.5 ],
			"to": [ 2, 7.75, 7 ],
			"faces": {
				"down": { "uv": [ 0, 0, 0.1, 0.5 ], "texture": "#white_concrete" },
				"up": { "uv": [ 0, 0, 0.1, 0.5 ], "texture": "#white_concrete" },
				"north": { "uv": [ 0, 0, 0.1, 1.5 ], "texture": "#white_concrete" },
				"south": { "uv": [ 0, 0, 0.1, 1.5 ], "texture": "#white_concrete" },
				"west": { "uv": [ 0, 0, 0.5, 1.5 ], "texture": "#white_concrete" }
			}
		},
		{
			"from": [ 1.9, 6.25, 9 ],
			"to": [ 2, 7.75, 9.5 ],
			"faces": {
				"down": { "uv": [ 0, 0, 0.1, 0.5 ], "texture": "#white_concrete" },
				"up": { "uv": [ 0, 0, 0.1, 0.5 ], "texture": "#white_concrete" },
				"north": { "uv": [ 0, 0, 0.1, 1.5 ], "texture": "#white_concrete" },
				"south": { "uv": [ 0, 0, 0.1, 1.5 ], "texture": "#white_concrete" },
				"west": { "uv": [ 0, 0, 0.5, 1.5 ], "texture": "#white_concrete" }
			}
		}
	],
	"display": {
		"thirdperson_righthand": {
			"rotation":  [ 60, -90, 0 ],
			"translation":  [ -6, 12, -6 ],
			"scale":  [ 2, 2, 2 ]
		},
		"thirdperson_lefthand": {
			"rotation":  [ 60, 90, 0 ],
			"translation":  [ -6, 12, -6 ],
			"scale":  [ 2, 2, 2 ]
		},
		"firstperson_righthand": {
			"rotation":  [ 0, -90, 0 ],
			"translation":  [ -8, -13.5, -36.86 ],
			"scale":  [ 4, 4, 4 ]
		},
		"firstperson_lefthand": {
			"rotation":  [ 0, -90, 0 ],
			"translation":  [ -8, -14, -30 ],
			"scale":  [ 4, 4, 4 ]
		},
		"gui": {
			"rotation":  [ 30, 45, 0 ],
			"translation":  [ 0, 1, 0 ]
		},
		"head": {
			"rotation":  [ 0, -90, 0 ],
			"translation":  [ 0, -20, 0 ],
			"scale":  [ 3, 3, 3 ]
		},
		"ground": {
			"translation":  [ 0, 3, 0 ]
		},
		"fixed": {
			"rotation":  [ 0, 180, 0 ]
		}
	}
}