{
	"__comment": "Model generated using MrCrayfish's Model Creator (https://mrcrayfish.com/tools?id=mc)",
	"textures": {
		"blue_stained_glass": "block/blue_concrete_powder",
		"white_concrete": "block/white_concrete",
		"light_gray_concrete": "block/light_gray_concrete",
		"particle": "block/brown_concrete_powder"
	},
	"elements": [
		{
			"from": [ 6.5, 0, 13 ],
			"to": [ 9.5, 5, 13.5 ],
			"faces": {
				"north": { "uv": [ 0, 0, 3, 5 ], "texture": "#white_concrete" },
				"south": { "uv": [ 0, 0, 3, 5 ], "texture": "#white_concrete" },
				"west": { "uv": [ 0, 0, 0.5, 5 ], "texture": "#white_concrete" },
				"east": { "uv": [ 0, 0, 0.5, 5 ], "texture": "#white_concrete" }
			}
		},
		{
			"from": [ 5.5, 0, 2 ],
			"to": [ 10.5, 0.5, 14 ],
			"faces": {
				"down": { "uv": [ 0, 0, 5, 12 ], "texture": "#white_concrete" },
				"up": { "uv": [ 0, 0, 5, 12 ], "texture": "#white_concrete" },
				"north": { "uv": [ 0, 0, 5, 0.5 ], "texture": "#white_concrete" },
				"south": { "uv": [ 0, 0, 5, 0.5 ], "texture": "#white_concrete" },
				"west": { "uv": [ 0, 0, 12, 0.5 ], "texture": "#white_concrete" },
				"east": { "uv": [ 0, 0, 12, 0.5 ], "texture": "#white_concrete" }
			}
		},
		{
			"from": [ 4, 6, 2 ],
			"to": [ 12, 11, 6 ],
			"faces": {
				"down": { "uv": [ 0, 0, 8, 4 ], "texture": "#white_concrete" },
				"north": { "uv": [ 0, 0, 8, 5 ], "texture": "#white_concrete" },
				"south": { "uv": [ 0, 0, 8, 5 ], "texture": "#white_concrete" },
				"west": { "uv": [ 0, 0, 4, 5 ], "texture": "#white_concrete" },
				"east": { "uv": [ 0, 0, 4, 5 ], "texture": "#white_concrete" }
			}
		},
		{
			"from": [ 3.75, 10.5, 1.75 ],
			"to": [ 12.25, 11.5, 6.25 ],
			"faces": {
				"down": { "uv": [ 0, 0, 8.5, 4.5 ], "texture": "#white_concrete" },
				"up": { "uv": [ 0, 0, 8.5, 4.5 ], "texture": "#white_concrete" },
				"north": { "uv": [ 0, 0, 8.5, 1 ], "texture": "#white_concrete" },
				"south": { "uv": [ 0, 0, 8.5, 1 ], "texture": "#white_concrete" },
				"west": { "uv": [ 0, 0, 4.5, 1 ], "texture": "#white_concrete" },
				"east": { "uv": [ 0, 0, 4.5, 1 ], "texture": "#white_concrete" }
			}
		},
		{
			"from": [ 5, 5, 6 ],
			"to": [ 6.2, 6, 13 ],
			"faces": {
				"down": { "uv": [ 0, 0, 1.2, 7 ], "texture": "#white_concrete" },
				"up": { "uv": [ 0, 0, 1.2, 7 ], "texture": "#white_concrete" },
				"north": { "uv": [ 0, 0, 1.2, 1 ], "texture": "#white_concrete" },
				"south": { "uv": [ 0, 0, 1.2, 1 ], "texture": "#white_concrete" },
				"west": { "uv": [ 0, 0, 7, 1 ], "texture": "#white_concrete" },
				"east": { "uv": [ 0, 0, 7, 1 ], "texture": "#white_concrete" }
			}
		},
		{
			"from": [ 3.5, 6.75, 4 ],
			"to": [ 4, 7.25, 5 ],
			"rotation": { "origin": [ 8, 8, 8 ], "axis": "x", "angle": 22.5 },
			"faces": {
				"down": { "uv": [ 0, 0, 0.5, 1 ], "texture": "#light_gray_concrete" },
				"up": { "uv": [ 0, 0, 0.5, 1 ], "texture": "#light_gray_concrete" },
				"north": { "uv": [ 0, 0, 0.5, 0.5 ], "texture": "#light_gray_concrete" },
				"south": { "uv": [ 0, 0, 0.5, 0.5 ], "texture": "#light_gray_concrete" },
				"west": { "uv": [ 0, 0, 1, 0.5 ], "texture": "#light_gray_concrete" },
				"east": { "uv": [ 0, 0, 1, 0.5 ], "texture": "#light_gray_concrete" }
			}
		},
		{
			"from": [ 3.5, 6.75, 3 ],
			"to": [ 4.5, 7.75, 4 ],
			"rotation": { "origin": [ 8, 8, 8 ], "axis": "x", "angle": 22.5 },
			"faces": {
				"down": { "uv": [ 0, 0, 1, 1 ], "texture": "#light_gray_concrete" },
				"up": { "uv": [ 0, 0, 1, 1 ], "texture": "#light_gray_concrete" },
				"north": { "uv": [ 0, 0, 1, 1 ], "texture": "#light_gray_concrete" },
				"south": { "uv": [ 0, 0, 1, 1 ], "texture": "#light_gray_concrete" },
				"west": { "uv": [ 0, 0, 1, 1 ], "texture": "#light_gray_concrete" },
				"east": { "uv": [ 0, 0, 1, 1 ], "texture": "#light_gray_concrete" }
			}
		},
		{
			"from": [ 7.25, 0, 4.5 ],
			"to": [ 8.75, 4, 10.5 ],
			"faces": {
				"up": { "uv": [ 0, 0, 1.5, 6 ], "texture": "#white_concrete" },
				"north": { "uv": [ 0, 0, 1.5, 4 ], "texture": "#white_concrete" },
				"west": { "uv": [ 0, 0, 6, 4 ], "texture": "#white_concrete" },
				"east": { "uv": [ 0, 0, 6, 4 ], "texture": "#white_concrete" }
			}
		},
		{
			"from": [ 7.9, 4.6, 1.99 ],
			"to": [ 10.9, 6.1, 5.99 ],
			"rotation": { "origin": [ 8, 8, 8 ], "axis": "z", "angle": 22.5 },
			"faces": {
				"down": { "uv": [ 0, 0, 3, 4 ], "texture": "#white_concrete" },
				"up": { "uv": [ 0, 0, 3, 4 ], "texture": "#white_concrete" },
				"north": { "uv": [ 0, 0, 3, 1.5 ], "texture": "#white_concrete" },
				"south": { "uv": [ 0, 0, 3, 1.5 ], "texture": "#white_concrete" },
				"west": { "uv": [ 0, 0, 4, 1.5 ], "texture": "#white_concrete" },
				"east": { "uv": [ 0, 0, 4, 1.5 ], "texture": "#white_concrete" }
			}
		},
		{
			"from": [ 4.9, 4.6, 1.99 ],
			"to": [ 7.9, 6.1, 5.99 ],
			"rotation": { "origin": [ 8, 8, 8 ], "axis": "z", "angle": 45 },
			"faces": {
				"down": { "uv": [ 0, 0, 3, 4 ], "texture": "#white_concrete" },
				"up": { "uv": [ 0, 0, 3, 4 ], "texture": "#white_concrete" },
				"north": { "uv": [ 0, 0, 3, 1.5 ], "texture": "#white_concrete" },
				"south": { "uv": [ 0, 0, 3, 1.5 ], "texture": "#white_concrete" },
				"west": { "uv": [ 0, 0, 4, 1.5 ], "texture": "#white_concrete" },
				"east": { "uv": [ 0, 0, 4, 1.5 ], "texture": "#white_concrete" }
			}
		},
		{
			"from": [ 5.07, 4.6, 1.99 ],
			"to": [ 8.07, 6.1, 5.99 ],
			"rotation": { "origin": [ 8, 8, 8 ], "axis": "z", "angle": -22.5 },
			"faces": {
				"down": { "uv": [ 0, 0, 3, 4 ], "texture": "#white_concrete" },
				"up": { "uv": [ 0, 0, 3, 4 ], "texture": "#white_concrete" },
				"north": { "uv": [ 0, 0, 3, 1.5 ], "texture": "#white_concrete" },
				"south": { "uv": [ 0, 0, 3, 1.5 ], "texture": "#white_concrete" },
				"west": { "uv": [ 0, 0, 4, 1.5 ], "texture": "#white_concrete" },
				"east": { "uv": [ 0, 0, 4, 1.5 ], "texture": "#white_concrete" }
			}
		},
		{
			"from": [ 8.099999, 4.6, 1.99 ],
			"to": [ 11.1, 6.1, 5.99 ],
			"rotation": { "origin": [ 8, 8, 8 ], "axis": "z", "angle": -45 },
			"faces": {
				"down": { "uv": [ 0, 0, 3, 4 ], "texture": "#white_concrete" },
				"up": { "uv": [ 0, 0, 3, 4 ], "texture": "#white_concrete" },
				"north": { "uv": [ 0, 0, 3, 1.5 ], "texture": "#white_concrete" },
				"south": { "uv": [ 0, 0, 3, 1.5 ], "texture": "#white_concrete" },
				"west": { "uv": [ 0, 0, 4, 1.5 ], "texture": "#white_concrete" },
				"east": { "uv": [ 0, 0, 4, 1.5 ], "texture": "#white_concrete" }
			}
		},
		{
			"from": [ 7, 1, 1.99 ],
			"to": [ 9, 6.5, 4.5 ],
			"faces": {
				"down": { "uv": [ 0, 0, 2, 2.51 ], "texture": "#white_concrete" },
				"up": { "uv": [ 0, 0, 2, 2.51 ], "texture": "#white_concrete" },
				"north": { "uv": [ 0, 0, 2, 5.5 ], "texture": "#white_concrete" },
				"south": { "uv": [ 0, 0, 2, 5.5 ], "texture": "#white_concrete" },
				"west": { "uv": [ 0, 0, 2.51, 5.5 ], "texture": "#white_concrete" },
				"east": { "uv": [ 0, 0, 2.51, 5.5 ], "texture": "#white_concrete" }
			}
		},
		{
			"from": [ 6, 0.5, 2 ],
			"to": [ 10, 1, 14 ],
			"faces": {
				"up": { "uv": [ 0, 0, 4, 12 ], "texture": "#white_concrete" },
				"north": { "uv": [ 0, 0, 4, 0.5 ], "texture": "#white_concrete" },
				"south": { "uv": [ 0, 0, 4, 0.5 ], "texture": "#white_concrete" },
				"west": { "uv": [ 0, 0, 12, 0.5 ], "texture": "#white_concrete" },
				"east": { "uv": [ 0, 0, 12, 0.5 ], "texture": "#white_concrete" }
			}
		},
		{
			"from": [ 6, 5, 13 ],
			"to": [ 10, 6, 14 ],
			"faces": {
				"down": { "uv": [ 0, 0, 4, 1 ], "texture": "#white_concrete" },
				"up": { "uv": [ 0, 0, 4, 1 ], "texture": "#white_concrete" },
				"north": { "uv": [ 0, 0, 4, 1 ], "texture": "#white_concrete" },
				"south": { "uv": [ 0, 0, 4, 1 ], "texture": "#white_concrete" },
				"west": { "uv": [ 0, 0, 1, 1 ], "texture": "#white_concrete" },
				"east": { "uv": [ 0, 0, 1, 1 ], "texture": "#white_concrete" }
			}
		},
		{
			"from": [ 9, 4, 5.99 ],
			"to": [ 12, 5, 12.99 ],
			"rotation": { "origin": [ 10, 3, 5 ], "axis": "z", "angle": 45 },
			"faces": {
				"down": { "uv": [ 0, 0, 3, 7 ], "texture": "#white_concrete" },
				"up": { "uv": [ 0, 0, 3, 7 ], "texture": "#white_concrete" },
				"north": { "uv": [ 0, 0, 3, 1 ], "texture": "#white_concrete" },
				"south": { "uv": [ 0, 0, 3, 1 ], "texture": "#white_concrete" },
				"west": { "uv": [ 0, 0, 7, 1 ], "texture": "#white_concrete" },
				"east": { "uv": [ 0, 0, 7, 1 ], "texture": "#white_concrete" }
			}
		},
		{
			"from": [ 5.4, 1.25, 5.99 ],
			"to": [ 8.4, 2.25, 12.99 ],
			"rotation": { "origin": [ 10, 3, 5 ], "axis": "z", "angle": -45 },
			"faces": {
				"down": { "uv": [ 0, 0, 3, 7 ], "texture": "#white_concrete" },
				"up": { "uv": [ 0, 0, 3, 7 ], "texture": "#white_concrete" },
				"north": { "uv": [ 0, 0, 3, 1 ], "texture": "#white_concrete" },
				"south": { "uv": [ 0, 0, 3, 1 ], "texture": "#white_concrete" },
				"west": { "uv": [ 0, 0, 7, 1 ], "texture": "#white_concrete" },
				"east": { "uv": [ 0, 0, 7, 1 ], "texture": "#white_concrete" }
			}
		},
		{
			"from": [ 10, 5, 6 ],
			"to": [ 11.2, 6, 13 ],
			"faces": {
				"down": { "uv": [ 0, 0, 1.2, 7 ], "texture": "#white_concrete" },
				"up": { "uv": [ 0, 0, 1.2, 7 ], "texture": "#white_concrete" },
				"north": { "uv": [ 0, 0, 1.2, 1 ], "texture": "#white_concrete" },
				"south": { "uv": [ 0, 0, 1.2, 1 ], "texture": "#white_concrete" },
				"west": { "uv": [ 0, 0, 7, 1 ], "texture": "#white_concrete" },
				"east": { "uv": [ 0, 0, 7, 1 ], "texture": "#white_concrete" }
			}
		},
		{
			"from": [ 6.5, 0, 10 ],
			"to": [ 9.5, 4, 13 ],
			"faces": {
				"up": { "uv": [ 0, 0, 3, 3 ], "texture": "#white_concrete" },
				"north": { "uv": [ 0, 0, 3, 4 ], "texture": "#white_concrete" },
				"west": { "uv": [ 0, 0, 3, 4 ], "texture": "#white_concrete" },
				"east": { "uv": [ 0, 0, 3, 4 ], "texture": "#white_concrete" }
			}
		},
		{
			"from": [ 7, 4.5, 6 ],
			"to": [ 9, 4.7, 13 ],
			"faces": {
				"down": { "uv": [ 0, 0, 2, 7 ], "texture": "#blue_stained_glass" },
				"up": { "uv": [ 2, 1, 4, 8 ], "texture": "#blue_stained_glass" },
				"north": { "uv": [ 3, 3, 5, 3.2 ], "texture": "#blue_stained_glass" },
				"west": { "uv": [ 0, 0, 7, 0.1999998 ], "texture": "#blue_stained_glass" },
				"east": { "uv": [ 0, 0, 7, 0.1999998 ], "texture": "#blue_stained_glass" }
			}
		},
		{
			"from": [ 7, 3, 5.49 ],
			"to": [ 9, 6.5, 5.99 ],
			"faces": {
				"down": { "uv": [ 0, 0, 2, 0.5 ], "texture": "#white_concrete" },
				"north": { "uv": [ 0, 0, 2, 3.5 ], "texture": "#white_concrete" },
				"south": { "uv": [ 0, 0, 2, 3.5 ], "texture": "#white_concrete" },
				"west": { "uv": [ 0, 0, 0.5, 3.5 ], "texture": "#white_concrete" },
				"east": { "uv": [ 0, 0, 0.5, 3.5 ], "texture": "#white_concrete" }
			}
		}
	],
	"display": {
		"firstperson_righthand": {
			"rotation":  [ 0, 315, 0 ],
			"translation":  [ 0, 8, 0 ]
		},
		"firstperson_lefthand": {
			"rotation":  [ 0, 315, 0 ],
			"translation":  [ 0, 8, 0 ]
		},
		"gui": {
			"rotation":  [ 30, 45, 0 ],
			"translation":  [ 0, 2, 0 ]
		},
		"head": {
			"rotation":  [ 0, 180, 0 ],
			"translation":  [ 0, 16.8, -7 ],
			"scale":  [ 3, 3, 3 ]
		},
		"ground": {
			"translation":  [ 0, 3, 0 ]
		},
		"fixed": {
			"rotation":  [ 0, 180, 0 ],
			"translation":  [ 0, 19, -25 ],
			"scale":  [ 5, 5, 5 ]
		}
	}
}